[2025-07-17 15:35:19] DEBUG - PINN - Using device: cuda
[2025-07-17 15:35:19] INFO - PINN - Geometry parameters: lx=22.500, ly=22.500, lz=15.000
[2025-07-17 15:35:19] INFO - PINN - NN architecture layers: MLP(
  (mlp): Sequential(
    (0): Linear(in_features=3, out_features=50, bias=True)
    (1): Tanh()
    (2): Linear(in_features=50, out_features=50, bias=True)
    (3): Tanh()
    (4): Linear(in_features=50, out_features=50, bias=True)
    (5): Tanh()
    (6): Linear(in_features=50, out_features=50, bias=True)
    (7): Tanh()
    (8): Linear(in_features=50, out_features=50, bias=True)
    (9): Tanh()
    (10): Linear(in_features=50, out_features=50, bias=True)
    (11): Tanh()
    (12): Linear(in_features=50, out_features=50, bias=True)
    (13): Tanh()
    (14): Linear(in_features=50, out_features=50, bias=True)
    (15): Tanh()
    (16): Linear(in_features=50, out_features=50, bias=True)
    (17): Tanh()
    (18): Linear(in_features=50, out_features=50, bias=True)
    (19): Tanh()
    (20): Linear(in_features=50, out_features=50, bias=True)
    (21): Tanh()
    (22): Linear(in_features=50, out_features=50, bias=True)
    (23): Tanh()
    (24): Linear(in_features=50, out_features=50, bias=True)
    (25): Tanh()
    (26): Linear(in_features=50, out_features=50, bias=True)
    (27): Tanh()
    (28): Linear(in_features=50, out_features=50, bias=True)
    (29): Tanh()
    (30): Linear(in_features=50, out_features=9, bias=True)
  )
)
[2025-07-17 15:35:19] INFO - PINN - PDE material: E=1.000, nu=0.250
[2025-07-17 15:35:19] INFO - PINN - Contact BC pressure: -1.000 from layer 11
[2025-07-17 15:35:22] DEBUG - PINN - Starting Adam training for layer 10 (1000 epochs, lr=1.0e-03)
[2025-07-17 15:35:22] DEBUG - PINN - Point counts: inside=512, top=256, bottom=256, front=256, back=256, right=256, left=256
[2025-07-17 15:35:22] DEBUG - PINN - Inside points shape: (512, 3)
[2025-07-17 15:35:22] DEBUG - PINN - Top points shape:    (256, 3)
[2025-07-17 15:35:22] DEBUG - PINN - Bottom points shape: (256, 3)
[2025-07-17 15:35:22] DEBUG - PINN - Front points shape:  (256, 3)
[2025-07-17 15:35:22] DEBUG - PINN - Back points shape:   (256, 3)
[2025-07-17 15:35:22] DEBUG - PINN - Right points shape:  (256, 3)
[2025-07-17 15:35:22] DEBUG - PINN - Left points shape:   (256, 3)
[2025-07-17 15:35:27] DEBUG - PINN - Epoch 50 PDE terms: [1: 2.773e-04, 2: 9.195e-04, 3: 7.039e-03, 4: 7.858e-04, 5: 1.802e-04, 6: 1.447e-02, 7: 2.110e-04, 8: 1.428e-02, 9: 4.450e-03]
[2025-07-17 15:35:27] DEBUG - PINN - Epoch  50 boundary top    loss: 1.303e-02 | szz=pressure: 1.219e-02, syz=0: 8.182e-05, szx=0: 7.582e-04
[2025-07-17 15:35:27] DEBUG - PINN - Epoch  50 boundary front  loss: 4.981e-03 | sxx=0: 4.619e-03, sxy=0: 1.045e-04, szx=0: 2.579e-04
[2025-07-17 15:35:27] DEBUG - PINN - Epoch  50 boundary back   loss: 9.315e-04 | u=0: 7.774e-04, sxy=0: 5.352e-05, szx=0: 1.006e-04
[2025-07-17 15:35:27] DEBUG - PINN - Epoch  50 boundary right  loss: 4.385e-03 | syy=0: 4.004e-03, sxy=0: 9.732e-05, syz=0: 2.836e-04
[2025-07-17 15:35:27] DEBUG - PINN - Epoch  50 boundary left   loss: 3.302e-04 | v=0: 2.521e-04, sxy=0: 1.077e-05, syz=0: 6.727e-05
[2025-07-17 15:35:27] DEBUG - PINN - Epoch  50 boundary bottom loss: 1.798e-02 | gn=0: 9.068e-03, t1=0: 6.963e-03, t2=0: 1.953e-03
[2025-07-17 15:35:27] DEBUG - PINN - Epoch 50 TOTALS -> PDE: 4.261e-02, Bcs: 4.164e-02, LOSS: 8.425e-02
[2025-07-17 15:35:31] DEBUG - PINN - Epoch 100 PDE terms: [1: 1.411e-03, 2: 1.113e-03, 3: 4.367e-03, 4: 3.923e-04, 5: 2.907e-04, 6: 1.344e-02, 7: 3.949e-05, 8: 9.076e-03, 9: 8.603e-03]
[2025-07-17 15:35:31] DEBUG - PINN - Epoch 100 boundary top    loss: 3.335e-03 | szz=pressure: 3.014e-03, syz=0: 1.284e-04, szx=0: 1.923e-04
[2025-07-17 15:35:31] DEBUG - PINN - Epoch 100 boundary front  loss: 3.067e-03 | sxx=0: 2.905e-03, sxy=0: 1.727e-05, szx=0: 1.447e-04
[2025-07-17 15:35:31] DEBUG - PINN - Epoch 100 boundary back   loss: 3.304e-04 | u=0: 1.949e-04, sxy=0: 2.574e-05, szx=0: 1.097e-04
[2025-07-17 15:35:31] DEBUG - PINN - Epoch 100 boundary right  loss: 3.001e-03 | syy=0: 2.855e-03, sxy=0: 2.351e-05, syz=0: 1.225e-04
[2025-07-17 15:35:31] DEBUG - PINN - Epoch 100 boundary left   loss: 1.622e-04 | v=0: 1.768e-05, sxy=0: 5.152e-06, syz=0: 1.394e-04
[2025-07-17 15:35:31] DEBUG - PINN - Epoch 100 boundary bottom loss: 1.266e-02 | gn=0: 4.354e-03, t1=0: 4.478e-03, t2=0: 3.825e-03
[2025-07-17 15:35:31] DEBUG - PINN - Epoch 100 TOTALS -> PDE: 3.874e-02, Bcs: 2.255e-02, LOSS: 6.129e-02
[2025-07-17 15:35:35] DEBUG - PINN - Epoch 150 PDE terms: [1: 1.211e-03, 2: 9.071e-04, 3: 3.407e-03, 4: 5.350e-04, 5: 3.921e-04, 6: 7.078e-03, 7: 1.325e-05, 8: 7.781e-03, 9: 7.423e-03]
[2025-07-17 15:35:35] DEBUG - PINN - Epoch 150 boundary top    loss: 1.231e-02 | szz=pressure: 1.177e-02, syz=0: 2.146e-04, szx=0: 3.287e-04
[2025-07-17 15:35:35] DEBUG - PINN - Epoch 150 boundary front  loss: 2.022e-03 | sxx=0: 1.377e-03, sxy=0: 5.253e-06, szx=0: 6.392e-04
[2025-07-17 15:35:35] DEBUG - PINN - Epoch 150 boundary back   loss: 4.758e-04 | u=0: 1.523e-04, sxy=0: 2.104e-05, szx=0: 3.024e-04
[2025-07-17 15:35:35] DEBUG - PINN - Epoch 150 boundary right  loss: 1.707e-03 | syy=0: 1.233e-03, sxy=0: 1.642e-05, syz=0: 4.579e-04
[2025-07-17 15:35:35] DEBUG - PINN - Epoch 150 boundary left   loss: 4.036e-04 | v=0: 6.167e-05, sxy=0: 1.570e-05, syz=0: 3.262e-04
[2025-07-17 15:35:35] DEBUG - PINN - Epoch 150 boundary bottom loss: 1.195e-02 | gn=0: 4.536e-03, t1=0: 3.914e-03, t2=0: 3.503e-03
[2025-07-17 15:35:35] DEBUG - PINN - Epoch 150 TOTALS -> PDE: 2.875e-02, Bcs: 2.887e-02, LOSS: 5.762e-02
[2025-07-17 15:35:40] DEBUG - PINN - Epoch 200 PDE terms: [1: 7.045e-04, 2: 5.416e-04, 3: 3.530e-03, 4: 4.565e-04, 5: 3.618e-04, 6: 1.337e-02, 7: 3.847e-05, 8: 8.206e-03, 9: 7.544e-03]
[2025-07-17 15:35:40] DEBUG - PINN - Epoch 200 boundary top    loss: 2.342e-03 | szz=pressure: 1.479e-03, syz=0: 3.422e-04, szx=0: 5.207e-04
[2025-07-17 15:35:40] DEBUG - PINN - Epoch 200 boundary front  loss: 1.950e-03 | sxx=0: 1.100e-03, sxy=0: 1.348e-05, szx=0: 8.361e-04
[2025-07-17 15:35:40] DEBUG - PINN - Epoch 200 boundary back   loss: 7.637e-04 | u=0: 1.796e-04, sxy=0: 2.112e-05, szx=0: 5.629e-04
[2025-07-17 15:35:40] DEBUG - PINN - Epoch 200 boundary right  loss: 1.490e-03 | syy=0: 8.007e-04, sxy=0: 2.031e-05, syz=0: 6.687e-04
[2025-07-17 15:35:40] DEBUG - PINN - Epoch 200 boundary left   loss: 6.421e-04 | v=0: 8.051e-05, sxy=0: 1.836e-05, syz=0: 5.433e-04
[2025-07-17 15:35:40] DEBUG - PINN - Epoch 200 boundary bottom loss: 1.189e-02 | gn=0: 3.544e-03, t1=0: 4.449e-03, t2=0: 3.897e-03
[2025-07-17 15:35:40] DEBUG - PINN - Epoch 200 TOTALS -> PDE: 3.475e-02, Bcs: 1.908e-02, LOSS: 5.383e-02
[2025-07-17 15:35:44] DEBUG - PINN - Epoch 250 PDE terms: [1: 3.910e-04, 2: 3.052e-04, 3: 3.208e-03, 4: 4.646e-04, 5: 3.652e-04, 6: 1.424e-02, 7: 5.641e-05, 8: 7.866e-03, 9: 7.904e-03]
[2025-07-17 15:35:44] DEBUG - PINN - Epoch 250 boundary top    loss: 2.259e-03 | szz=pressure: 1.342e-03, syz=0: 3.603e-04, szx=0: 5.564e-04
[2025-07-17 15:35:44] DEBUG - PINN - Epoch 250 boundary front  loss: 1.651e-03 | sxx=0: 8.193e-04, sxy=0: 1.745e-05, szx=0: 8.143e-04
[2025-07-17 15:35:44] DEBUG - PINN - Epoch 250 boundary back   loss: 7.159e-04 | u=0: 1.483e-04, sxy=0: 1.862e-05, szx=0: 5.490e-04
[2025-07-17 15:35:44] DEBUG - PINN - Epoch 250 boundary right  loss: 1.277e-03 | syy=0: 5.404e-04, sxy=0: 1.691e-05, syz=0: 7.195e-04
[2025-07-17 15:35:44] DEBUG - PINN - Epoch 250 boundary left   loss: 6.371e-04 | v=0: 6.852e-05, sxy=0: 1.358e-05, syz=0: 5.550e-04
[2025-07-17 15:35:44] DEBUG - PINN - Epoch 250 boundary bottom loss: 1.117e-02 | gn=0: 3.198e-03, t1=0: 4.192e-03, t2=0: 3.779e-03
[2025-07-17 15:35:44] DEBUG - PINN - Epoch 250 TOTALS -> PDE: 3.480e-02, Bcs: 1.771e-02, LOSS: 5.251e-02
[2025-07-17 15:35:48] DEBUG - PINN - Epoch 300 PDE terms: [1: 2.278e-04, 2: 2.309e-04, 3: 3.238e-03, 4: 4.665e-04, 5: 3.382e-04, 6: 1.443e-02, 7: 8.405e-05, 8: 8.266e-03, 9: 8.041e-03]
[2025-07-17 15:35:48] DEBUG - PINN - Epoch 300 boundary top    loss: 1.936e-03 | szz=pressure: 9.547e-04, syz=0: 3.839e-04, szx=0: 5.971e-04
[2025-07-17 15:35:48] DEBUG - PINN - Epoch 300 boundary front  loss: 1.394e-03 | sxx=0: 5.590e-04, sxy=0: 1.732e-05, szx=0: 8.175e-04
[2025-07-17 15:35:48] DEBUG - PINN - Epoch 300 boundary back   loss: 6.822e-04 | u=0: 1.183e-04, sxy=0: 2.062e-05, szx=0: 5.432e-04
[2025-07-17 15:35:48] DEBUG - PINN - Epoch 300 boundary right  loss: 1.120e-03 | syy=0: 3.685e-04, sxy=0: 1.866e-05, syz=0: 7.333e-04
[2025-07-17 15:35:48] DEBUG - PINN - Epoch 300 boundary left   loss: 6.307e-04 | v=0: 6.749e-05, sxy=0: 1.041e-05, syz=0: 5.528e-04
[2025-07-17 15:35:48] DEBUG - PINN - Epoch 300 boundary bottom loss: 1.049e-02 | gn=0: 2.948e-03, t1=0: 3.942e-03, t2=0: 3.598e-03
[2025-07-17 15:35:48] DEBUG - PINN - Epoch 300 TOTALS -> PDE: 3.533e-02, Bcs: 1.625e-02, LOSS: 5.158e-02
[2025-07-17 15:35:53] DEBUG - PINN - Epoch 350 PDE terms: [1: 1.607e-04, 2: 1.943e-04, 3: 4.038e-03, 4: 4.259e-04, 5: 3.232e-04, 6: 1.814e-02, 7: 1.217e-04, 8: 8.112e-03, 9: 8.270e-03]
[2025-07-17 15:35:53] DEBUG - PINN - Epoch 350 boundary top    loss: 1.226e-03 | szz=pressure: 2.997e-04, syz=0: 3.691e-04, szx=0: 5.572e-04
[2025-07-17 15:35:53] DEBUG - PINN - Epoch 350 boundary front  loss: 1.209e-03 | sxx=0: 4.487e-04, sxy=0: 1.881e-05, szx=0: 7.420e-04
[2025-07-17 15:35:53] DEBUG - PINN - Epoch 350 boundary back   loss: 6.863e-04 | u=0: 1.425e-04, sxy=0: 2.362e-05, szx=0: 5.201e-04
[2025-07-17 15:35:53] DEBUG - PINN - Epoch 350 boundary right  loss: 1.091e-03 | syy=0: 3.296e-04, sxy=0: 1.840e-05, syz=0: 7.429e-04
[2025-07-17 15:35:53] DEBUG - PINN - Epoch 350 boundary left   loss: 5.689e-04 | v=0: 8.582e-05, sxy=0: 1.329e-05, syz=0: 4.698e-04
[2025-07-17 15:35:53] DEBUG - PINN - Epoch 350 boundary bottom loss: 9.227e-03 | gn=0: 2.703e-03, t1=0: 3.380e-03, t2=0: 3.144e-03
[2025-07-17 15:35:53] DEBUG - PINN - Epoch 350 TOTALS -> PDE: 3.978e-02, Bcs: 1.401e-02, LOSS: 5.379e-02
[2025-07-17 15:35:57] DEBUG - PINN - Epoch 400 PDE terms: [1: 1.134e-04, 2: 1.546e-04, 3: 2.919e-03, 4: 3.627e-04, 5: 2.194e-04, 6: 8.994e-03, 7: 1.420e-04, 8: 8.691e-03, 9: 8.462e-03]
[2025-07-17 15:35:57] DEBUG - PINN - Epoch 400 boundary top    loss: 5.755e-03 | szz=pressure: 4.877e-03, syz=0: 3.508e-04, szx=0: 5.275e-04
[2025-07-17 15:35:57] DEBUG - PINN - Epoch 400 boundary front  loss: 9.860e-04 | sxx=0: 1.954e-04, sxy=0: 1.460e-05, szx=0: 7.760e-04
[2025-07-17 15:35:57] DEBUG - PINN - Epoch 400 boundary back   loss: 5.693e-04 | u=0: 7.834e-05, sxy=0: 1.896e-05, szx=0: 4.720e-04
[2025-07-17 15:35:57] DEBUG - PINN - Epoch 400 boundary right  loss: 8.269e-04 | syy=0: 1.701e-04, sxy=0: 1.696e-05, syz=0: 6.399e-04
[2025-07-17 15:35:57] DEBUG - PINN - Epoch 400 boundary left   loss: 6.545e-04 | v=0: 6.753e-05, sxy=0: 1.125e-05, syz=0: 5.757e-04
[2025-07-17 15:35:57] DEBUG - PINN - Epoch 400 boundary bottom loss: 8.756e-03 | gn=0: 2.708e-03, t1=0: 3.119e-03, t2=0: 2.929e-03
[2025-07-17 15:35:57] DEBUG - PINN - Epoch 400 TOTALS -> PDE: 3.006e-02, Bcs: 1.755e-02, LOSS: 4.761e-02
[2025-07-17 15:36:01] DEBUG - PINN - Epoch 450 PDE terms: [1: 1.103e-04, 2: 1.428e-04, 3: 3.721e-03, 4: 4.187e-04, 5: 2.222e-04, 6: 1.461e-02, 7: 1.632e-04, 8: 8.545e-03, 9: 8.732e-03]
[2025-07-17 15:36:01] DEBUG - PINN - Epoch 450 boundary top    loss: 9.947e-04 | szz=pressure: 1.596e-04, syz=0: 3.424e-04, szx=0: 4.928e-04
[2025-07-17 15:36:01] DEBUG - PINN - Epoch 450 boundary front  loss: 1.029e-03 | sxx=0: 2.638e-04, sxy=0: 1.554e-05, szx=0: 7.501e-04
[2025-07-17 15:36:01] DEBUG - PINN - Epoch 450 boundary back   loss: 6.301e-04 | u=0: 1.069e-04, sxy=0: 1.989e-05, szx=0: 5.033e-04
[2025-07-17 15:36:01] DEBUG - PINN - Epoch 450 boundary right  loss: 9.419e-04 | syy=0: 2.311e-04, sxy=0: 1.624e-05, syz=0: 6.945e-04
[2025-07-17 15:36:01] DEBUG - PINN - Epoch 450 boundary left   loss: 5.971e-04 | v=0: 6.120e-05, sxy=0: 1.402e-05, syz=0: 5.218e-04
[2025-07-17 15:36:02] DEBUG - PINN - Epoch 450 boundary bottom loss: 8.042e-03 | gn=0: 2.618e-03, t1=0: 2.788e-03, t2=0: 2.635e-03
[2025-07-17 15:36:02] DEBUG - PINN - Epoch 450 TOTALS -> PDE: 3.667e-02, Bcs: 1.223e-02, LOSS: 4.890e-02
[2025-07-17 15:36:06] DEBUG - PINN - Epoch 500 PDE terms: [1: 1.122e-04, 2: 1.397e-04, 3: 3.320e-03, 4: 4.572e-04, 5: 2.130e-04, 6: 1.368e-02, 7: 1.996e-04, 8: 9.129e-03, 9: 9.486e-03]
[2025-07-17 15:36:06] DEBUG - PINN - Epoch 500 boundary top    loss: 1.131e-03 | szz=pressure: 2.856e-04, syz=0: 3.541e-04, szx=0: 4.909e-04
[2025-07-17 15:36:06] DEBUG - PINN - Epoch 500 boundary front  loss: 1.026e-03 | sxx=0: 2.895e-04, sxy=0: 1.792e-05, szx=0: 7.187e-04
[2025-07-17 15:36:06] DEBUG - PINN - Epoch 500 boundary back   loss: 6.085e-04 | u=0: 1.109e-04, sxy=0: 1.981e-05, szx=0: 4.778e-04
[2025-07-17 15:36:06] DEBUG - PINN - Epoch 500 boundary right  loss: 9.470e-04 | syy=0: 2.659e-04, sxy=0: 1.618e-05, syz=0: 6.649e-04
[2025-07-17 15:36:06] DEBUG - PINN - Epoch 500 boundary left   loss: 5.943e-04 | v=0: 7.107e-05, sxy=0: 1.594e-05, syz=0: 5.073e-04
[2025-07-17 15:36:06] DEBUG - PINN - Epoch 500 boundary bottom loss: 8.360e-03 | gn=0: 2.790e-03, t1=0: 2.865e-03, t2=0: 2.705e-03
[2025-07-17 15:36:06] DEBUG - PINN - Epoch 500 TOTALS -> PDE: 3.674e-02, Bcs: 1.267e-02, LOSS: 4.940e-02
[2025-07-17 15:36:10] DEBUG - PINN - Epoch 550 PDE terms: [1: 9.683e-05, 2: 1.213e-04, 3: 2.682e-03, 4: 3.318e-04, 5: 1.374e-04, 6: 7.915e-03, 7: 2.009e-04, 8: 9.037e-03, 9: 9.581e-03]
[2025-07-17 15:36:10] DEBUG - PINN - Epoch 550 boundary top    loss: 4.798e-03 | szz=pressure: 3.969e-03, syz=0: 3.510e-04, szx=0: 4.778e-04
[2025-07-17 15:36:10] DEBUG - PINN - Epoch 550 boundary front  loss: 9.367e-04 | sxx=0: 1.178e-04, sxy=0: 1.621e-05, szx=0: 8.026e-04
[2025-07-17 15:36:10] DEBUG - PINN - Epoch 550 boundary back   loss: 5.527e-04 | u=0: 8.258e-05, sxy=0: 1.599e-05, szx=0: 4.541e-04
[2025-07-17 15:36:10] DEBUG - PINN - Epoch 550 boundary right  loss: 8.228e-04 | syy=0: 1.226e-04, sxy=0: 1.479e-05, syz=0: 6.855e-04
[2025-07-17 15:36:10] DEBUG - PINN - Epoch 550 boundary left   loss: 6.127e-04 | v=0: 5.876e-05, sxy=0: 1.339e-05, syz=0: 5.405e-04
[2025-07-17 15:36:10] DEBUG - PINN - Epoch 550 boundary bottom loss: 8.645e-03 | gn=0: 3.194e-03, t1=0: 2.871e-03, t2=0: 2.579e-03
[2025-07-17 15:36:10] DEBUG - PINN - Epoch 550 TOTALS -> PDE: 3.010e-02, Bcs: 1.637e-02, LOSS: 4.647e-02
[2025-07-17 15:36:14] DEBUG - PINN - Epoch 600 PDE terms: [1: 9.032e-05, 2: 1.117e-04, 3: 3.152e-03, 4: 3.175e-04, 5: 1.358e-04, 6: 1.185e-02, 7: 1.879e-04, 8: 9.008e-03, 9: 9.460e-03]
[2025-07-17 15:36:14] DEBUG - PINN - Epoch 600 boundary top    loss: 1.521e-03 | szz=pressure: 7.228e-04, syz=0: 3.337e-04, szx=0: 4.647e-04
[2025-07-17 15:36:14] DEBUG - PINN - Epoch 600 boundary front  loss: 9.009e-04 | sxx=0: 1.451e-04, sxy=0: 1.675e-05, szx=0: 7.391e-04
[2025-07-17 15:36:14] DEBUG - PINN - Epoch 600 boundary back   loss: 5.958e-04 | u=0: 7.816e-05, sxy=0: 1.430e-05, szx=0: 5.033e-04
[2025-07-17 15:36:14] DEBUG - PINN - Epoch 600 boundary right  loss: 8.668e-04 | syy=0: 1.630e-04, sxy=0: 1.512e-05, syz=0: 6.887e-04
[2025-07-17 15:36:14] DEBUG - PINN - Epoch 600 boundary left   loss: 6.025e-04 | v=0: 5.069e-05, sxy=0: 1.373e-05, syz=0: 5.381e-04
[2025-07-17 15:36:14] DEBUG - PINN - Epoch 600 boundary bottom loss: 7.373e-03 | gn=0: 2.560e-03, t1=0: 2.540e-03, t2=0: 2.273e-03
[2025-07-17 15:36:14] DEBUG - PINN - Epoch 600 TOTALS -> PDE: 3.432e-02, Bcs: 1.186e-02, LOSS: 4.618e-02
[2025-07-17 15:36:19] DEBUG - PINN - Epoch 650 PDE terms: [1: 7.483e-05, 2: 9.958e-05, 3: 2.420e-03, 4: 2.786e-04, 5: 1.266e-04, 6: 7.680e-03, 7: 1.945e-04, 8: 8.955e-03, 9: 9.230e-03]
[2025-07-17 15:36:19] DEBUG - PINN - Epoch 650 boundary top    loss: 7.583e-03 | szz=pressure: 6.861e-03, syz=0: 3.069e-04, szx=0: 4.153e-04
[2025-07-17 15:36:19] DEBUG - PINN - Epoch 650 boundary front  loss: 8.511e-04 | sxx=0: 1.105e-04, sxy=0: 1.419e-05, szx=0: 7.265e-04
[2025-07-17 15:36:19] DEBUG - PINN - Epoch 650 boundary back   loss: 5.675e-04 | u=0: 7.983e-05, sxy=0: 1.413e-05, szx=0: 4.735e-04
[2025-07-17 15:36:19] DEBUG - PINN - Epoch 650 boundary right  loss: 8.015e-04 | syy=0: 1.356e-04, sxy=0: 1.198e-05, syz=0: 6.538e-04
[2025-07-17 15:36:19] DEBUG - PINN - Epoch 650 boundary left   loss: 6.171e-04 | v=0: 6.332e-05, sxy=0: 1.217e-05, syz=0: 5.416e-04
[2025-07-17 15:36:19] DEBUG - PINN - Epoch 650 boundary bottom loss: 6.974e-03 | gn=0: 2.449e-03, t1=0: 2.381e-03, t2=0: 2.144e-03
[2025-07-17 15:36:19] DEBUG - PINN - Epoch 650 TOTALS -> PDE: 2.906e-02, Bcs: 1.739e-02, LOSS: 4.645e-02
[2025-07-17 15:36:23] DEBUG - PINN - Epoch 700 PDE terms: [1: 1.223e-04, 2: 1.030e-04, 3: 5.378e-03, 4: 8.603e-04, 5: 4.333e-04, 6: 1.506e-02, 7: 2.889e-04, 8: 9.230e-03, 9: 9.987e-03]
[2025-07-17 15:36:23] DEBUG - PINN - Epoch 700 boundary top    loss: 8.887e-04 | szz=pressure: 1.828e-04, syz=0: 3.013e-04, szx=0: 4.047e-04
[2025-07-17 15:36:23] DEBUG - PINN - Epoch 700 boundary front  loss: 8.927e-04 | sxx=0: 1.702e-04, sxy=0: 1.297e-05, szx=0: 7.095e-04
[2025-07-17 15:36:23] DEBUG - PINN - Epoch 700 boundary back   loss: 6.442e-04 | u=0: 1.432e-04, sxy=0: 1.262e-05, szx=0: 4.884e-04
[2025-07-17 15:36:23] DEBUG - PINN - Epoch 700 boundary right  loss: 8.825e-04 | syy=0: 1.454e-04, sxy=0: 1.409e-05, syz=0: 7.230e-04
[2025-07-17 15:36:23] DEBUG - PINN - Epoch 700 boundary left   loss: 5.966e-04 | v=0: 6.306e-05, sxy=0: 1.190e-05, syz=0: 5.216e-04
[2025-07-17 15:36:23] DEBUG - PINN - Epoch 700 boundary bottom loss: 6.318e-03 | gn=0: 1.431e-03, t1=0: 2.476e-03, t2=0: 2.411e-03
[2025-07-17 15:36:23] DEBUG - PINN - Epoch 700 TOTALS -> PDE: 4.146e-02, Bcs: 1.022e-02, LOSS: 5.169e-02
[2025-07-17 15:36:27] DEBUG - PINN - Epoch 750 PDE terms: [1: 1.001e-04, 2: 8.214e-05, 3: 2.439e-03, 4: 2.568e-04, 5: 1.729e-04, 6: 6.919e-03, 7: 1.804e-04, 8: 9.057e-03, 9: 9.565e-03]
[2025-07-17 15:36:27] DEBUG - PINN - Epoch 750 boundary top    loss: 7.110e-03 | szz=pressure: 6.406e-03, syz=0: 2.862e-04, szx=0: 4.178e-04
[2025-07-17 15:36:27] DEBUG - PINN - Epoch 750 boundary front  loss: 9.028e-04 | sxx=0: 1.562e-04, sxy=0: 1.376e-05, szx=0: 7.329e-04
[2025-07-17 15:36:27] DEBUG - PINN - Epoch 750 boundary back   loss: 6.558e-04 | u=0: 5.381e-05, sxy=0: 1.403e-05, szx=0: 5.880e-04
[2025-07-17 15:36:27] DEBUG - PINN - Epoch 750 boundary right  loss: 8.993e-04 | syy=0: 1.985e-04, sxy=0: 1.379e-05, syz=0: 6.870e-04
[2025-07-17 15:36:27] DEBUG - PINN - Epoch 750 boundary left   loss: 6.976e-04 | v=0: 4.326e-05, sxy=0: 1.226e-05, syz=0: 6.421e-04
[2025-07-17 15:36:27] DEBUG - PINN - Epoch 750 boundary bottom loss: 6.971e-03 | gn=0: 2.663e-03, t1=0: 2.311e-03, t2=0: 1.997e-03
[2025-07-17 15:36:27] DEBUG - PINN - Epoch 750 TOTALS -> PDE: 2.877e-02, Bcs: 1.724e-02, LOSS: 4.601e-02
[2025-07-17 15:36:31] DEBUG - PINN - Epoch 800 PDE terms: [1: 1.344e-04, 2: 1.402e-04, 3: 3.009e-03, 4: 3.025e-04, 5: 2.115e-04, 6: 1.425e-02, 7: 1.849e-04, 8: 9.082e-03, 9: 1.001e-02]
[2025-07-17 15:36:31] DEBUG - PINN - Epoch 800 boundary top    loss: 1.095e-03 | szz=pressure: 3.237e-04, syz=0: 3.211e-04, szx=0: 4.506e-04
[2025-07-17 15:36:31] DEBUG - PINN - Epoch 800 boundary front  loss: 1.084e-03 | sxx=0: 2.927e-04, sxy=0: 1.376e-05, szx=0: 7.777e-04
[2025-07-17 15:36:31] DEBUG - PINN - Epoch 800 boundary back   loss: 6.807e-04 | u=0: 6.164e-05, sxy=0: 1.459e-05, szx=0: 6.045e-04
[2025-07-17 15:36:31] DEBUG - PINN - Epoch 800 boundary right  loss: 1.137e-03 | syy=0: 3.245e-04, sxy=0: 1.532e-05, syz=0: 7.970e-04
[2025-07-17 15:36:31] DEBUG - PINN - Epoch 800 boundary left   loss: 6.157e-04 | v=0: 3.439e-05, sxy=0: 1.194e-05, syz=0: 5.693e-04
[2025-07-17 15:36:31] DEBUG - PINN - Epoch 800 boundary bottom loss: 6.611e-03 | gn=0: 2.420e-03, t1=0: 2.229e-03, t2=0: 1.963e-03
[2025-07-17 15:36:31] DEBUG - PINN - Epoch 800 TOTALS -> PDE: 3.733e-02, Bcs: 1.122e-02, LOSS: 4.855e-02
[2025-07-17 15:36:36] DEBUG - PINN - Epoch 850 PDE terms: [1: 1.017e-04, 2: 9.185e-05, 3: 2.677e-03, 4: 2.168e-04, 5: 1.623e-04, 6: 1.211e-02, 7: 1.770e-04, 8: 9.074e-03, 9: 9.351e-03]
[2025-07-17 15:36:36] DEBUG - PINN - Epoch 850 boundary top    loss: 9.344e-04 | szz=pressure: 2.772e-04, syz=0: 2.617e-04, szx=0: 3.954e-04
[2025-07-17 15:36:36] DEBUG - PINN - Epoch 850 boundary front  loss: 8.807e-04 | sxx=0: 1.175e-04, sxy=0: 1.224e-05, szx=0: 7.510e-04
[2025-07-17 15:36:36] DEBUG - PINN - Epoch 850 boundary back   loss: 6.096e-04 | u=0: 4.615e-05, sxy=0: 1.311e-05, szx=0: 5.504e-04
[2025-07-17 15:36:36] DEBUG - PINN - Epoch 850 boundary right  loss: 7.703e-04 | syy=0: 1.388e-04, sxy=0: 1.371e-05, syz=0: 6.178e-04
[2025-07-17 15:36:36] DEBUG - PINN - Epoch 850 boundary left   loss: 7.306e-04 | v=0: 4.950e-05, sxy=0: 9.632e-06, syz=0: 6.715e-04
[2025-07-17 15:36:36] DEBUG - PINN - Epoch 850 boundary bottom loss: 6.338e-03 | gn=0: 2.646e-03, t1=0: 2.005e-03, t2=0: 1.687e-03
[2025-07-17 15:36:36] DEBUG - PINN - Epoch 850 TOTALS -> PDE: 3.396e-02, Bcs: 1.026e-02, LOSS: 4.423e-02
[2025-07-17 15:36:40] DEBUG - PINN - Epoch 900 PDE terms: [1: 9.774e-05, 2: 7.212e-05, 3: 2.603e-03, 4: 2.165e-04, 5: 1.899e-04, 6: 6.635e-03, 7: 1.668e-04, 8: 9.299e-03, 9: 9.537e-03]
[2025-07-17 15:36:40] DEBUG - PINN - Epoch 900 boundary top    loss: 4.572e-03 | szz=pressure: 3.970e-03, syz=0: 2.363e-04, szx=0: 3.659e-04
[2025-07-17 15:36:40] DEBUG - PINN - Epoch 900 boundary front  loss: 8.536e-04 | sxx=0: 9.548e-05, sxy=0: 8.715e-06, szx=0: 7.494e-04
[2025-07-17 15:36:40] DEBUG - PINN - Epoch 900 boundary back   loss: 6.198e-04 | u=0: 4.885e-05, sxy=0: 1.204e-05, szx=0: 5.589e-04
[2025-07-17 15:36:40] DEBUG - PINN - Epoch 900 boundary right  loss: 7.446e-04 | syy=0: 1.157e-04, sxy=0: 1.297e-05, syz=0: 6.159e-04
[2025-07-17 15:36:40] DEBUG - PINN - Epoch 900 boundary left   loss: 6.776e-04 | v=0: 3.177e-05, sxy=0: 7.484e-06, syz=0: 6.384e-04
[2025-07-17 15:36:40] DEBUG - PINN - Epoch 900 boundary bottom loss: 6.244e-03 | gn=0: 2.502e-03, t1=0: 1.999e-03, t2=0: 1.743e-03
[2025-07-17 15:36:40] DEBUG - PINN - Epoch 900 TOTALS -> PDE: 2.882e-02, Bcs: 1.371e-02, LOSS: 4.253e-02
[2025-07-17 15:36:44] DEBUG - PINN - Epoch 950 PDE terms: [1: 1.412e-04, 2: 3.066e-04, 3: 1.975e-03, 4: 1.694e-04, 5: 2.025e-04, 6: 1.067e-02, 7: 1.570e-04, 8: 9.250e-03, 9: 9.182e-03]
[2025-07-17 15:36:44] DEBUG - PINN - Epoch 950 boundary top    loss: 1.281e-03 | szz=pressure: 5.383e-04, syz=0: 3.177e-04, szx=0: 4.255e-04
[2025-07-17 15:36:44] DEBUG - PINN - Epoch 950 boundary front  loss: 8.842e-04 | sxx=0: 1.014e-04, sxy=0: 8.197e-06, szx=0: 7.746e-04
[2025-07-17 15:36:44] DEBUG - PINN - Epoch 950 boundary back   loss: 7.719e-04 | u=0: 9.868e-05, sxy=0: 1.572e-05, szx=0: 6.574e-04
[2025-07-17 15:36:44] DEBUG - PINN - Epoch 950 boundary right  loss: 9.445e-04 | syy=0: 1.319e-04, sxy=0: 1.826e-05, syz=0: 7.943e-04
[2025-07-17 15:36:44] DEBUG - PINN - Epoch 950 boundary left   loss: 6.453e-04 | v=0: 6.647e-05, sxy=0: 7.448e-06, syz=0: 5.714e-04
[2025-07-17 15:36:44] DEBUG - PINN - Epoch 950 boundary bottom loss: 6.966e-03 | gn=0: 2.822e-03, t1=0: 2.283e-03, t2=0: 1.861e-03
[2025-07-17 15:36:44] DEBUG - PINN - Epoch 950 TOTALS -> PDE: 3.205e-02, Bcs: 1.149e-02, LOSS: 4.354e-02
[2025-07-17 15:36:48] DEBUG - PINN - Epoch 1000 PDE terms: [1: 1.054e-04, 2: 1.340e-04, 3: 2.973e-03, 4: 2.650e-04, 5: 3.281e-04, 6: 1.313e-02, 7: 2.735e-04, 8: 9.246e-03, 9: 9.602e-03]
[2025-07-17 15:36:48] DEBUG - PINN - Epoch 1000 boundary top    loss: 9.064e-04 | szz=pressure: 3.401e-04, syz=0: 2.249e-04, szx=0: 3.414e-04
[2025-07-17 15:36:48] DEBUG - PINN - Epoch 1000 boundary front  loss: 9.191e-04 | sxx=0: 1.502e-04, sxy=0: 8.773e-06, szx=0: 7.602e-04
[2025-07-17 15:36:48] DEBUG - PINN - Epoch 1000 boundary back   loss: 6.406e-04 | u=0: 6.066e-05, sxy=0: 1.283e-05, szx=0: 5.671e-04
[2025-07-17 15:36:48] DEBUG - PINN - Epoch 1000 boundary right  loss: 8.721e-04 | syy=0: 1.615e-04, sxy=0: 1.980e-05, syz=0: 6.908e-04
[2025-07-17 15:36:48] DEBUG - PINN - Epoch 1000 boundary left   loss: 6.156e-04 | v=0: 1.846e-05, sxy=0: 7.088e-06, syz=0: 5.900e-04
[2025-07-17 15:36:48] DEBUG - PINN - Epoch 1000 boundary bottom loss: 5.024e-03 | gn=0: 1.741e-03, t1=0: 1.782e-03, t2=0: 1.500e-03
[2025-07-17 15:36:48] DEBUG - PINN - Epoch 1000 TOTALS -> PDE: 3.605e-02, Bcs: 8.977e-03, LOSS: 4.503e-02
[2025-07-17 15:36:49] DEBUG - PINN - Saved weights to log/pinn/weights/Step0_layer10_weight.pth
[2025-07-17 15:36:49] DEBUG - PINN - Switching to L-BFGS optimization...
[2025-07-17 15:47:21] DEBUG - PINN - Saved weights to log/pinn/weights/Step0_layer10_weight.pth
[2025-07-17 15:47:21] DEBUG - PINN - Layer 11 top-corner displacement: [0.24998944997787476, 0.2497350573539734, -1.0001884698867798]
[2025-07-17 15:47:21] INFO - PINN - Contact BC pressure: -1.000 from layer 10
[2025-07-17 15:47:21] DEBUG - PINN - Starting Adam training for layer 9 (1000 epochs, lr=1.0e-03)
[2025-07-17 15:47:21] DEBUG - PINN - Point counts: inside=512, top=256, bottom=256, front=256, back=256, right=256, left=256
[2025-07-17 15:47:21] DEBUG - PINN - Inside points shape: (512, 3)
[2025-07-17 15:47:21] DEBUG - PINN - Top points shape:    (256, 3)
[2025-07-17 15:47:21] DEBUG - PINN - Bottom points shape: (256, 3)
[2025-07-17 15:47:21] DEBUG - PINN - Front points shape:  (256, 3)
[2025-07-17 15:47:21] DEBUG - PINN - Back points shape:   (256, 3)
[2025-07-17 15:47:21] DEBUG - PINN - Right points shape:  (256, 3)
[2025-07-17 15:47:21] DEBUG - PINN - Left points shape:   (256, 3)
[2025-07-17 15:47:25] DEBUG - PINN - Epoch 50 PDE terms: [1: 3.146e-04, 2: 1.383e-04, 3: 2.006e-03, 4: 1.314e-03, 5: 6.881e-04, 6: 8.999e-03, 7: 2.719e-04, 8: 1.957e-03, 9: 4.130e-03]
[2025-07-17 15:47:25] DEBUG - PINN - Epoch  50 boundary top    loss: 5.422e-03 | szz=pressure: 4.821e-03, syz=0: 3.119e-04, szx=0: 2.891e-04
[2025-07-17 15:47:25] DEBUG - PINN - Epoch  50 boundary front  loss: 1.966e-03 | sxx=0: 1.312e-03, sxy=0: 4.768e-04, szx=0: 1.766e-04
[2025-07-17 15:47:25] DEBUG - PINN - Epoch  50 boundary back   loss: 3.048e-03 | u=0: 2.643e-03, sxy=0: 1.409e-04, szx=0: 2.637e-04
[2025-07-17 15:47:25] DEBUG - PINN - Epoch  50 boundary right  loss: 3.277e-03 | syy=0: 2.892e-03, sxy=0: 2.767e-04, syz=0: 1.084e-04
[2025-07-17 15:47:25] DEBUG - PINN - Epoch  50 boundary left   loss: 4.394e-03 | v=0: 3.877e-03, sxy=0: 3.461e-04, syz=0: 1.709e-04
[2025-07-17 15:47:25] DEBUG - PINN - Epoch  50 boundary bottom loss: 4.880e-03 | gn=0: 4.939e-04, t1=0: 1.330e-03, t2=0: 3.056e-03
[2025-07-17 15:47:25] DEBUG - PINN - Epoch 50 TOTALS -> PDE: 1.982e-02, Bcs: 2.299e-02, LOSS: 4.281e-02
[2025-07-17 15:47:30] DEBUG - PINN - Epoch 100 PDE terms: [1: 3.038e-05, 2: 6.174e-05, 3: 9.950e-04, 4: 8.383e-05, 5: 2.067e-04, 6: 1.593e-03, 7: 1.251e-04, 8: 5.791e-04, 9: 4.526e-04]
[2025-07-17 15:47:30] DEBUG - PINN - Epoch 100 boundary top    loss: 1.353e-03 | szz=pressure: 9.073e-04, syz=0: 2.095e-04, szx=0: 2.360e-04
[2025-07-17 15:47:30] DEBUG - PINN - Epoch 100 boundary front  loss: 9.128e-04 | sxx=0: 5.146e-04, sxy=0: 1.142e-04, szx=0: 2.841e-04
[2025-07-17 15:47:30] DEBUG - PINN - Epoch 100 boundary back   loss: 4.073e-04 | u=0: 2.166e-04, sxy=0: 5.952e-05, szx=0: 1.312e-04
[2025-07-17 15:47:30] DEBUG - PINN - Epoch 100 boundary right  loss: 1.123e-03 | syy=0: 7.142e-04, sxy=0: 1.110e-04, syz=0: 2.982e-04
[2025-07-17 15:47:30] DEBUG - PINN - Epoch 100 boundary left   loss: 5.419e-04 | v=0: 3.605e-04, sxy=0: 7.164e-05, syz=0: 1.097e-04
[2025-07-17 15:47:30] DEBUG - PINN - Epoch 100 boundary bottom loss: 1.190e-03 | gn=0: 4.148e-05, t1=0: 7.135e-04, t2=0: 4.348e-04
[2025-07-17 15:47:30] DEBUG - PINN - Epoch 100 TOTALS -> PDE: 4.127e-03, Bcs: 5.528e-03, LOSS: 9.656e-03
[2025-07-17 15:47:34] DEBUG - PINN - Epoch 150 PDE terms: [1: 4.923e-05, 2: 4.778e-05, 3: 2.284e-04, 4: 1.902e-04, 5: 2.389e-04, 6: 2.464e-03, 7: 4.679e-05, 8: 1.015e-04, 9: 7.080e-05]
[2025-07-17 15:47:34] DEBUG - PINN - Epoch 150 boundary top    loss: 1.999e-03 | szz=pressure: 1.903e-03, syz=0: 3.128e-05, szx=0: 6.437e-05
[2025-07-17 15:47:34] DEBUG - PINN - Epoch 150 boundary front  loss: 2.883e-04 | sxx=0: 1.857e-04, sxy=0: 3.642e-05, szx=0: 6.616e-05
[2025-07-17 15:47:34] DEBUG - PINN - Epoch 150 boundary back   loss: 1.649e-04 | u=0: 1.104e-04, sxy=0: 2.786e-05, szx=0: 2.665e-05
[2025-07-17 15:47:34] DEBUG - PINN - Epoch 150 boundary right  loss: 3.550e-04 | syy=0: 2.524e-04, sxy=0: 3.237e-05, syz=0: 7.028e-05
[2025-07-17 15:47:34] DEBUG - PINN - Epoch 150 boundary left   loss: 2.617e-04 | v=0: 1.624e-04, sxy=0: 2.314e-05, syz=0: 7.612e-05
[2025-07-17 15:47:34] DEBUG - PINN - Epoch 150 boundary bottom loss: 3.567e-04 | gn=0: 2.664e-04, t1=0: 5.868e-05, t2=0: 3.168e-05
[2025-07-17 15:47:34] DEBUG - PINN - Epoch 150 TOTALS -> PDE: 3.437e-03, Bcs: 3.426e-03, LOSS: 6.863e-03
[2025-07-17 15:47:38] DEBUG - PINN - Epoch 200 PDE terms: [1: 2.742e-05, 2: 1.789e-05, 3: 1.219e-04, 4: 4.859e-05, 5: 2.817e-05, 6: 5.995e-04, 7: 3.880e-05, 8: 5.819e-05, 9: 3.857e-05]
[2025-07-17 15:47:38] DEBUG - PINN - Epoch 200 boundary top    loss: 4.233e-04 | szz=pressure: 3.670e-04, syz=0: 2.412e-05, szx=0: 3.213e-05
[2025-07-17 15:47:38] DEBUG - PINN - Epoch 200 boundary front  loss: 1.158e-04 | sxx=0: 6.171e-05, sxy=0: 2.102e-05, szx=0: 3.303e-05
[2025-07-17 15:47:38] DEBUG - PINN - Epoch 200 boundary back   loss: 1.255e-04 | u=0: 6.527e-05, sxy=0: 3.364e-05, szx=0: 2.658e-05
[2025-07-17 15:47:38] DEBUG - PINN - Epoch 200 boundary right  loss: 2.067e-04 | syy=0: 1.504e-04, sxy=0: 2.028e-05, syz=0: 3.596e-05
[2025-07-17 15:47:38] DEBUG - PINN - Epoch 200 boundary left   loss: 2.274e-04 | v=0: 1.334e-04, sxy=0: 2.778e-05, syz=0: 6.616e-05
[2025-07-17 15:47:39] DEBUG - PINN - Epoch 200 boundary bottom loss: 5.064e-05 | gn=0: 3.981e-05, t1=0: 6.982e-06, t2=0: 3.850e-06
[2025-07-17 15:47:39] DEBUG - PINN - Epoch 200 TOTALS -> PDE: 9.791e-04, Bcs: 1.149e-03, LOSS: 2.128e-03
[2025-07-17 15:47:43] DEBUG - PINN - Epoch 250 PDE terms: [1: 1.860e-05, 2: 1.616e-05, 3: 9.310e-05, 4: 7.142e-05, 5: 3.442e-05, 6: 6.207e-04, 7: 4.103e-05, 8: 4.432e-05, 9: 3.316e-05]
[2025-07-17 15:47:43] DEBUG - PINN - Epoch 250 boundary top    loss: 4.355e-04 | szz=pressure: 3.826e-04, syz=0: 2.110e-05, szx=0: 3.188e-05
[2025-07-17 15:47:43] DEBUG - PINN - Epoch 250 boundary front  loss: 1.217e-04 | sxx=0: 7.008e-05, sxy=0: 2.220e-05, szx=0: 2.944e-05
[2025-07-17 15:47:43] DEBUG - PINN - Epoch 250 boundary back   loss: 9.565e-05 | u=0: 4.099e-05, sxy=0: 3.461e-05, szx=0: 2.005e-05
[2025-07-17 15:47:43] DEBUG - PINN - Epoch 250 boundary right  loss: 2.112e-04 | syy=0: 1.574e-04, sxy=0: 1.754e-05, syz=0: 3.617e-05
[2025-07-17 15:47:43] DEBUG - PINN - Epoch 250 boundary left   loss: 1.532e-04 | v=0: 7.249e-05, sxy=0: 3.105e-05, syz=0: 4.970e-05
[2025-07-17 15:47:43] DEBUG - PINN - Epoch 250 boundary bottom loss: 5.884e-05 | gn=0: 4.555e-05, t1=0: 8.274e-06, t2=0: 5.013e-06
[2025-07-17 15:47:43] DEBUG - PINN - Epoch 250 TOTALS -> PDE: 9.729e-04, Bcs: 1.076e-03, LOSS: 2.049e-03
[2025-07-17 15:47:47] DEBUG - PINN - Epoch 300 PDE terms: [1: 1.069e-05, 2: 1.148e-05, 3: 6.170e-05, 4: 4.436e-05, 5: 2.140e-05, 6: 3.642e-04, 7: 3.400e-05, 8: 3.526e-05, 9: 2.637e-05]
[2025-07-17 15:47:47] DEBUG - PINN - Epoch 300 boundary top    loss: 2.455e-04 | szz=pressure: 2.120e-04, syz=0: 1.504e-05, szx=0: 1.850e-05
[2025-07-17 15:47:47] DEBUG - PINN - Epoch 300 boundary front  loss: 7.264e-05 | sxx=0: 3.490e-05, sxy=0: 1.732e-05, szx=0: 2.042e-05
[2025-07-17 15:47:47] DEBUG - PINN - Epoch 300 boundary back   loss: 7.682e-05 | u=0: 2.752e-05, sxy=0: 3.450e-05, szx=0: 1.480e-05
[2025-07-17 15:47:47] DEBUG - PINN - Epoch 300 boundary right  loss: 1.254e-04 | syy=0: 9.171e-05, sxy=0: 1.374e-05, syz=0: 1.997e-05
[2025-07-17 15:47:47] DEBUG - PINN - Epoch 300 boundary left   loss: 1.322e-04 | v=0: 6.387e-05, sxy=0: 2.917e-05, syz=0: 3.919e-05
[2025-07-17 15:47:47] DEBUG - PINN - Epoch 300 boundary bottom loss: 2.930e-05 | gn=0: 2.536e-05, t1=0: 1.857e-06, t2=0: 2.082e-06
[2025-07-17 15:47:47] DEBUG - PINN - Epoch 300 TOTALS -> PDE: 6.095e-04, Bcs: 6.819e-04, LOSS: 1.291e-03
[2025-07-17 15:47:52] DEBUG - PINN - Epoch 350 PDE terms: [1: 7.317e-06, 2: 8.567e-06, 3: 4.275e-05, 4: 3.712e-05, 5: 2.667e-05, 6: 2.264e-04, 7: 2.835e-05, 8: 2.930e-05, 9: 2.086e-05]
[2025-07-17 15:47:52] DEBUG - PINN - Epoch 350 boundary top    loss: 1.537e-04 | szz=pressure: 1.316e-04, syz=0: 1.008e-05, szx=0: 1.206e-05
[2025-07-17 15:47:52] DEBUG - PINN - Epoch 350 boundary front  loss: 4.752e-05 | sxx=0: 2.038e-05, sxy=0: 1.417e-05, szx=0: 1.297e-05
[2025-07-17 15:47:52] DEBUG - PINN - Epoch 350 boundary back   loss: 5.899e-05 | u=0: 1.625e-05, sxy=0: 3.115e-05, szx=0: 1.159e-05
[2025-07-17 15:47:52] DEBUG - PINN - Epoch 350 boundary right  loss: 8.882e-05 | syy=0: 5.725e-05, sxy=0: 1.167e-05, syz=0: 1.990e-05
[2025-07-17 15:47:52] DEBUG - PINN - Epoch 350 boundary left   loss: 9.239e-05 | v=0: 3.702e-05, sxy=0: 2.488e-05, syz=0: 3.049e-05
[2025-07-17 15:47:52] DEBUG - PINN - Epoch 350 boundary bottom loss: 2.018e-05 | gn=0: 1.826e-05, t1=0: 7.187e-07, t2=0: 1.198e-06
[2025-07-17 15:47:52] DEBUG - PINN - Epoch 350 TOTALS -> PDE: 4.273e-04, Bcs: 4.616e-04, LOSS: 8.889e-04
[2025-07-17 15:47:56] DEBUG - PINN - Epoch 400 PDE terms: [1: 5.717e-06, 2: 7.557e-06, 3: 3.446e-05, 4: 3.315e-05, 5: 3.015e-05, 6: 1.501e-04, 7: 2.438e-05, 8: 2.358e-05, 9: 1.695e-05]
[2025-07-17 15:47:56] DEBUG - PINN - Epoch 400 boundary top    loss: 1.026e-04 | szz=pressure: 8.712e-05, syz=0: 6.987e-06, szx=0: 8.494e-06
[2025-07-17 15:47:56] DEBUG - PINN - Epoch 400 boundary front  loss: 3.581e-05 | sxx=0: 1.286e-05, sxy=0: 1.285e-05, szx=0: 1.011e-05
[2025-07-17 15:47:56] DEBUG - PINN - Epoch 400 boundary back   loss: 4.764e-05 | u=0: 1.027e-05, sxy=0: 2.746e-05, szx=0: 9.904e-06
[2025-07-17 15:47:56] DEBUG - PINN - Epoch 400 boundary right  loss: 6.490e-05 | syy=0: 3.521e-05, sxy=0: 1.061e-05, syz=0: 1.908e-05
[2025-07-17 15:47:56] DEBUG - PINN - Epoch 400 boundary left   loss: 6.519e-05 | v=0: 2.073e-05, sxy=0: 2.136e-05, syz=0: 2.311e-05
[2025-07-17 15:47:56] DEBUG - PINN - Epoch 400 boundary bottom loss: 1.384e-05 | gn=0: 1.230e-05, t1=0: 9.152e-07, t2=0: 6.290e-07
[2025-07-17 15:47:56] DEBUG - PINN - Epoch 400 TOTALS -> PDE: 3.261e-04, Bcs: 3.300e-04, LOSS: 6.561e-04
[2025-07-17 15:48:00] DEBUG - PINN - Epoch 450 PDE terms: [1: 6.325e-06, 2: 8.822e-06, 3: 2.954e-05, 4: 1.503e-04, 5: 1.189e-04, 6: 9.841e-04, 7: 2.576e-05, 8: 2.114e-05, 9: 2.152e-05]
[2025-07-17 15:48:00] DEBUG - PINN - Epoch 450 boundary top    loss: 5.763e-04 | szz=pressure: 5.462e-04, syz=0: 1.346e-05, szx=0: 1.663e-05
[2025-07-17 15:48:00] DEBUG - PINN - Epoch 450 boundary front  loss: 1.457e-04 | sxx=0: 1.161e-04, sxy=0: 1.348e-05, szx=0: 1.612e-05
[2025-07-17 15:48:00] DEBUG - PINN - Epoch 450 boundary back   loss: 3.698e-05 | u=0: 7.889e-06, sxy=0: 2.201e-05, szx=0: 7.082e-06
[2025-07-17 15:48:00] DEBUG - PINN - Epoch 450 boundary right  loss: 2.068e-04 | syy=0: 1.792e-04, sxy=0: 9.979e-06, syz=0: 1.761e-05
[2025-07-17 15:48:00] DEBUG - PINN - Epoch 450 boundary left   loss: 5.297e-05 | v=0: 1.762e-05, sxy=0: 1.869e-05, syz=0: 1.667e-05
[2025-07-17 15:48:00] DEBUG - PINN - Epoch 450 boundary bottom loss: 9.350e-05 | gn=0: 8.669e-05, t1=0: 3.572e-06, t2=0: 3.238e-06
[2025-07-17 15:48:00] DEBUG - PINN - Epoch 450 TOTALS -> PDE: 1.366e-03, Bcs: 1.112e-03, LOSS: 2.479e-03
[2025-07-17 15:48:05] DEBUG - PINN - Epoch 500 PDE terms: [1: 4.282e-06, 2: 7.508e-06, 3: 2.933e-05, 4: 3.085e-05, 5: 2.009e-05, 6: 1.402e-04, 7: 2.187e-05, 8: 1.662e-05, 9: 1.526e-05]
[2025-07-17 15:48:05] DEBUG - PINN - Epoch 500 boundary top    loss: 9.730e-05 | szz=pressure: 8.368e-05, syz=0: 4.946e-06, szx=0: 8.669e-06
[2025-07-17 15:48:05] DEBUG - PINN - Epoch 500 boundary front  loss: 3.686e-05 | sxx=0: 1.277e-05, sxy=0: 1.181e-05, szx=0: 1.228e-05
[2025-07-17 15:48:05] DEBUG - PINN - Epoch 500 boundary back   loss: 3.782e-05 | u=0: 8.673e-06, sxy=0: 2.100e-05, szx=0: 8.152e-06
[2025-07-17 15:48:05] DEBUG - PINN - Epoch 500 boundary right  loss: 6.177e-05 | syy=0: 4.288e-05, sxy=0: 8.817e-06, syz=0: 1.007e-05
[2025-07-17 15:48:05] DEBUG - PINN - Epoch 500 boundary left   loss: 4.734e-05 | v=0: 1.377e-05, sxy=0: 1.757e-05, syz=0: 1.600e-05
[2025-07-17 15:48:05] DEBUG - PINN - Epoch 500 boundary bottom loss: 8.855e-06 | gn=0: 7.145e-06, t1=0: 5.732e-07, t2=0: 1.136e-06
[2025-07-17 15:48:05] DEBUG - PINN - Epoch 500 TOTALS -> PDE: 2.860e-04, Bcs: 2.899e-04, LOSS: 5.760e-04
[2025-07-17 15:48:09] DEBUG - PINN - Epoch 550 PDE terms: [1: 4.020e-06, 2: 6.912e-06, 3: 2.716e-05, 4: 2.551e-05, 5: 2.659e-05, 6: 8.153e-05, 7: 1.784e-05, 8: 1.360e-05, 9: 1.244e-05]
[2025-07-17 15:48:09] DEBUG - PINN - Epoch 550 boundary top    loss: 6.179e-05 | szz=pressure: 5.106e-05, syz=0: 3.900e-06, szx=0: 6.828e-06
[2025-07-17 15:48:09] DEBUG - PINN - Epoch 550 boundary front  loss: 2.884e-05 | sxx=0: 9.753e-06, sxy=0: 1.041e-05, szx=0: 8.677e-06
[2025-07-17 15:48:09] DEBUG - PINN - Epoch 550 boundary back   loss: 3.074e-05 | u=0: 5.943e-06, sxy=0: 1.844e-05, szx=0: 6.358e-06
[2025-07-17 15:48:09] DEBUG - PINN - Epoch 550 boundary right  loss: 4.298e-05 | syy=0: 2.448e-05, sxy=0: 7.782e-06, syz=0: 1.072e-05
[2025-07-17 15:48:09] DEBUG - PINN - Epoch 550 boundary left   loss: 3.406e-05 | v=0: 7.516e-06, sxy=0: 1.491e-05, syz=0: 1.164e-05
[2025-07-17 15:48:09] DEBUG - PINN - Epoch 550 boundary bottom loss: 7.498e-06 | gn=0: 6.233e-06, t1=0: 6.103e-07, t2=0: 6.541e-07
[2025-07-17 15:48:09] DEBUG - PINN - Epoch 550 TOTALS -> PDE: 2.156e-04, Bcs: 2.059e-04, LOSS: 4.215e-04
[2025-07-17 15:48:13] DEBUG - PINN - Epoch 600 PDE terms: [1: 4.022e-06, 2: 6.290e-06, 3: 2.495e-05, 4: 2.334e-05, 5: 2.785e-05, 6: 5.806e-05, 7: 1.523e-05, 8: 1.117e-05, 9: 1.017e-05]
[2025-07-17 15:48:13] DEBUG - PINN - Epoch 600 boundary top    loss: 4.756e-05 | szz=pressure: 3.917e-05, syz=0: 2.703e-06, szx=0: 5.695e-06
[2025-07-17 15:48:13] DEBUG - PINN - Epoch 600 boundary front  loss: 2.597e-05 | sxx=0: 9.765e-06, sxy=0: 9.244e-06, szx=0: 6.965e-06
[2025-07-17 15:48:13] DEBUG - PINN - Epoch 600 boundary back   loss: 2.604e-05 | u=0: 4.704e-06, sxy=0: 1.568e-05, szx=0: 5.651e-06
[2025-07-17 15:48:13] DEBUG - PINN - Epoch 600 boundary right  loss: 3.378e-05 | syy=0: 1.639e-05, sxy=0: 6.929e-06, syz=0: 1.046e-05
[2025-07-17 15:48:13] DEBUG - PINN - Epoch 600 boundary left   loss: 2.599e-05 | v=0: 4.767e-06, sxy=0: 1.224e-05, syz=0: 8.988e-06
[2025-07-17 15:48:13] DEBUG - PINN - Epoch 600 boundary bottom loss: 5.857e-06 | gn=0: 4.524e-06, t1=0: 8.760e-07, t2=0: 4.569e-07
[2025-07-17 15:48:13] DEBUG - PINN - Epoch 600 TOTALS -> PDE: 1.811e-04, Bcs: 1.652e-04, LOSS: 3.463e-04
[2025-07-17 15:48:18] DEBUG - PINN - Epoch 650 PDE terms: [1: 4.422e-06, 2: 6.003e-06, 3: 3.198e-05, 4: 5.437e-05, 5: 5.447e-05, 6: 2.459e-04, 7: 1.416e-05, 8: 1.140e-05, 9: 1.492e-05]
[2025-07-17 15:48:18] DEBUG - PINN - Epoch 650 boundary top    loss: 2.127e-04 | szz=pressure: 2.026e-04, syz=0: 3.044e-06, szx=0: 7.120e-06
[2025-07-17 15:48:18] DEBUG - PINN - Epoch 650 boundary front  loss: 6.486e-05 | sxx=0: 4.862e-05, sxy=0: 8.948e-06, szx=0: 7.294e-06
[2025-07-17 15:48:18] DEBUG - PINN - Epoch 650 boundary back   loss: 2.970e-05 | u=0: 5.072e-06, sxy=0: 2.011e-05, szx=0: 4.512e-06
[2025-07-17 15:48:18] DEBUG - PINN - Epoch 650 boundary right  loss: 8.336e-05 | syy=0: 6.810e-05, sxy=0: 5.889e-06, syz=0: 9.364e-06
[2025-07-17 15:48:18] DEBUG - PINN - Epoch 650 boundary left   loss: 3.693e-05 | v=0: 1.824e-05, sxy=0: 1.147e-05, syz=0: 7.218e-06
[2025-07-17 15:48:18] DEBUG - PINN - Epoch 650 boundary bottom loss: 7.562e-05 | gn=0: 6.725e-05, t1=0: 3.955e-06, t2=0: 4.414e-06
[2025-07-17 15:48:18] DEBUG - PINN - Epoch 650 TOTALS -> PDE: 4.376e-04, Bcs: 5.032e-04, LOSS: 9.408e-04
[2025-07-17 15:48:22] DEBUG - PINN - Epoch 700 PDE terms: [1: 3.339e-06, 2: 5.838e-06, 3: 2.222e-05, 4: 2.212e-05, 5: 2.157e-05, 6: 6.130e-05, 7: 1.278e-05, 8: 8.032e-06, 9: 8.745e-06]
[2025-07-17 15:48:22] DEBUG - PINN - Epoch 700 boundary top    loss: 5.023e-05 | szz=pressure: 4.297e-05, syz=0: 2.115e-06, szx=0: 5.146e-06
[2025-07-17 15:48:22] DEBUG - PINN - Epoch 700 boundary front  loss: 2.158e-05 | sxx=0: 6.869e-06, sxy=0: 7.866e-06, szx=0: 6.847e-06
[2025-07-17 15:48:22] DEBUG - PINN - Epoch 700 boundary back   loss: 1.943e-05 | u=0: 3.889e-06, sxy=0: 1.141e-05, szx=0: 4.129e-06
[2025-07-17 15:48:22] DEBUG - PINN - Epoch 700 boundary right  loss: 2.706e-05 | syy=0: 1.503e-05, sxy=0: 5.309e-06, syz=0: 6.722e-06
[2025-07-17 15:48:22] DEBUG - PINN - Epoch 700 boundary left   loss: 1.927e-05 | v=0: 3.507e-06, sxy=0: 9.575e-06, syz=0: 6.191e-06
[2025-07-17 15:48:22] DEBUG - PINN - Epoch 700 boundary bottom loss: 5.849e-06 | gn=0: 4.302e-06, t1=0: 8.104e-07, t2=0: 7.364e-07
[2025-07-17 15:48:22] DEBUG - PINN - Epoch 700 TOTALS -> PDE: 1.659e-04, Bcs: 1.434e-04, LOSS: 3.094e-04
[2025-07-17 15:48:31] DEBUG - PINN - Epoch 750 PDE terms: [1: 3.285e-06, 2: 5.200e-06, 3: 1.881e-05, 4: 4.747e-05, 5: 8.596e-05, 6: 4.156e-04, 7: 1.001e-05, 8: 8.857e-06, 9: 7.597e-06]
[2025-07-17 15:48:31] DEBUG - PINN - Epoch 750 boundary top    loss: 3.619e-04 | szz=pressure: 3.550e-04, syz=0: 2.154e-06, szx=0: 4.785e-06
[2025-07-17 15:48:31] DEBUG - PINN - Epoch 750 boundary front  loss: 4.824e-05 | sxx=0: 3.752e-05, sxy=0: 6.453e-06, szx=0: 4.268e-06
[2025-07-17 15:48:31] DEBUG - PINN - Epoch 750 boundary back   loss: 1.753e-05 | u=0: 4.075e-06, sxy=0: 1.005e-05, szx=0: 3.403e-06
[2025-07-17 15:48:31] DEBUG - PINN - Epoch 750 boundary right  loss: 5.679e-05 | syy=0: 4.541e-05, sxy=0: 4.463e-06, syz=0: 6.918e-06
[2025-07-17 15:48:31] DEBUG - PINN - Epoch 750 boundary left   loss: 2.271e-05 | v=0: 9.765e-06, sxy=0: 7.777e-06, syz=0: 5.166e-06
[2025-07-17 15:48:31] DEBUG - PINN - Epoch 750 boundary bottom loss: 1.134e-04 | gn=0: 1.095e-04, t1=0: 3.090e-06, t2=0: 7.969e-07
[2025-07-17 15:48:31] DEBUG - PINN - Epoch 750 TOTALS -> PDE: 6.028e-04, Bcs: 6.206e-04, LOSS: 1.223e-03
[2025-07-17 15:48:42] DEBUG - PINN - Epoch 800 PDE terms: [1: 3.121e-06, 2: 5.249e-06, 3: 2.053e-05, 4: 1.931e-05, 5: 1.786e-05, 6: 4.934e-05, 7: 1.039e-05, 8: 6.012e-06, 9: 6.454e-06]
[2025-07-17 15:48:42] DEBUG - PINN - Epoch 800 boundary top    loss: 4.147e-05 | szz=pressure: 3.540e-05, syz=0: 1.711e-06, szx=0: 4.358e-06
[2025-07-17 15:48:42] DEBUG - PINN - Epoch 800 boundary front  loss: 1.969e-05 | sxx=0: 7.363e-06, sxy=0: 6.542e-06, szx=0: 5.784e-06
[2025-07-17 15:48:42] DEBUG - PINN - Epoch 800 boundary back   loss: 1.611e-05 | u=0: 4.300e-06, sxy=0: 8.202e-06, szx=0: 3.613e-06
[2025-07-17 15:48:42] DEBUG - PINN - Epoch 800 boundary right  loss: 2.457e-05 | syy=0: 1.445e-05, sxy=0: 4.349e-06, syz=0: 5.769e-06
[2025-07-17 15:48:42] DEBUG - PINN - Epoch 800 boundary left   loss: 1.499e-05 | v=0: 2.861e-06, sxy=0: 7.566e-06, syz=0: 4.566e-06
[2025-07-17 15:48:42] DEBUG - PINN - Epoch 800 boundary bottom loss: 6.588e-06 | gn=0: 4.562e-06, t1=0: 1.594e-06, t2=0: 4.316e-07
[2025-07-17 15:48:42] DEBUG - PINN - Epoch 800 TOTALS -> PDE: 1.383e-04, Bcs: 1.234e-04, LOSS: 2.617e-04
[2025-07-17 15:48:52] DEBUG - PINN - Epoch 850 PDE terms: [1: 4.599e-06, 2: 5.344e-06, 3: 1.569e-05, 4: 3.464e-04, 5: 6.968e-04, 6: 4.145e-03, 7: 1.163e-05, 8: 2.309e-05, 9: 1.576e-05]
[2025-07-17 15:48:52] DEBUG - PINN - Epoch 850 boundary top    loss: 3.560e-03 | szz=pressure: 3.556e-03, syz=0: 1.959e-06, szx=0: 2.559e-06
[2025-07-17 15:48:52] DEBUG - PINN - Epoch 850 boundary front  loss: 3.520e-04 | sxx=0: 3.417e-04, sxy=0: 5.337e-06, szx=0: 4.892e-06
[2025-07-17 15:48:52] DEBUG - PINN - Epoch 850 boundary back   loss: 4.033e-05 | u=0: 2.940e-05, sxy=0: 7.641e-06, szx=0: 3.287e-06
[2025-07-17 15:48:52] DEBUG - PINN - Epoch 850 boundary right  loss: 4.041e-04 | syy=0: 3.928e-04, sxy=0: 3.222e-06, syz=0: 8.100e-06
[2025-07-17 15:48:52] DEBUG - PINN - Epoch 850 boundary left   loss: 8.689e-05 | v=0: 7.582e-05, sxy=0: 5.356e-06, syz=0: 5.712e-06
[2025-07-17 15:48:52] DEBUG - PINN - Epoch 850 boundary bottom loss: 7.985e-04 | gn=0: 7.811e-04, t1=0: 1.240e-05, t2=0: 4.962e-06
[2025-07-17 15:48:52] DEBUG - PINN - Epoch 850 TOTALS -> PDE: 5.265e-03, Bcs: 5.242e-03, LOSS: 1.051e-02
[2025-07-17 15:48:57] DEBUG - PINN - Epoch 900 PDE terms: [1: 2.968e-06, 2: 4.559e-06, 3: 1.732e-05, 4: 2.561e-05, 5: 3.304e-05, 6: 1.627e-04, 7: 7.967e-06, 8: 4.511e-06, 9: 4.856e-06]
[2025-07-17 15:48:57] DEBUG - PINN - Epoch 900 boundary top    loss: 1.207e-04 | szz=pressure: 1.164e-04, syz=0: 1.128e-06, szx=0: 3.198e-06
[2025-07-17 15:48:57] DEBUG - PINN - Epoch 900 boundary front  loss: 2.422e-05 | sxx=0: 1.425e-05, sxy=0: 5.144e-06, szx=0: 4.831e-06
[2025-07-17 15:48:57] DEBUG - PINN - Epoch 900 boundary back   loss: 1.318e-05 | u=0: 3.425e-06, sxy=0: 7.119e-06, szx=0: 2.636e-06
[2025-07-17 15:48:57] DEBUG - PINN - Epoch 900 boundary right  loss: 2.655e-05 | syy=0: 1.933e-05, sxy=0: 2.979e-06, syz=0: 4.238e-06
[2025-07-17 15:48:57] DEBUG - PINN - Epoch 900 boundary left   loss: 1.183e-05 | v=0: 3.470e-06, sxy=0: 5.114e-06, syz=0: 3.249e-06
[2025-07-17 15:48:57] DEBUG - PINN - Epoch 900 boundary bottom loss: 2.563e-05 | gn=0: 2.452e-05, t1=0: 9.651e-07, t2=0: 1.487e-07
[2025-07-17 15:48:57] DEBUG - PINN - Epoch 900 TOTALS -> PDE: 2.635e-04, Bcs: 2.221e-04, LOSS: 4.856e-04
[2025-07-17 15:49:01] DEBUG - PINN - Epoch 950 PDE terms: [1: 4.971e-06, 2: 5.317e-06, 3: 1.586e-05, 4: 4.996e-04, 5: 8.967e-04, 6: 5.566e-03, 7: 1.428e-05, 8: 1.194e-05, 9: 1.413e-05]
[2025-07-17 15:49:01] DEBUG - PINN - Epoch 950 boundary top    loss: 5.489e-03 | szz=pressure: 5.488e-03, syz=0: 8.678e-07, szx=0: 7.811e-07
[2025-07-17 15:49:01] DEBUG - PINN - Epoch 950 boundary front  loss: 4.277e-04 | sxx=0: 4.175e-04, sxy=0: 4.414e-06, szx=0: 5.761e-06
[2025-07-17 15:49:01] DEBUG - PINN - Epoch 950 boundary back   loss: 3.404e-05 | u=0: 2.503e-05, sxy=0: 5.244e-06, szx=0: 3.761e-06
[2025-07-17 15:49:01] DEBUG - PINN - Epoch 950 boundary right  loss: 4.770e-04 | syy=0: 4.688e-04, sxy=0: 2.354e-06, syz=0: 5.812e-06
[2025-07-17 15:49:01] DEBUG - PINN - Epoch 950 boundary left   loss: 9.114e-05 | v=0: 8.289e-05, sxy=0: 3.876e-06, syz=0: 4.380e-06
[2025-07-17 15:49:01] DEBUG - PINN - Epoch 950 boundary bottom loss: 8.027e-04 | gn=0: 7.919e-04, t1=0: 6.638e-06, t2=0: 4.238e-06
[2025-07-17 15:49:01] DEBUG - PINN - Epoch 950 TOTALS -> PDE: 7.029e-03, Bcs: 7.322e-03, LOSS: 1.435e-02
[2025-07-17 15:49:06] DEBUG - PINN - Epoch 1000 PDE terms: [1: 2.644e-06, 2: 4.109e-06, 3: 1.588e-05, 4: 1.867e-05, 5: 1.746e-05, 6: 6.939e-05, 7: 6.781e-06, 8: 3.858e-06, 9: 3.736e-06]
[2025-07-17 15:49:06] DEBUG - PINN - Epoch 1000 boundary top    loss: 4.652e-05 | szz=pressure: 4.197e-05, syz=0: 1.000e-06, szx=0: 3.551e-06
[2025-07-17 15:49:06] DEBUG - PINN - Epoch 1000 boundary front  loss: 1.637e-05 | sxx=0: 8.700e-06, sxy=0: 3.909e-06, szx=0: 3.761e-06
[2025-07-17 15:49:06] DEBUG - PINN - Epoch 1000 boundary back   loss: 1.005e-05 | u=0: 3.047e-06, sxy=0: 4.953e-06, szx=0: 2.048e-06
[2025-07-17 15:49:06] DEBUG - PINN - Epoch 1000 boundary right  loss: 1.764e-05 | syy=0: 1.206e-05, sxy=0: 2.248e-06, syz=0: 3.326e-06
[2025-07-17 15:49:06] DEBUG - PINN - Epoch 1000 boundary left   loss: 9.110e-06 | v=0: 2.072e-06, sxy=0: 4.250e-06, syz=0: 2.788e-06
[2025-07-17 15:49:06] DEBUG - PINN - Epoch 1000 boundary bottom loss: 9.400e-06 | gn=0: 8.671e-06, t1=0: 6.247e-07, t2=0: 1.049e-07
[2025-07-17 15:49:06] DEBUG - PINN - Epoch 1000 TOTALS -> PDE: 1.425e-04, Bcs: 1.091e-04, LOSS: 2.516e-04
[2025-07-17 15:49:06] DEBUG - PINN - Saved weights to log/pinn/weights/Step0_layer9_weight.pth
[2025-07-17 15:49:06] DEBUG - PINN - Switching to L-BFGS optimization...
[2025-07-17 15:50:10] DEBUG - PINN - Saved weights to log/pinn/weights/Step0_layer9_weight.pth
[2025-07-17 15:50:10] DEBUG - PINN - Layer 10 top-corner displacement: [0.2490716278553009, 0.24760375916957855, -0.9976034164428711]
[2025-07-17 15:50:10] INFO - PINN - Contact BC pressure: -1.001 from layer 9
[2025-07-17 15:50:10] DEBUG - PINN - Starting Adam training for layer 8 (1000 epochs, lr=1.0e-03)
[2025-07-17 15:50:10] DEBUG - PINN - Point counts: inside=512, top=256, bottom=256, front=256, back=256, right=256, left=256
[2025-07-17 15:50:10] DEBUG - PINN - Inside points shape: (512, 3)
[2025-07-17 15:50:10] DEBUG - PINN - Top points shape:    (256, 3)
[2025-07-17 15:50:10] DEBUG - PINN - Bottom points shape: (256, 3)
[2025-07-17 15:50:10] DEBUG - PINN - Front points shape:  (256, 3)
[2025-07-17 15:50:10] DEBUG - PINN - Back points shape:   (256, 3)
[2025-07-17 15:50:10] DEBUG - PINN - Right points shape:  (256, 3)
[2025-07-17 15:50:10] DEBUG - PINN - Left points shape:   (256, 3)
[2025-07-17 15:50:14] DEBUG - PINN - Epoch 50 PDE terms: [1: 1.242e-04, 2: 1.160e-03, 3: 2.452e-03, 4: 1.071e-03, 5: 3.811e-04, 6: 5.402e-03, 7: 2.019e-04, 8: 1.610e-03, 9: 2.239e-03]
[2025-07-17 15:50:14] DEBUG - PINN - Epoch  50 boundary top    loss: 1.847e-03 | szz=pressure: 1.326e-03, syz=0: 2.820e-04, szx=0: 2.390e-04
[2025-07-17 15:50:14] DEBUG - PINN - Epoch  50 boundary front  loss: 1.765e-03 | sxx=0: 1.364e-03, sxy=0: 1.468e-04, szx=0: 2.543e-04
[2025-07-17 15:50:14] DEBUG - PINN - Epoch  50 boundary back   loss: 2.245e-03 | u=0: 1.832e-03, sxy=0: 1.856e-04, szx=0: 2.275e-04
[2025-07-17 15:50:14] DEBUG - PINN - Epoch  50 boundary right  loss: 1.669e-03 | syy=0: 1.252e-03, sxy=0: 7.628e-05, syz=0: 3.415e-04
[2025-07-17 15:50:14] DEBUG - PINN - Epoch  50 boundary left   loss: 5.419e-03 | v=0: 5.039e-03, sxy=0: 2.643e-04, syz=0: 1.161e-04
[2025-07-17 15:50:14] DEBUG - PINN - Epoch  50 boundary bottom loss: 5.094e-03 | gn=0: 1.575e-03, t1=0: 1.598e-03, t2=0: 1.921e-03
[2025-07-17 15:50:14] DEBUG - PINN - Epoch 50 TOTALS -> PDE: 1.464e-02, Bcs: 1.804e-02, LOSS: 3.268e-02
[2025-07-17 15:50:18] DEBUG - PINN - Epoch 100 PDE terms: [1: 2.743e-05, 2: 8.250e-05, 3: 4.596e-04, 4: 1.029e-04, 5: 1.095e-04, 6: 5.918e-04, 7: 1.720e-04, 8: 3.085e-04, 9: 1.890e-04]
[2025-07-17 15:50:18] DEBUG - PINN - Epoch 100 boundary top    loss: 1.055e-03 | szz=pressure: 7.366e-04, syz=0: 2.151e-04, szx=0: 1.030e-04
[2025-07-17 15:50:18] DEBUG - PINN - Epoch 100 boundary front  loss: 1.069e-03 | sxx=0: 5.070e-04, sxy=0: 3.673e-04, szx=0: 1.952e-04
[2025-07-17 15:50:18] DEBUG - PINN - Epoch 100 boundary back   loss: 4.983e-04 | u=0: 2.121e-04, sxy=0: 1.776e-04, szx=0: 1.086e-04
[2025-07-17 15:50:18] DEBUG - PINN - Epoch 100 boundary right  loss: 1.344e-03 | syy=0: 6.658e-04, sxy=0: 3.667e-04, syz=0: 3.114e-04
[2025-07-17 15:50:18] DEBUG - PINN - Epoch 100 boundary left   loss: 6.768e-04 | v=0: 3.198e-04, sxy=0: 1.473e-04, syz=0: 2.098e-04
[2025-07-17 15:50:18] DEBUG - PINN - Epoch 100 boundary bottom loss: 8.174e-04 | gn=0: 4.893e-05, t1=0: 4.620e-04, t2=0: 3.065e-04
[2025-07-17 15:50:18] DEBUG - PINN - Epoch 100 TOTALS -> PDE: 2.043e-03, Bcs: 5.460e-03, LOSS: 7.504e-03
[2025-07-17 15:50:23] DEBUG - PINN - Epoch 150 PDE terms: [1: 1.280e-05, 2: 4.957e-05, 3: 2.708e-04, 4: 1.162e-04, 5: 8.403e-05, 6: 6.143e-04, 7: 2.412e-05, 8: 5.697e-05, 9: 2.397e-05]
[2025-07-17 15:50:23] DEBUG - PINN - Epoch 150 boundary top    loss: 7.408e-04 | szz=pressure: 6.202e-04, syz=0: 8.047e-05, szx=0: 4.011e-05
[2025-07-17 15:50:23] DEBUG - PINN - Epoch 150 boundary front  loss: 4.743e-04 | sxx=0: 2.638e-04, sxy=0: 1.662e-04, szx=0: 4.435e-05
[2025-07-17 15:50:23] DEBUG - PINN - Epoch 150 boundary back   loss: 1.702e-04 | u=0: 7.229e-05, sxy=0: 6.887e-05, szx=0: 2.909e-05
[2025-07-17 15:50:23] DEBUG - PINN - Epoch 150 boundary right  loss: 6.376e-04 | syy=0: 4.081e-04, sxy=0: 1.671e-04, syz=0: 6.238e-05
[2025-07-17 15:50:23] DEBUG - PINN - Epoch 150 boundary left   loss: 2.722e-04 | v=0: 1.305e-04, sxy=0: 6.937e-05, syz=0: 7.231e-05
[2025-07-17 15:50:23] DEBUG - PINN - Epoch 150 boundary bottom loss: 1.429e-04 | gn=0: 8.330e-05, t1=0: 3.353e-05, t2=0: 2.602e-05
[2025-07-17 15:50:23] DEBUG - PINN - Epoch 150 TOTALS -> PDE: 1.253e-03, Bcs: 2.438e-03, LOSS: 3.691e-03
[2025-07-17 15:50:27] DEBUG - PINN - Epoch 200 PDE terms: [1: 1.342e-05, 2: 1.913e-05, 3: 2.169e-04, 4: 1.202e-04, 5: 9.134e-05, 6: 6.836e-04, 7: 2.262e-05, 8: 3.862e-05, 9: 3.202e-05]
[2025-07-17 15:50:27] DEBUG - PINN - Epoch 200 boundary top    loss: 4.074e-04 | szz=pressure: 3.459e-04, syz=0: 4.602e-05, szx=0: 1.556e-05
[2025-07-17 15:50:27] DEBUG - PINN - Epoch 200 boundary front  loss: 3.465e-04 | sxx=0: 2.123e-04, sxy=0: 8.690e-05, szx=0: 4.729e-05
[2025-07-17 15:50:27] DEBUG - PINN - Epoch 200 boundary back   loss: 8.254e-05 | u=0: 3.203e-05, sxy=0: 3.588e-05, szx=0: 1.463e-05
[2025-07-17 15:50:27] DEBUG - PINN - Epoch 200 boundary right  loss: 4.783e-04 | syy=0: 3.767e-04, sxy=0: 7.383e-05, syz=0: 2.775e-05
[2025-07-17 15:50:27] DEBUG - PINN - Epoch 200 boundary left   loss: 2.058e-04 | v=0: 9.564e-05, sxy=0: 4.688e-05, syz=0: 6.330e-05
[2025-07-17 15:50:27] DEBUG - PINN - Epoch 200 boundary bottom loss: 2.101e-04 | gn=0: 1.894e-04, t1=0: 1.194e-05, t2=0: 8.754e-06
[2025-07-17 15:50:27] DEBUG - PINN - Epoch 200 TOTALS -> PDE: 1.238e-03, Bcs: 1.731e-03, LOSS: 2.969e-03
[2025-07-17 15:50:32] DEBUG - PINN - Epoch 250 PDE terms: [1: 1.506e-05, 2: 1.600e-05, 3: 1.658e-04, 4: 9.094e-05, 5: 4.748e-05, 6: 5.372e-04, 7: 2.903e-05, 8: 3.117e-05, 9: 2.829e-05]
[2025-07-17 15:50:32] DEBUG - PINN - Epoch 250 boundary top    loss: 4.112e-04 | szz=pressure: 3.560e-04, syz=0: 2.622e-05, szx=0: 2.898e-05
[2025-07-17 15:50:32] DEBUG - PINN - Epoch 250 boundary front  loss: 2.211e-04 | sxx=0: 1.365e-04, sxy=0: 6.385e-05, szx=0: 2.075e-05
[2025-07-17 15:50:32] DEBUG - PINN - Epoch 250 boundary back   loss: 5.430e-05 | u=0: 2.110e-05, sxy=0: 1.526e-05, szx=0: 1.795e-05
[2025-07-17 15:50:32] DEBUG - PINN - Epoch 250 boundary right  loss: 3.518e-04 | syy=0: 2.904e-04, sxy=0: 4.719e-05, syz=0: 1.421e-05
[2025-07-17 15:50:32] DEBUG - PINN - Epoch 250 boundary left   loss: 1.442e-04 | v=0: 7.539e-05, sxy=0: 2.695e-05, syz=0: 4.184e-05
[2025-07-17 15:50:32] DEBUG - PINN - Epoch 250 boundary bottom loss: 3.675e-05 | gn=0: 1.938e-05, t1=0: 1.237e-05, t2=0: 5.000e-06
[2025-07-17 15:50:32] DEBUG - PINN - Epoch 250 TOTALS -> PDE: 9.609e-04, Bcs: 1.219e-03, LOSS: 2.180e-03
[2025-07-17 15:50:36] DEBUG - PINN - Epoch 300 PDE terms: [1: 1.149e-05, 2: 1.120e-05, 3: 9.790e-05, 4: 7.710e-05, 5: 4.863e-05, 6: 2.536e-04, 7: 2.317e-05, 8: 3.300e-05, 9: 1.354e-05]
[2025-07-17 15:50:36] DEBUG - PINN - Epoch 300 boundary top    loss: 2.455e-04 | szz=pressure: 2.005e-04, syz=0: 3.499e-05, szx=0: 1.009e-05
[2025-07-17 15:50:36] DEBUG - PINN - Epoch 300 boundary front  loss: 1.156e-04 | sxx=0: 5.217e-05, sxy=0: 5.265e-05, szx=0: 1.075e-05
[2025-07-17 15:50:36] DEBUG - PINN - Epoch 300 boundary back   loss: 2.222e-05 | u=0: 1.067e-05, sxy=0: 7.252e-06, szx=0: 4.302e-06
[2025-07-17 15:50:36] DEBUG - PINN - Epoch 300 boundary right  loss: 2.174e-04 | syy=0: 1.723e-04, sxy=0: 3.474e-05, syz=0: 1.036e-05
[2025-07-17 15:50:36] DEBUG - PINN - Epoch 300 boundary left   loss: 8.423e-05 | v=0: 2.821e-05, sxy=0: 2.022e-05, syz=0: 3.580e-05
[2025-07-17 15:50:36] DEBUG - PINN - Epoch 300 boundary bottom loss: 3.092e-05 | gn=0: 2.112e-05, t1=0: 4.612e-06, t2=0: 5.193e-06
[2025-07-17 15:50:36] DEBUG - PINN - Epoch 300 TOTALS -> PDE: 5.696e-04, Bcs: 7.159e-04, LOSS: 1.285e-03
[2025-07-17 15:50:40] DEBUG - PINN - Epoch 350 PDE terms: [1: 1.840e-05, 2: 1.881e-05, 3: 5.707e-05, 4: 2.362e-03, 5: 2.070e-03, 6: 1.448e-02, 7: 2.349e-05, 8: 3.019e-05, 9: 1.120e-04]
[2025-07-17 15:50:40] DEBUG - PINN - Epoch 350 boundary top    loss: 9.014e-03 | szz=pressure: 8.838e-03, syz=0: 9.306e-05, szx=0: 8.320e-05
[2025-07-17 15:50:40] DEBUG - PINN - Epoch 350 boundary front  loss: 1.432e-03 | sxx=0: 1.348e-03, sxy=0: 4.556e-05, szx=0: 3.821e-05
[2025-07-17 15:50:40] DEBUG - PINN - Epoch 350 boundary back   loss: 9.864e-05 | u=0: 1.715e-05, sxy=0: 5.259e-06, szx=0: 7.623e-05
[2025-07-17 15:50:40] DEBUG - PINN - Epoch 350 boundary right  loss: 1.399e-03 | syy=0: 1.350e-03, sxy=0: 2.640e-05, syz=0: 2.236e-05
[2025-07-17 15:50:40] DEBUG - PINN - Epoch 350 boundary left   loss: 1.357e-04 | v=0: 7.133e-05, sxy=0: 1.854e-05, syz=0: 4.587e-05
[2025-07-17 15:50:41] DEBUG - PINN - Epoch 350 boundary bottom loss: 3.245e-03 | gn=0: 3.212e-03, t1=0: 1.964e-05, t2=0: 1.286e-05
[2025-07-17 15:50:41] DEBUG - PINN - Epoch 350 TOTALS -> PDE: 1.917e-02, Bcs: 1.532e-02, LOSS: 3.450e-02
[2025-07-17 15:50:45] DEBUG - PINN - Epoch 400 PDE terms: [1: 1.006e-05, 2: 7.462e-06, 3: 5.140e-05, 4: 5.905e-05, 5: 3.923e-05, 6: 1.867e-04, 7: 1.594e-05, 8: 2.272e-05, 9: 7.738e-06]
[2025-07-17 15:50:45] DEBUG - PINN - Epoch 400 boundary top    loss: 1.197e-04 | szz=pressure: 9.412e-05, syz=0: 1.838e-05, szx=0: 7.241e-06
[2025-07-17 15:50:45] DEBUG - PINN - Epoch 400 boundary front  loss: 7.528e-05 | sxx=0: 3.535e-05, sxy=0: 3.015e-05, szx=0: 9.784e-06
[2025-07-17 15:50:45] DEBUG - PINN - Epoch 400 boundary back   loss: 1.320e-05 | u=0: 4.542e-06, sxy=0: 5.576e-06, szx=0: 3.079e-06
[2025-07-17 15:50:45] DEBUG - PINN - Epoch 400 boundary right  loss: 1.561e-04 | syy=0: 1.295e-04, sxy=0: 1.801e-05, syz=0: 8.539e-06
[2025-07-17 15:50:45] DEBUG - PINN - Epoch 400 boundary left   loss: 4.530e-05 | v=0: 1.060e-05, sxy=0: 1.416e-05, syz=0: 2.055e-05
[2025-07-17 15:50:45] DEBUG - PINN - Epoch 400 boundary bottom loss: 2.208e-05 | gn=0: 1.467e-05, t1=0: 1.707e-06, t2=0: 5.706e-06
[2025-07-17 15:50:45] DEBUG - PINN - Epoch 400 TOTALS -> PDE: 4.003e-04, Bcs: 4.317e-04, LOSS: 8.320e-04
[2025-07-17 15:50:54] DEBUG - PINN - Epoch 450 PDE terms: [1: 8.312e-06, 2: 4.788e-06, 3: 3.643e-05, 4: 6.226e-05, 5: 4.170e-05, 6: 9.323e-05, 7: 1.453e-05, 8: 1.839e-05, 9: 6.336e-06]
[2025-07-17 15:50:54] DEBUG - PINN - Epoch 450 boundary top    loss: 7.755e-05 | szz=pressure: 5.573e-05, syz=0: 1.589e-05, szx=0: 5.932e-06
[2025-07-17 15:50:54] DEBUG - PINN - Epoch 450 boundary front  loss: 3.838e-05 | sxx=0: 8.145e-06, sxy=0: 2.439e-05, szx=0: 5.851e-06
[2025-07-17 15:50:54] DEBUG - PINN - Epoch 450 boundary back   loss: 1.187e-05 | u=0: 4.388e-06, sxy=0: 5.300e-06, szx=0: 2.180e-06
[2025-07-17 15:50:54] DEBUG - PINN - Epoch 450 boundary right  loss: 8.328e-05 | syy=0: 6.429e-05, sxy=0: 1.277e-05, syz=0: 6.226e-06
[2025-07-17 15:50:54] DEBUG - PINN - Epoch 450 boundary left   loss: 3.344e-05 | v=0: 3.186e-06, sxy=0: 1.404e-05, syz=0: 1.622e-05
[2025-07-17 15:50:54] DEBUG - PINN - Epoch 450 boundary bottom loss: 9.785e-06 | gn=0: 4.887e-06, t1=0: 2.220e-06, t2=0: 2.679e-06
[2025-07-17 15:50:54] DEBUG - PINN - Epoch 450 TOTALS -> PDE: 2.860e-04, Bcs: 2.543e-04, LOSS: 5.403e-04
[2025-07-17 15:51:05] DEBUG - PINN - Epoch 500 PDE terms: [1: 7.462e-06, 2: 7.065e-06, 3: 4.850e-05, 4: 1.793e-04, 5: 2.205e-04, 6: 1.100e-03, 7: 2.039e-05, 8: 1.968e-05, 9: 1.814e-05]
[2025-07-17 15:51:05] DEBUG - PINN - Epoch 500 boundary top    loss: 4.121e-04 | szz=pressure: 3.802e-04, syz=0: 1.513e-05, szx=0: 1.673e-05
[2025-07-17 15:51:05] DEBUG - PINN - Epoch 500 boundary front  loss: 1.493e-04 | sxx=0: 1.171e-04, sxy=0: 2.045e-05, szx=0: 1.171e-05
[2025-07-17 15:51:05] DEBUG - PINN - Epoch 500 boundary back   loss: 2.075e-05 | u=0: 7.895e-06, sxy=0: 6.011e-06, szx=0: 6.840e-06
[2025-07-17 15:51:05] DEBUG - PINN - Epoch 500 boundary right  loss: 1.944e-04 | syy=0: 1.683e-04, sxy=0: 1.421e-05, syz=0: 1.188e-05
[2025-07-17 15:51:05] DEBUG - PINN - Epoch 500 boundary left   loss: 4.357e-05 | v=0: 2.324e-05, sxy=0: 1.277e-05, syz=0: 7.556e-06
[2025-07-17 15:51:05] DEBUG - PINN - Epoch 500 boundary bottom loss: 1.173e-04 | gn=0: 1.067e-04, t1=0: 8.384e-06, t2=0: 2.175e-06
[2025-07-17 15:51:05] DEBUG - PINN - Epoch 500 TOTALS -> PDE: 1.621e-03, Bcs: 9.373e-04, LOSS: 2.559e-03
[2025-07-17 15:51:15] DEBUG - PINN - Epoch 550 PDE terms: [1: 7.578e-06, 2: 5.243e-06, 3: 3.114e-05, 4: 5.465e-05, 5: 3.682e-05, 6: 9.468e-05, 7: 1.093e-05, 8: 1.425e-05, 9: 5.389e-06]
[2025-07-17 15:51:15] DEBUG - PINN - Epoch 550 boundary top    loss: 7.244e-05 | szz=pressure: 5.514e-05, syz=0: 1.237e-05, szx=0: 4.936e-06
[2025-07-17 15:51:15] DEBUG - PINN - Epoch 550 boundary front  loss: 3.072e-05 | sxx=0: 8.277e-06, sxy=0: 1.627e-05, szx=0: 6.174e-06
[2025-07-17 15:51:15] DEBUG - PINN - Epoch 550 boundary back   loss: 1.158e-05 | u=0: 4.468e-06, sxy=0: 5.246e-06, szx=0: 1.868e-06
[2025-07-17 15:51:15] DEBUG - PINN - Epoch 550 boundary right  loss: 7.653e-05 | syy=0: 6.084e-05, sxy=0: 9.901e-06, syz=0: 5.789e-06
[2025-07-17 15:51:15] DEBUG - PINN - Epoch 550 boundary left   loss: 2.287e-05 | v=0: 2.956e-06, sxy=0: 9.326e-06, syz=0: 1.059e-05
[2025-07-17 15:51:15] DEBUG - PINN - Epoch 550 boundary bottom loss: 9.364e-06 | gn=0: 5.422e-06, t1=0: 1.358e-06, t2=0: 2.584e-06
[2025-07-17 15:51:15] DEBUG - PINN - Epoch 550 TOTALS -> PDE: 2.607e-04, Bcs: 2.235e-04, LOSS: 4.842e-04
[2025-07-17 15:51:19] DEBUG - PINN - Epoch 600 PDE terms: [1: 6.062e-06, 2: 3.983e-06, 3: 2.618e-05, 4: 5.794e-05, 5: 3.807e-05, 6: 6.811e-05, 7: 9.332e-06, 8: 1.194e-05, 9: 4.116e-06]
[2025-07-17 15:51:19] DEBUG - PINN - Epoch 600 boundary top    loss: 5.675e-05 | szz=pressure: 4.219e-05, syz=0: 9.910e-06, szx=0: 4.650e-06
[2025-07-17 15:51:19] DEBUG - PINN - Epoch 600 boundary front  loss: 2.215e-05 | sxx=0: 5.260e-06, sxy=0: 1.295e-05, szx=0: 3.935e-06
[2025-07-17 15:51:19] DEBUG - PINN - Epoch 600 boundary back   loss: 1.225e-05 | u=0: 4.860e-06, sxy=0: 5.346e-06, szx=0: 2.043e-06
[2025-07-17 15:51:19] DEBUG - PINN - Epoch 600 boundary right  loss: 4.763e-05 | syy=0: 3.525e-05, sxy=0: 7.884e-06, syz=0: 4.494e-06
[2025-07-17 15:51:19] DEBUG - PINN - Epoch 600 boundary left   loss: 1.800e-05 | v=0: 1.507e-06, sxy=0: 8.161e-06, syz=0: 8.335e-06
[2025-07-17 15:51:19] DEBUG - PINN - Epoch 600 boundary bottom loss: 8.071e-06 | gn=0: 4.954e-06, t1=0: 1.356e-06, t2=0: 1.760e-06
[2025-07-17 15:51:19] DEBUG - PINN - Epoch 600 TOTALS -> PDE: 2.257e-04, Bcs: 1.649e-04, LOSS: 3.906e-04
[2025-07-17 15:51:23] DEBUG - PINN - Epoch 650 PDE terms: [1: 4.650e-06, 2: 5.081e-06, 3: 2.425e-05, 4: 4.690e-05, 5: 3.359e-05, 6: 1.545e-04, 7: 7.778e-06, 8: 9.591e-06, 9: 6.997e-06]
[2025-07-17 15:51:23] DEBUG - PINN - Epoch 650 boundary top    loss: 6.421e-05 | szz=pressure: 4.427e-05, syz=0: 1.003e-05, szx=0: 9.911e-06
[2025-07-17 15:51:23] DEBUG - PINN - Epoch 650 boundary front  loss: 3.051e-05 | sxx=0: 1.334e-05, sxy=0: 1.156e-05, szx=0: 5.612e-06
[2025-07-17 15:51:23] DEBUG - PINN - Epoch 650 boundary back   loss: 1.179e-05 | u=0: 4.909e-06, sxy=0: 4.033e-06, szx=0: 2.848e-06
[2025-07-17 15:51:23] DEBUG - PINN - Epoch 650 boundary right  loss: 7.199e-05 | syy=0: 5.413e-05, sxy=0: 8.789e-06, syz=0: 9.075e-06
[2025-07-17 15:51:23] DEBUG - PINN - Epoch 650 boundary left   loss: 1.644e-05 | v=0: 5.236e-06, sxy=0: 6.276e-06, syz=0: 4.927e-06
[2025-07-17 15:51:23] DEBUG - PINN - Epoch 650 boundary bottom loss: 2.356e-05 | gn=0: 1.945e-05, t1=0: 1.682e-06, t2=0: 2.420e-06
[2025-07-17 15:51:23] DEBUG - PINN - Epoch 650 TOTALS -> PDE: 2.933e-04, Bcs: 2.185e-04, LOSS: 5.118e-04
[2025-07-17 15:51:28] DEBUG - PINN - Epoch 700 PDE terms: [1: 4.843e-06, 2: 3.714e-06, 3: 2.369e-05, 4: 5.022e-05, 5: 3.187e-05, 6: 7.496e-05, 7: 7.261e-06, 8: 9.457e-06, 9: 3.712e-06]
[2025-07-17 15:51:28] DEBUG - PINN - Epoch 700 boundary top    loss: 5.373e-05 | szz=pressure: 4.245e-05, syz=0: 7.925e-06, szx=0: 3.350e-06
[2025-07-17 15:51:28] DEBUG - PINN - Epoch 700 boundary front  loss: 1.742e-05 | sxx=0: 4.927e-06, sxy=0: 8.789e-06, szx=0: 3.709e-06
[2025-07-17 15:51:28] DEBUG - PINN - Epoch 700 boundary back   loss: 1.059e-05 | u=0: 4.334e-06, sxy=0: 4.385e-06, szx=0: 1.876e-06
[2025-07-17 15:51:28] DEBUG - PINN - Epoch 700 boundary right  loss: 4.030e-05 | syy=0: 3.052e-05, sxy=0: 6.161e-06, syz=0: 3.616e-06
[2025-07-17 15:51:28] DEBUG - PINN - Epoch 700 boundary left   loss: 1.376e-05 | v=0: 1.846e-06, sxy=0: 6.064e-06, syz=0: 5.848e-06
[2025-07-17 15:51:28] DEBUG - PINN - Epoch 700 boundary bottom loss: 7.625e-06 | gn=0: 4.431e-06, t1=0: 1.138e-06, t2=0: 2.056e-06
[2025-07-17 15:51:28] DEBUG - PINN - Epoch 700 TOTALS -> PDE: 2.097e-04, Bcs: 1.434e-04, LOSS: 3.531e-04
[2025-07-17 15:51:32] DEBUG - PINN - Epoch 750 PDE terms: [1: 4.229e-06, 2: 4.079e-06, 3: 2.267e-05, 4: 1.817e-03, 5: 1.947e-03, 6: 9.716e-03, 7: 7.809e-06, 8: 2.070e-05, 9: 4.693e-06]
[2025-07-17 15:51:32] DEBUG - PINN - Epoch 750 boundary top    loss: 3.480e-03 | szz=pressure: 3.464e-03, syz=0: 1.169e-05, szx=0: 3.536e-06
[2025-07-17 15:51:32] DEBUG - PINN - Epoch 750 boundary front  loss: 1.138e-03 | sxx=0: 1.128e-03, sxy=0: 5.097e-06, szx=0: 4.865e-06
[2025-07-17 15:51:32] DEBUG - PINN - Epoch 750 boundary back   loss: 3.218e-05 | u=0: 2.671e-05, sxy=0: 3.883e-06, szx=0: 1.586e-06
[2025-07-17 15:51:32] DEBUG - PINN - Epoch 750 boundary right  loss: 1.390e-03 | syy=0: 1.372e-03, sxy=0: 6.760e-06, syz=0: 1.099e-05
[2025-07-17 15:51:32] DEBUG - PINN - Epoch 750 boundary left   loss: 1.066e-04 | v=0: 9.356e-05, sxy=0: 5.032e-06, syz=0: 7.993e-06
[2025-07-17 15:51:32] DEBUG - PINN - Epoch 750 boundary bottom loss: 7.894e-04 | gn=0: 7.581e-04, t1=0: 2.211e-05, t2=0: 9.243e-06
[2025-07-17 15:51:32] DEBUG - PINN - Epoch 750 TOTALS -> PDE: 1.354e-02, Bcs: 6.936e-03, LOSS: 2.048e-02
[2025-07-17 15:51:36] DEBUG - PINN - Epoch 800 PDE terms: [1: 4.111e-06, 2: 3.687e-06, 3: 2.017e-05, 4: 4.669e-05, 5: 3.001e-05, 6: 1.176e-04, 7: 6.078e-06, 8: 8.352e-06, 9: 4.247e-06]
[2025-07-17 15:51:36] DEBUG - PINN - Epoch 800 boundary top    loss: 8.585e-05 | szz=pressure: 7.542e-05, syz=0: 6.832e-06, szx=0: 3.596e-06
[2025-07-17 15:51:36] DEBUG - PINN - Epoch 800 boundary front  loss: 1.955e-05 | sxx=0: 7.757e-06, sxy=0: 7.008e-06, szx=0: 4.790e-06
[2025-07-17 15:51:36] DEBUG - PINN - Epoch 800 boundary back   loss: 1.065e-05 | u=0: 4.864e-06, sxy=0: 4.044e-06, szx=0: 1.740e-06
[2025-07-17 15:51:36] DEBUG - PINN - Epoch 800 boundary right  loss: 4.257e-05 | syy=0: 3.325e-05, sxy=0: 5.862e-06, syz=0: 3.454e-06
[2025-07-17 15:51:36] DEBUG - PINN - Epoch 800 boundary left   loss: 1.170e-05 | v=0: 2.104e-06, sxy=0: 4.759e-06, syz=0: 4.841e-06
[2025-07-17 15:51:36] DEBUG - PINN - Epoch 800 boundary bottom loss: 1.061e-05 | gn=0: 7.420e-06, t1=0: 8.449e-07, t2=0: 2.347e-06
[2025-07-17 15:51:36] DEBUG - PINN - Epoch 800 TOTALS -> PDE: 2.409e-04, Bcs: 1.809e-04, LOSS: 4.219e-04
[2025-07-17 15:51:41] DEBUG - PINN - Epoch 850 PDE terms: [1: 3.409e-06, 2: 2.555e-06, 3: 1.770e-05, 4: 4.421e-05, 5: 2.711e-05, 6: 4.813e-05, 7: 5.016e-06, 8: 6.711e-06, 9: 2.681e-06]
[2025-07-17 15:51:41] DEBUG - PINN - Epoch 850 boundary top    loss: 4.156e-05 | szz=pressure: 3.349e-05, syz=0: 5.199e-06, szx=0: 2.874e-06
[2025-07-17 15:51:41] DEBUG - PINN - Epoch 850 boundary front  loss: 1.168e-05 | sxx=0: 4.149e-06, sxy=0: 5.183e-06, szx=0: 2.346e-06
[2025-07-17 15:51:41] DEBUG - PINN - Epoch 850 boundary back   loss: 9.338e-06 | u=0: 3.737e-06, sxy=0: 3.760e-06, szx=0: 1.840e-06
[2025-07-17 15:51:41] DEBUG - PINN - Epoch 850 boundary right  loss: 2.541e-05 | syy=0: 1.795e-05, sxy=0: 4.671e-06, syz=0: 2.783e-06
[2025-07-17 15:51:41] DEBUG - PINN - Epoch 850 boundary left   loss: 9.458e-06 | v=0: 1.581e-06, sxy=0: 3.750e-06, syz=0: 4.128e-06
[2025-07-17 15:51:41] DEBUG - PINN - Epoch 850 boundary bottom loss: 5.712e-06 | gn=0: 3.513e-06, t1=0: 7.421e-07, t2=0: 1.456e-06
[2025-07-17 15:51:41] DEBUG - PINN - Epoch 850 TOTALS -> PDE: 1.575e-04, Bcs: 1.032e-04, LOSS: 2.607e-04
[2025-07-17 15:51:45] DEBUG - PINN - Epoch 900 PDE terms: [1: 2.888e-06, 2: 4.504e-06, 3: 1.700e-05, 4: 3.946e-05, 5: 2.166e-05, 6: 1.182e-04, 7: 8.382e-06, 8: 7.119e-06, 9: 7.772e-06]
[2025-07-17 15:51:45] DEBUG - PINN - Epoch 900 boundary top    loss: 7.692e-05 | szz=pressure: 5.853e-05, syz=0: 7.860e-06, szx=0: 1.053e-05
[2025-07-17 15:51:45] DEBUG - PINN - Epoch 900 boundary front  loss: 2.553e-05 | sxx=0: 1.443e-05, sxy=0: 7.074e-06, szx=0: 4.030e-06
[2025-07-17 15:51:45] DEBUG - PINN - Epoch 900 boundary back   loss: 1.257e-05 | u=0: 4.304e-06, sxy=0: 3.438e-06, szx=0: 4.832e-06
[2025-07-17 15:51:45] DEBUG - PINN - Epoch 900 boundary right  loss: 5.515e-05 | syy=0: 4.444e-05, sxy=0: 5.797e-06, syz=0: 4.911e-06
[2025-07-17 15:51:45] DEBUG - PINN - Epoch 900 boundary left   loss: 1.012e-05 | v=0: 3.758e-06, sxy=0: 3.277e-06, syz=0: 3.085e-06
[2025-07-17 15:51:45] DEBUG - PINN - Epoch 900 boundary bottom loss: 2.220e-05 | gn=0: 1.732e-05, t1=0: 1.128e-06, t2=0: 3.749e-06
[2025-07-17 15:51:45] DEBUG - PINN - Epoch 900 TOTALS -> PDE: 2.270e-04, Bcs: 2.025e-04, LOSS: 4.295e-04
[2025-07-17 15:51:49] DEBUG - PINN - Epoch 950 PDE terms: [1: 3.080e-06, 2: 2.442e-06, 3: 1.710e-05, 4: 3.808e-05, 5: 2.257e-05, 6: 5.216e-05, 7: 4.616e-06, 8: 6.519e-06, 9: 2.842e-06]
[2025-07-17 15:51:49] DEBUG - PINN - Epoch 950 boundary top    loss: 4.337e-05 | szz=pressure: 3.548e-05, syz=0: 5.178e-06, szx=0: 2.711e-06
[2025-07-17 15:51:49] DEBUG - PINN - Epoch 950 boundary front  loss: 1.235e-05 | sxx=0: 5.286e-06, sxy=0: 4.369e-06, szx=0: 2.696e-06
[2025-07-17 15:51:49] DEBUG - PINN - Epoch 950 boundary back   loss: 9.414e-06 | u=0: 3.991e-06, sxy=0: 3.558e-06, szx=0: 1.865e-06
[2025-07-17 15:51:49] DEBUG - PINN - Epoch 950 boundary right  loss: 2.684e-05 | syy=0: 1.976e-05, sxy=0: 4.225e-06, syz=0: 2.852e-06
[2025-07-17 15:51:49] DEBUG - PINN - Epoch 950 boundary left   loss: 8.845e-06 | v=0: 1.656e-06, sxy=0: 3.231e-06, syz=0: 3.958e-06
[2025-07-17 15:51:49] DEBUG - PINN - Epoch 950 boundary bottom loss: 6.876e-06 | gn=0: 4.494e-06, t1=0: 6.397e-07, t2=0: 1.743e-06
[2025-07-17 15:51:49] DEBUG - PINN - Epoch 950 TOTALS -> PDE: 1.494e-04, Bcs: 1.077e-04, LOSS: 2.571e-04
[2025-07-17 15:51:53] DEBUG - PINN - Epoch 1000 PDE terms: [1: 2.476e-06, 2: 2.119e-06, 3: 1.481e-05, 4: 8.137e-05, 5: 6.820e-05, 6: 2.457e-04, 7: 4.115e-06, 8: 5.347e-06, 9: 2.071e-06]
[2025-07-17 15:51:53] DEBUG - PINN - Epoch 1000 boundary top    loss: 1.488e-04 | szz=pressure: 1.424e-04, syz=0: 3.839e-06, szx=0: 2.517e-06
[2025-07-17 15:51:53] DEBUG - PINN - Epoch 1000 boundary front  loss: 3.872e-05 | sxx=0: 3.339e-05, sxy=0: 3.453e-06, szx=0: 1.882e-06
[2025-07-17 15:51:53] DEBUG - PINN - Epoch 1000 boundary back   loss: 8.323e-06 | u=0: 3.792e-06, sxy=0: 2.892e-06, szx=0: 1.639e-06
[2025-07-17 15:51:53] DEBUG - PINN - Epoch 1000 boundary right  loss: 5.172e-05 | syy=0: 4.560e-05, sxy=0: 3.662e-06, syz=0: 2.455e-06
[2025-07-17 15:51:53] DEBUG - PINN - Epoch 1000 boundary left   loss: 9.786e-06 | v=0: 3.791e-06, sxy=0: 2.758e-06, syz=0: 3.237e-06
[2025-07-17 15:51:53] DEBUG - PINN - Epoch 1000 boundary bottom loss: 3.635e-05 | gn=0: 3.414e-05, t1=0: 6.083e-07, t2=0: 1.600e-06
[2025-07-17 15:51:53] DEBUG - PINN - Epoch 1000 TOTALS -> PDE: 4.262e-04, Bcs: 2.937e-04, LOSS: 7.199e-04
[2025-07-17 15:51:53] DEBUG - PINN - Saved weights to log/pinn/weights/Step0_layer8_weight.pth
[2025-07-17 15:51:53] DEBUG - PINN - Switching to L-BFGS optimization...
[2025-07-17 15:53:18] DEBUG - PINN - Saved weights to log/pinn/weights/Step0_layer8_weight.pth
[2025-07-17 15:53:18] DEBUG - PINN - Layer 9 top-corner displacement: [0.24875465035438538, 0.24960002303123474, -0.9990783929824829]
[2025-07-17 15:53:18] INFO - PINN - Contact BC pressure: -1.001 from layer 8
[2025-07-17 15:53:18] DEBUG - PINN - Starting Adam training for layer 7 (1000 epochs, lr=1.0e-03)
[2025-07-17 15:53:18] DEBUG - PINN - Point counts: inside=512, top=256, bottom=256, front=256, back=256, right=256, left=256
[2025-07-17 15:53:18] DEBUG - PINN - Inside points shape: (512, 3)
[2025-07-17 15:53:18] DEBUG - PINN - Top points shape:    (256, 3)
[2025-07-17 15:53:18] DEBUG - PINN - Bottom points shape: (256, 3)
[2025-07-17 15:53:18] DEBUG - PINN - Front points shape:  (256, 3)
[2025-07-17 15:53:18] DEBUG - PINN - Back points shape:   (256, 3)
[2025-07-17 15:53:18] DEBUG - PINN - Right points shape:  (256, 3)
[2025-07-17 15:53:18] DEBUG - PINN - Left points shape:   (256, 3)
[2025-07-17 15:53:23] DEBUG - PINN - Epoch 50 PDE terms: [1: 3.030e-04, 2: 2.947e-04, 3: 1.383e-03, 4: 4.337e-04, 5: 1.941e-04, 6: 1.927e-03, 7: 3.328e-04, 8: 5.959e-04, 9: 6.988e-04]
[2025-07-17 15:53:23] DEBUG - PINN - Epoch  50 boundary top    loss: 1.066e-03 | szz=pressure: 4.518e-04, syz=0: 3.528e-04, szx=0: 2.611e-04
[2025-07-17 15:53:23] DEBUG - PINN - Epoch  50 boundary front  loss: 8.466e-04 | sxx=0: 2.105e-04, sxy=0: 4.000e-04, szx=0: 2.361e-04
[2025-07-17 15:53:23] DEBUG - PINN - Epoch  50 boundary back   loss: 2.759e-04 | u=0: 1.013e-04, sxy=0: 1.068e-04, szx=0: 6.773e-05
[2025-07-17 15:53:23] DEBUG - PINN - Epoch  50 boundary right  loss: 1.446e-03 | syy=0: 8.184e-04, sxy=0: 3.212e-04, syz=0: 3.065e-04
[2025-07-17 15:53:23] DEBUG - PINN - Epoch  50 boundary left   loss: 1.081e-03 | v=0: 6.455e-04, sxy=0: 1.125e-04, syz=0: 3.228e-04
[2025-07-17 15:53:23] DEBUG - PINN - Epoch  50 boundary bottom loss: 1.536e-03 | gn=0: 2.529e-04, t1=0: 6.738e-04, t2=0: 6.094e-04
[2025-07-17 15:53:23] DEBUG - PINN - Epoch 50 TOTALS -> PDE: 6.163e-03, Bcs: 6.251e-03, LOSS: 1.241e-02
[2025-07-17 15:53:27] DEBUG - PINN - Epoch 100 PDE terms: [1: 1.045e-04, 2: 2.897e-05, 3: 8.973e-04, 4: 1.062e-04, 5: 1.093e-04, 6: 8.469e-04, 7: 6.280e-05, 8: 3.524e-04, 9: 3.049e-04]
[2025-07-17 15:53:27] DEBUG - PINN - Epoch 100 boundary top    loss: 5.174e-04 | szz=pressure: 2.296e-04, syz=0: 1.863e-04, szx=0: 1.016e-04
[2025-07-17 15:53:27] DEBUG - PINN - Epoch 100 boundary front  loss: 3.093e-04 | sxx=0: 5.552e-05, sxy=0: 1.490e-04, szx=0: 1.048e-04
[2025-07-17 15:53:27] DEBUG - PINN - Epoch 100 boundary back   loss: 1.017e-04 | u=0: 1.203e-05, sxy=0: 3.728e-05, szx=0: 5.244e-05
[2025-07-17 15:53:27] DEBUG - PINN - Epoch 100 boundary right  loss: 5.072e-04 | syy=0: 2.481e-04, sxy=0: 1.135e-04, syz=0: 1.456e-04
[2025-07-17 15:53:27] DEBUG - PINN - Epoch 100 boundary left   loss: 1.710e-04 | v=0: 3.953e-05, sxy=0: 2.880e-05, syz=0: 1.027e-04
[2025-07-17 15:53:27] DEBUG - PINN - Epoch 100 boundary bottom loss: 5.531e-04 | gn=0: 8.758e-05, t1=0: 2.089e-04, t2=0: 2.566e-04
[2025-07-17 15:53:27] DEBUG - PINN - Epoch 100 TOTALS -> PDE: 2.813e-03, Bcs: 2.160e-03, LOSS: 4.973e-03
[2025-07-17 15:53:31] DEBUG - PINN - Epoch 150 PDE terms: [1: 7.844e-05, 2: 1.004e-05, 3: 6.409e-04, 4: 7.906e-05, 5: 6.183e-05, 6: 5.831e-04, 7: 3.932e-05, 8: 1.914e-04, 9: 1.471e-04]
[2025-07-17 15:53:31] DEBUG - PINN - Epoch 150 boundary top    loss: 4.003e-04 | szz=pressure: 2.329e-04, syz=0: 1.123e-04, szx=0: 5.514e-05
[2025-07-17 15:53:31] DEBUG - PINN - Epoch 150 boundary front  loss: 1.462e-04 | sxx=0: 2.015e-05, sxy=0: 6.711e-05, szx=0: 5.895e-05
[2025-07-17 15:53:31] DEBUG - PINN - Epoch 150 boundary back   loss: 8.070e-05 | u=0: 8.547e-06, sxy=0: 3.011e-05, szx=0: 4.204e-05
[2025-07-17 15:53:31] DEBUG - PINN - Epoch 150 boundary right  loss: 2.685e-04 | syy=0: 1.407e-04, sxy=0: 5.553e-05, syz=0: 7.223e-05
[2025-07-17 15:53:31] DEBUG - PINN - Epoch 150 boundary left   loss: 1.388e-04 | v=0: 2.151e-05, sxy=0: 2.554e-05, syz=0: 9.178e-05
[2025-07-17 15:53:31] DEBUG - PINN - Epoch 150 boundary bottom loss: 3.057e-04 | gn=0: 7.633e-05, t1=0: 1.045e-04, t2=0: 1.249e-04
[2025-07-17 15:53:31] DEBUG - PINN - Epoch 150 TOTALS -> PDE: 1.831e-03, Bcs: 1.340e-03, LOSS: 3.171e-03
[2025-07-17 15:53:36] DEBUG - PINN - Epoch 200 PDE terms: [1: 6.799e-05, 2: 7.934e-06, 3: 4.741e-04, 4: 8.304e-05, 5: 6.254e-05, 6: 5.858e-04, 7: 3.291e-05, 8: 1.288e-04, 9: 9.327e-05]
[2025-07-17 15:53:36] DEBUG - PINN - Epoch 200 boundary top    loss: 2.241e-04 | szz=pressure: 1.098e-04, syz=0: 8.022e-05, szx=0: 3.417e-05
[2025-07-17 15:53:36] DEBUG - PINN - Epoch 200 boundary front  loss: 1.488e-04 | sxx=0: 4.863e-05, sxy=0: 5.115e-05, szx=0: 4.906e-05
[2025-07-17 15:53:36] DEBUG - PINN - Epoch 200 boundary back   loss: 6.301e-05 | u=0: 7.309e-06, sxy=0: 2.479e-05, szx=0: 3.091e-05
[2025-07-17 15:53:36] DEBUG - PINN - Epoch 200 boundary right  loss: 2.225e-04 | syy=0: 1.311e-04, sxy=0: 4.343e-05, syz=0: 4.798e-05
[2025-07-17 15:53:36] DEBUG - PINN - Epoch 200 boundary left   loss: 1.153e-04 | v=0: 1.553e-05, sxy=0: 2.196e-05, syz=0: 7.782e-05
[2025-07-17 15:53:36] DEBUG - PINN - Epoch 200 boundary bottom loss: 2.310e-04 | gn=0: 8.281e-05, t1=0: 6.619e-05, t2=0: 8.203e-05
[2025-07-17 15:53:36] DEBUG - PINN - Epoch 200 TOTALS -> PDE: 1.536e-03, Bcs: 1.005e-03, LOSS: 2.541e-03
[2025-07-17 15:53:40] DEBUG - PINN - Epoch 250 PDE terms: [1: 6.883e-05, 2: 8.502e-06, 3: 3.145e-04, 4: 6.241e-05, 5: 4.170e-05, 6: 4.790e-04, 7: 2.762e-05, 8: 6.694e-05, 9: 6.713e-05]
[2025-07-17 15:53:40] DEBUG - PINN - Epoch 250 boundary top    loss: 3.021e-04 | szz=pressure: 2.220e-04, syz=0: 5.139e-05, szx=0: 2.878e-05
[2025-07-17 15:53:40] DEBUG - PINN - Epoch 250 boundary front  loss: 9.566e-05 | sxx=0: 2.306e-05, sxy=0: 4.247e-05, szx=0: 3.013e-05
[2025-07-17 15:53:40] DEBUG - PINN - Epoch 250 boundary back   loss: 4.855e-05 | u=0: 7.844e-06, sxy=0: 1.884e-05, szx=0: 2.187e-05
[2025-07-17 15:53:40] DEBUG - PINN - Epoch 250 boundary right  loss: 1.322e-04 | syy=0: 7.284e-05, sxy=0: 3.456e-05, syz=0: 2.484e-05
[2025-07-17 15:53:40] DEBUG - PINN - Epoch 250 boundary left   loss: 8.238e-05 | v=0: 9.322e-06, sxy=0: 1.929e-05, syz=0: 5.377e-05
[2025-07-17 15:53:40] DEBUG - PINN - Epoch 250 boundary bottom loss: 2.030e-04 | gn=0: 1.183e-04, t1=0: 3.486e-05, t2=0: 4.984e-05
[2025-07-17 15:53:40] DEBUG - PINN - Epoch 250 TOTALS -> PDE: 1.137e-03, Bcs: 8.640e-04, LOSS: 2.001e-03
[2025-07-17 15:53:44] DEBUG - PINN - Epoch 300 PDE terms: [1: 4.757e-05, 2: 7.937e-06, 3: 1.776e-04, 4: 2.473e-04, 5: 2.055e-04, 6: 1.449e-03, 7: 2.891e-05, 8: 5.564e-05, 9: 5.895e-05]
[2025-07-17 15:53:44] DEBUG - PINN - Epoch 300 boundary top    loss: 1.310e-03 | szz=pressure: 1.246e-03, syz=0: 3.906e-05, szx=0: 2.474e-05
[2025-07-17 15:53:44] DEBUG - PINN - Epoch 300 boundary front  loss: 1.687e-04 | sxx=0: 1.153e-04, sxy=0: 3.227e-05, szx=0: 2.111e-05
[2025-07-17 15:53:44] DEBUG - PINN - Epoch 300 boundary back   loss: 4.091e-05 | u=0: 5.880e-06, sxy=0: 1.677e-05, szx=0: 1.826e-05
[2025-07-17 15:53:44] DEBUG - PINN - Epoch 300 boundary right  loss: 1.816e-04 | syy=0: 1.376e-04, sxy=0: 2.900e-05, syz=0: 1.494e-05
[2025-07-17 15:53:44] DEBUG - PINN - Epoch 300 boundary left   loss: 7.129e-05 | v=0: 6.413e-06, sxy=0: 1.813e-05, syz=0: 4.675e-05
[2025-07-17 15:53:44] DEBUG - PINN - Epoch 300 boundary bottom loss: 8.992e-04 | gn=0: 8.429e-04, t1=0: 2.398e-05, t2=0: 3.225e-05
[2025-07-17 15:53:44] DEBUG - PINN - Epoch 300 TOTALS -> PDE: 2.278e-03, Bcs: 2.672e-03, LOSS: 4.950e-03
[2025-07-17 15:53:48] DEBUG - PINN - Epoch 350 PDE terms: [1: 4.073e-05, 2: 7.111e-06, 3: 1.392e-04, 4: 7.108e-05, 5: 5.065e-05, 6: 4.204e-04, 7: 2.292e-05, 8: 3.723e-05, 9: 3.286e-05]
[2025-07-17 15:53:48] DEBUG - PINN - Epoch 350 boundary top    loss: 1.383e-04 | szz=pressure: 1.091e-04, syz=0: 2.092e-05, szx=0: 8.297e-06
[2025-07-17 15:53:48] DEBUG - PINN - Epoch 350 boundary front  loss: 7.594e-05 | sxx=0: 3.230e-05, sxy=0: 2.595e-05, szx=0: 1.769e-05
[2025-07-17 15:53:48] DEBUG - PINN - Epoch 350 boundary back   loss: 3.382e-05 | u=0: 4.679e-06, sxy=0: 1.335e-05, szx=0: 1.579e-05
[2025-07-17 15:53:48] DEBUG - PINN - Epoch 350 boundary right  loss: 8.862e-05 | syy=0: 5.630e-05, sxy=0: 2.160e-05, syz=0: 1.072e-05
[2025-07-17 15:53:48] DEBUG - PINN - Epoch 350 boundary left   loss: 4.857e-05 | v=0: 3.999e-06, sxy=0: 1.342e-05, syz=0: 3.115e-05
[2025-07-17 15:53:48] DEBUG - PINN - Epoch 350 boundary bottom loss: 1.663e-04 | gn=0: 1.306e-04, t1=0: 1.411e-05, t2=0: 2.168e-05
[2025-07-17 15:53:48] DEBUG - PINN - Epoch 350 TOTALS -> PDE: 8.221e-04, Bcs: 5.516e-04, LOSS: 1.374e-03
[2025-07-17 15:53:53] DEBUG - PINN - Epoch 400 PDE terms: [1: 3.659e-05, 2: 7.214e-06, 3: 9.174e-05, 4: 5.094e-05, 5: 3.186e-05, 6: 3.153e-04, 7: 1.946e-05, 8: 2.236e-05, 9: 2.822e-05]
[2025-07-17 15:53:53] DEBUG - PINN - Epoch 400 boundary top    loss: 1.201e-04 | szz=pressure: 9.664e-05, syz=0: 1.559e-05, szx=0: 7.889e-06
[2025-07-17 15:53:53] DEBUG - PINN - Epoch 400 boundary front  loss: 4.356e-05 | sxx=0: 1.015e-05, sxy=0: 2.086e-05, szx=0: 1.255e-05
[2025-07-17 15:53:53] DEBUG - PINN - Epoch 400 boundary back   loss: 2.329e-05 | u=0: 4.134e-06, sxy=0: 1.097e-05, szx=0: 8.183e-06
[2025-07-17 15:53:53] DEBUG - PINN - Epoch 400 boundary right  loss: 5.913e-05 | syy=0: 3.341e-05, sxy=0: 1.813e-05, syz=0: 7.584e-06
[2025-07-17 15:53:53] DEBUG - PINN - Epoch 400 boundary left   loss: 3.524e-05 | v=0: 2.526e-06, sxy=0: 1.217e-05, syz=0: 2.054e-05
[2025-07-17 15:53:53] DEBUG - PINN - Epoch 400 boundary bottom loss: 4.376e-05 | gn=0: 1.906e-05, t1=0: 9.633e-06, t2=0: 1.507e-05
[2025-07-17 15:53:53] DEBUG - PINN - Epoch 400 TOTALS -> PDE: 6.037e-04, Bcs: 3.251e-04, LOSS: 9.288e-04
[2025-07-17 15:53:57] DEBUG - PINN - Epoch 450 PDE terms: [1: 2.390e-05, 2: 5.370e-06, 3: 6.213e-05, 4: 4.344e-05, 5: 2.416e-05, 6: 2.362e-04, 7: 1.737e-05, 8: 1.754e-05, 9: 1.995e-05]
[2025-07-17 15:53:57] DEBUG - PINN - Epoch 450 boundary top    loss: 4.912e-05 | szz=pressure: 3.618e-05, syz=0: 8.819e-06, szx=0: 4.119e-06
[2025-07-17 15:53:57] DEBUG - PINN - Epoch 450 boundary front  loss: 3.014e-05 | sxx=0: 7.089e-06, sxy=0: 1.552e-05, szx=0: 7.528e-06
[2025-07-17 15:53:57] DEBUG - PINN - Epoch 450 boundary back   loss: 1.916e-05 | u=0: 3.024e-06, sxy=0: 9.649e-06, szx=0: 6.482e-06
[2025-07-17 15:53:57] DEBUG - PINN - Epoch 450 boundary right  loss: 3.974e-05 | syy=0: 2.203e-05, sxy=0: 1.404e-05, syz=0: 3.661e-06
[2025-07-17 15:53:57] DEBUG - PINN - Epoch 450 boundary left   loss: 2.696e-05 | v=0: 1.903e-06, sxy=0: 9.583e-06, syz=0: 1.547e-05
[2025-07-17 15:53:57] DEBUG - PINN - Epoch 450 boundary bottom loss: 3.331e-05 | gn=0: 1.522e-05, t1=0: 7.037e-06, t2=0: 1.105e-05
[2025-07-17 15:53:57] DEBUG - PINN - Epoch 450 TOTALS -> PDE: 4.500e-04, Bcs: 1.984e-04, LOSS: 6.485e-04
[2025-07-17 15:54:01] DEBUG - PINN - Epoch 500 PDE terms: [1: 1.715e-05, 2: 1.039e-05, 3: 2.746e-05, 4: 4.617e-04, 5: 2.656e-04, 6: 3.237e-03, 7: 3.162e-05, 8: 3.959e-05, 9: 4.518e-05]
[2025-07-17 15:54:01] DEBUG - PINN - Epoch 500 boundary top    loss: 4.030e-03 | szz=pressure: 4.016e-03, syz=0: 7.586e-06, szx=0: 6.851e-06
[2025-07-17 15:54:01] DEBUG - PINN - Epoch 500 boundary front  loss: 8.104e-05 | sxx=0: 6.272e-05, sxy=0: 1.091e-05, szx=0: 7.403e-06
[2025-07-17 15:54:01] DEBUG - PINN - Epoch 500 boundary back   loss: 3.394e-05 | u=0: 2.212e-05, sxy=0: 7.709e-06, szx=0: 4.106e-06
[2025-07-17 15:54:01] DEBUG - PINN - Epoch 500 boundary right  loss: 1.084e-04 | syy=0: 9.188e-05, sxy=0: 1.176e-05, syz=0: 4.724e-06
[2025-07-17 15:54:01] DEBUG - PINN - Epoch 500 boundary left   loss: 3.284e-05 | v=0: 1.815e-05, sxy=0: 8.605e-06, syz=0: 6.083e-06
[2025-07-17 15:54:01] DEBUG - PINN - Epoch 500 boundary bottom loss: 8.524e-04 | gn=0: 8.058e-04, t1=0: 2.719e-05, t2=0: 1.934e-05
[2025-07-17 15:54:01] DEBUG - PINN - Epoch 500 TOTALS -> PDE: 4.136e-03, Bcs: 5.139e-03, LOSS: 9.274e-03
[2025-07-17 15:54:05] DEBUG - PINN - Epoch 550 PDE terms: [1: 1.954e-05, 2: 5.859e-06, 3: 4.188e-05, 4: 3.450e-05, 5: 2.130e-05, 6: 2.823e-04, 7: 1.500e-05, 8: 1.313e-05, 9: 2.202e-05]
[2025-07-17 15:54:05] DEBUG - PINN - Epoch 550 boundary top    loss: 5.132e-05 | szz=pressure: 3.823e-05, syz=0: 8.342e-06, szx=0: 4.741e-06
[2025-07-17 15:54:05] DEBUG - PINN - Epoch 550 boundary front  loss: 2.699e-05 | sxx=0: 6.369e-06, sxy=0: 1.222e-05, szx=0: 8.402e-06
[2025-07-17 15:54:05] DEBUG - PINN - Epoch 550 boundary back   loss: 1.759e-05 | u=0: 3.019e-06, sxy=0: 8.174e-06, szx=0: 6.401e-06
[2025-07-17 15:54:05] DEBUG - PINN - Epoch 550 boundary right  loss: 3.882e-05 | syy=0: 2.254e-05, sxy=0: 1.095e-05, syz=0: 5.331e-06
[2025-07-17 15:54:05] DEBUG - PINN - Epoch 550 boundary left   loss: 2.165e-05 | v=0: 1.840e-06, sxy=0: 7.567e-06, syz=0: 1.224e-05
[2025-07-17 15:54:05] DEBUG - PINN - Epoch 550 boundary bottom loss: 2.789e-05 | gn=0: 1.247e-05, t1=0: 6.620e-06, t2=0: 8.806e-06
[2025-07-17 15:54:05] DEBUG - PINN - Epoch 550 TOTALS -> PDE: 4.555e-04, Bcs: 1.843e-04, LOSS: 6.398e-04
[2025-07-17 15:54:10] DEBUG - PINN - Epoch 600 PDE terms: [1: 1.288e-05, 2: 4.448e-06, 3: 3.264e-05, 4: 3.757e-05, 5: 2.021e-05, 6: 1.991e-04, 7: 1.195e-05, 8: 1.056e-05, 9: 1.546e-05]
[2025-07-17 15:54:10] DEBUG - PINN - Epoch 600 boundary top    loss: 3.517e-05 | szz=pressure: 2.806e-05, syz=0: 4.118e-06, szx=0: 2.989e-06
[2025-07-17 15:54:10] DEBUG - PINN - Epoch 600 boundary front  loss: 1.872e-05 | sxx=0: 5.598e-06, sxy=0: 8.857e-06, szx=0: 4.262e-06
[2025-07-17 15:54:10] DEBUG - PINN - Epoch 600 boundary back   loss: 1.304e-05 | u=0: 2.371e-06, sxy=0: 7.181e-06, szx=0: 3.493e-06
[2025-07-17 15:54:10] DEBUG - PINN - Epoch 600 boundary right  loss: 2.513e-05 | syy=0: 1.387e-05, sxy=0: 8.764e-06, syz=0: 2.493e-06
[2025-07-17 15:54:10] DEBUG - PINN - Epoch 600 boundary left   loss: 1.565e-05 | v=0: 1.506e-06, sxy=0: 5.782e-06, syz=0: 8.361e-06
[2025-07-17 15:54:10] DEBUG - PINN - Epoch 600 boundary bottom loss: 2.081e-05 | gn=0: 9.976e-06, t1=0: 4.361e-06, t2=0: 6.470e-06
[2025-07-17 15:54:10] DEBUG - PINN - Epoch 600 TOTALS -> PDE: 3.449e-04, Bcs: 1.285e-04, LOSS: 4.734e-04
[2025-07-17 15:54:14] DEBUG - PINN - Epoch 650 PDE terms: [1: 1.009e-05, 2: 3.441e-06, 3: 2.203e-05, 4: 3.526e-05, 5: 2.103e-05, 6: 1.567e-04, 7: 1.042e-05, 8: 8.499e-06, 9: 1.238e-05]
[2025-07-17 15:54:14] DEBUG - PINN - Epoch 650 boundary top    loss: 2.706e-05 | szz=pressure: 2.219e-05, syz=0: 2.258e-06, szx=0: 2.614e-06
[2025-07-17 15:54:14] DEBUG - PINN - Epoch 650 boundary front  loss: 1.384e-05 | sxx=0: 4.684e-06, sxy=0: 6.743e-06, szx=0: 2.418e-06
[2025-07-17 15:54:14] DEBUG - PINN - Epoch 650 boundary back   loss: 9.923e-06 | u=0: 1.913e-06, sxy=0: 6.198e-06, szx=0: 1.812e-06
[2025-07-17 15:54:14] DEBUG - PINN - Epoch 650 boundary right  loss: 1.724e-05 | syy=0: 8.794e-06, sxy=0: 6.824e-06, syz=0: 1.620e-06
[2025-07-17 15:54:14] DEBUG - PINN - Epoch 650 boundary left   loss: 1.178e-05 | v=0: 1.398e-06, sxy=0: 4.500e-06, syz=0: 5.880e-06
[2025-07-17 15:54:14] DEBUG - PINN - Epoch 650 boundary bottom loss: 2.816e-05 | gn=0: 1.993e-05, t1=0: 3.025e-06, t2=0: 5.200e-06
[2025-07-17 15:54:14] DEBUG - PINN - Epoch 650 TOTALS -> PDE: 2.799e-04, Bcs: 1.080e-04, LOSS: 3.879e-04
[2025-07-17 15:54:18] DEBUG - PINN - Epoch 700 PDE terms: [1: 9.188e-06, 2: 3.680e-06, 3: 1.931e-05, 4: 4.292e-05, 5: 2.292e-05, 6: 2.326e-04, 7: 1.166e-05, 8: 1.429e-05, 9: 1.475e-05]
[2025-07-17 15:54:18] DEBUG - PINN - Epoch 700 boundary top    loss: 4.785e-05 | szz=pressure: 4.028e-05, syz=0: 4.560e-06, szx=0: 3.005e-06
[2025-07-17 15:54:18] DEBUG - PINN - Epoch 700 boundary front  loss: 2.020e-05 | sxx=0: 9.324e-06, sxy=0: 5.054e-06, szx=0: 5.820e-06
[2025-07-17 15:54:18] DEBUG - PINN - Epoch 700 boundary back   loss: 1.402e-05 | u=0: 2.680e-06, sxy=0: 5.011e-06, szx=0: 6.332e-06
[2025-07-17 15:54:18] DEBUG - PINN - Epoch 700 boundary right  loss: 1.971e-05 | syy=0: 1.091e-05, sxy=0: 6.180e-06, syz=0: 2.621e-06
[2025-07-17 15:54:18] DEBUG - PINN - Epoch 700 boundary left   loss: 1.469e-05 | v=0: 3.433e-06, sxy=0: 4.509e-06, syz=0: 6.749e-06
[2025-07-17 15:54:18] DEBUG - PINN - Epoch 700 boundary bottom loss: 3.067e-04 | gn=0: 2.934e-04, t1=0: 4.084e-06, t2=0: 9.210e-06
[2025-07-17 15:54:18] DEBUG - PINN - Epoch 700 TOTALS -> PDE: 3.714e-04, Bcs: 4.231e-04, LOSS: 7.945e-04
[2025-07-17 15:54:22] DEBUG - PINN - Epoch 750 PDE terms: [1: 7.744e-06, 2: 3.694e-06, 3: 1.336e-05, 4: 1.133e-04, 5: 9.616e-05, 6: 7.158e-04, 7: 1.119e-05, 8: 6.994e-06, 9: 1.084e-05]
[2025-07-17 15:54:22] DEBUG - PINN - Epoch 750 boundary top    loss: 4.070e-04 | szz=pressure: 4.029e-04, syz=0: 1.565e-06, szx=0: 2.584e-06
[2025-07-17 15:54:22] DEBUG - PINN - Epoch 750 boundary front  loss: 6.008e-05 | sxx=0: 5.371e-05, sxy=0: 4.246e-06, szx=0: 2.125e-06
[2025-07-17 15:54:22] DEBUG - PINN - Epoch 750 boundary back   loss: 9.381e-06 | u=0: 3.146e-06, sxy=0: 4.432e-06, szx=0: 1.803e-06
[2025-07-17 15:54:22] DEBUG - PINN - Epoch 750 boundary right  loss: 7.797e-05 | syy=0: 7.092e-05, sxy=0: 5.827e-06, syz=0: 1.224e-06
[2025-07-17 15:54:22] DEBUG - PINN - Epoch 750 boundary left   loss: 1.261e-05 | v=0: 2.087e-06, sxy=0: 4.955e-06, syz=0: 5.566e-06
[2025-07-17 15:54:22] DEBUG - PINN - Epoch 750 boundary bottom loss: 1.753e-04 | gn=0: 1.667e-04, t1=0: 3.347e-06, t2=0: 5.222e-06
[2025-07-17 15:54:22] DEBUG - PINN - Epoch 750 TOTALS -> PDE: 9.791e-04, Bcs: 7.424e-04, LOSS: 1.721e-03
[2025-07-17 15:54:27] DEBUG - PINN - Epoch 800 PDE terms: [1: 7.221e-06, 2: 3.120e-06, 3: 1.656e-05, 4: 4.737e-05, 5: 3.532e-05, 6: 2.215e-04, 7: 9.619e-06, 8: 7.321e-06, 9: 9.700e-06]
[2025-07-17 15:54:27] DEBUG - PINN - Epoch 800 boundary top    loss: 8.443e-05 | szz=pressure: 8.150e-05, syz=0: 1.748e-06, szx=0: 1.177e-06
[2025-07-17 15:54:27] DEBUG - PINN - Epoch 800 boundary front  loss: 2.331e-05 | sxx=0: 1.721e-05, sxy=0: 4.198e-06, szx=0: 1.900e-06
[2025-07-17 15:54:27] DEBUG - PINN - Epoch 800 boundary back   loss: 9.124e-06 | u=0: 2.152e-06, sxy=0: 4.332e-06, szx=0: 2.639e-06
[2025-07-17 15:54:27] DEBUG - PINN - Epoch 800 boundary right  loss: 2.344e-05 | syy=0: 1.781e-05, sxy=0: 4.506e-06, syz=0: 1.124e-06
[2025-07-17 15:54:27] DEBUG - PINN - Epoch 800 boundary left   loss: 8.957e-06 | v=0: 2.013e-06, sxy=0: 3.179e-06, syz=0: 3.765e-06
[2025-07-17 15:54:27] DEBUG - PINN - Epoch 800 boundary bottom loss: 6.086e-05 | gn=0: 5.359e-05, t1=0: 2.690e-06, t2=0: 4.580e-06
[2025-07-17 15:54:27] DEBUG - PINN - Epoch 800 TOTALS -> PDE: 3.577e-04, Bcs: 2.101e-04, LOSS: 5.678e-04
[2025-07-17 15:54:31] DEBUG - PINN - Epoch 850 PDE terms: [1: 9.169e-06, 2: 5.228e-06, 3: 1.376e-05, 4: 4.224e-05, 5: 3.832e-05, 6: 3.886e-04, 7: 1.373e-05, 8: 1.102e-05, 9: 1.777e-05]
[2025-07-17 15:54:31] DEBUG - PINN - Epoch 850 boundary top    loss: 3.177e-04 | szz=pressure: 3.011e-04, syz=0: 1.043e-05, szx=0: 6.254e-06
[2025-07-17 15:54:31] DEBUG - PINN - Epoch 850 boundary front  loss: 3.681e-05 | sxx=0: 2.268e-05, sxy=0: 3.574e-06, szx=0: 1.056e-05
[2025-07-17 15:54:31] DEBUG - PINN - Epoch 850 boundary back   loss: 1.466e-05 | u=0: 5.519e-06, sxy=0: 4.759e-06, szx=0: 4.388e-06
[2025-07-17 15:54:31] DEBUG - PINN - Epoch 850 boundary right  loss: 3.355e-05 | syy=0: 2.292e-05, sxy=0: 3.598e-06, syz=0: 7.030e-06
[2025-07-17 15:54:31] DEBUG - PINN - Epoch 850 boundary left   loss: 1.869e-05 | v=0: 9.884e-06, sxy=0: 3.456e-06, syz=0: 5.351e-06
[2025-07-17 15:54:31] DEBUG - PINN - Epoch 850 boundary bottom loss: 5.455e-04 | gn=0: 5.282e-04, t1=0: 7.983e-06, t2=0: 9.315e-06
[2025-07-17 15:54:31] DEBUG - PINN - Epoch 850 TOTALS -> PDE: 5.398e-04, Bcs: 9.670e-04, LOSS: 1.507e-03
[2025-07-17 15:54:35] DEBUG - PINN - Epoch 900 PDE terms: [1: 5.941e-06, 2: 3.044e-06, 3: 1.318e-05, 4: 2.666e-05, 5: 1.985e-05, 6: 1.276e-04, 7: 9.074e-06, 8: 6.169e-06, 9: 9.042e-06]
[2025-07-17 15:54:35] DEBUG - PINN - Epoch 900 boundary top    loss: 3.045e-05 | szz=pressure: 2.754e-05, syz=0: 1.684e-06, szx=0: 1.230e-06
[2025-07-17 15:54:35] DEBUG - PINN - Epoch 900 boundary front  loss: 9.636e-06 | sxx=0: 3.638e-06, sxy=0: 3.747e-06, szx=0: 2.250e-06
[2025-07-17 15:54:35] DEBUG - PINN - Epoch 900 boundary back   loss: 6.991e-06 | u=0: 1.896e-06, sxy=0: 3.464e-06, szx=0: 1.631e-06
[2025-07-17 15:54:35] DEBUG - PINN - Epoch 900 boundary right  loss: 1.052e-05 | syy=0: 5.674e-06, sxy=0: 3.516e-06, syz=0: 1.331e-06
[2025-07-17 15:54:35] DEBUG - PINN - Epoch 900 boundary left   loss: 7.981e-06 | v=0: 1.772e-06, sxy=0: 2.705e-06, syz=0: 3.505e-06
[2025-07-17 15:54:35] DEBUG - PINN - Epoch 900 boundary bottom loss: 1.099e-05 | gn=0: 5.122e-06, t1=0: 2.510e-06, t2=0: 3.356e-06
[2025-07-17 15:54:35] DEBUG - PINN - Epoch 900 TOTALS -> PDE: 2.205e-04, Bcs: 7.657e-05, LOSS: 2.971e-04
[2025-07-17 15:54:40] DEBUG - PINN - Epoch 950 PDE terms: [1: 4.938e-06, 2: 2.650e-06, 3: 1.290e-05, 4: 6.545e-05, 5: 4.704e-05, 6: 3.895e-04, 7: 1.015e-05, 8: 7.867e-06, 9: 8.250e-06]
[2025-07-17 15:54:40] DEBUG - PINN - Epoch 950 boundary top    loss: 1.709e-04 | szz=pressure: 1.659e-04, syz=0: 3.165e-06, szx=0: 1.851e-06
[2025-07-17 15:54:40] DEBUG - PINN - Epoch 950 boundary front  loss: 3.333e-05 | sxx=0: 2.844e-05, sxy=0: 3.018e-06, szx=0: 1.868e-06
[2025-07-17 15:54:40] DEBUG - PINN - Epoch 950 boundary back   loss: 9.359e-06 | u=0: 1.630e-06, sxy=0: 2.704e-06, szx=0: 5.026e-06
[2025-07-17 15:54:40] DEBUG - PINN - Epoch 950 boundary right  loss: 3.287e-05 | syy=0: 2.874e-05, sxy=0: 3.149e-06, syz=0: 9.847e-07
[2025-07-17 15:54:40] DEBUG - PINN - Epoch 950 boundary left   loss: 7.649e-06 | v=0: 1.831e-06, sxy=0: 2.456e-06, syz=0: 3.362e-06
[2025-07-17 15:54:40] DEBUG - PINN - Epoch 950 boundary bottom loss: 1.280e-04 | gn=0: 1.219e-04, t1=0: 2.438e-06, t2=0: 3.701e-06
[2025-07-17 15:54:40] DEBUG - PINN - Epoch 950 TOTALS -> PDE: 5.487e-04, Bcs: 3.821e-04, LOSS: 9.308e-04
[2025-07-17 15:54:44] DEBUG - PINN - Epoch 1000 PDE terms: [1: 4.704e-06, 2: 2.558e-06, 3: 1.224e-05, 4: 1.220e-04, 5: 1.142e-04, 6: 8.883e-04, 7: 9.529e-06, 8: 8.880e-06, 9: 1.013e-05]
[2025-07-17 15:54:44] DEBUG - PINN - Epoch 1000 boundary top    loss: 4.885e-04 | szz=pressure: 4.839e-04, syz=0: 3.084e-06, szx=0: 1.550e-06
[2025-07-17 15:54:44] DEBUG - PINN - Epoch 1000 boundary front  loss: 9.284e-05 | sxx=0: 8.736e-05, sxy=0: 2.561e-06, szx=0: 2.921e-06
[2025-07-17 15:54:44] DEBUG - PINN - Epoch 1000 boundary back   loss: 6.924e-06 | u=0: 1.868e-06, sxy=0: 2.819e-06, szx=0: 2.237e-06
[2025-07-17 15:54:44] DEBUG - PINN - Epoch 1000 boundary right  loss: 8.971e-05 | syy=0: 8.567e-05, sxy=0: 2.749e-06, syz=0: 1.293e-06
[2025-07-17 15:54:44] DEBUG - PINN - Epoch 1000 boundary left   loss: 5.516e-06 | v=0: 1.710e-06, sxy=0: 1.547e-06, syz=0: 2.259e-06
[2025-07-17 15:54:44] DEBUG - PINN - Epoch 1000 boundary bottom loss: 2.988e-04 | gn=0: 2.900e-04, t1=0: 3.343e-06, t2=0: 5.499e-06
[2025-07-17 15:54:44] DEBUG - PINN - Epoch 1000 TOTALS -> PDE: 1.172e-03, Bcs: 9.823e-04, LOSS: 2.155e-03
[2025-07-17 15:54:44] DEBUG - PINN - Saved weights to log/pinn/weights/Step0_layer7_weight.pth
[2025-07-17 15:54:44] DEBUG - PINN - Switching to L-BFGS optimization...
[2025-07-17 15:55:59] DEBUG - PINN - Saved weights to log/pinn/weights/Step0_layer7_weight.pth
[2025-07-17 15:55:59] DEBUG - PINN - Layer 8 top-corner displacement: [0.25163668394088745, 0.2481147050857544, -1.0002681016921997]
[2025-07-17 15:55:59] INFO - PINN - Contact BC pressure: -1.001 from layer 7
[2025-07-17 15:55:59] DEBUG - PINN - Starting Adam training for layer 6 (1000 epochs, lr=1.0e-03)
[2025-07-17 15:55:59] DEBUG - PINN - Point counts: inside=512, top=256, bottom=256, front=256, back=256, right=256, left=256
[2025-07-17 15:55:59] DEBUG - PINN - Inside points shape: (512, 3)
[2025-07-17 15:55:59] DEBUG - PINN - Top points shape:    (256, 3)
[2025-07-17 15:55:59] DEBUG - PINN - Bottom points shape: (256, 3)
[2025-07-17 15:55:59] DEBUG - PINN - Front points shape:  (256, 3)
[2025-07-17 15:55:59] DEBUG - PINN - Back points shape:   (256, 3)
[2025-07-17 15:55:59] DEBUG - PINN - Right points shape:  (256, 3)
[2025-07-17 15:55:59] DEBUG - PINN - Left points shape:   (256, 3)
[2025-07-17 15:56:04] DEBUG - PINN - Epoch 50 PDE terms: [1: 5.568e-04, 2: 3.638e-04, 3: 3.464e-03, 4: 4.606e-04, 5: 1.100e-03, 6: 1.169e-02, 7: 6.700e-05, 8: 9.402e-03, 9: 5.947e-03]
[2025-07-17 15:56:04] DEBUG - PINN - Epoch  50 boundary top    loss: 2.187e-02 | szz=pressure: 2.152e-02, syz=0: 3.047e-04, szx=0: 4.191e-05
[2025-07-17 15:56:04] DEBUG - PINN - Epoch  50 boundary front  loss: 3.494e-03 | sxx=0: 3.446e-03, sxy=0: 2.964e-05, szx=0: 1.831e-05
[2025-07-17 15:56:04] DEBUG - PINN - Epoch  50 boundary back   loss: 6.271e-04 | u=0: 3.616e-04, sxy=0: 1.353e-04, szx=0: 1.302e-04
[2025-07-17 15:56:04] DEBUG - PINN - Epoch  50 boundary right  loss: 3.871e-03 | syy=0: 3.521e-03, sxy=0: 2.875e-05, syz=0: 3.210e-04
[2025-07-17 15:56:04] DEBUG - PINN - Epoch  50 boundary left   loss: 9.878e-04 | v=0: 3.921e-04, sxy=0: 1.589e-04, syz=0: 4.367e-04
[2025-07-17 15:56:04] DEBUG - PINN - Epoch  50 boundary bottom loss: 1.914e-02 | gn=0: 1.019e-02, t1=0: 5.663e-03, t2=0: 3.288e-03
[2025-07-17 15:56:04] DEBUG - PINN - Epoch 50 TOTALS -> PDE: 3.305e-02, Bcs: 4.999e-02, LOSS: 8.304e-02
[2025-07-17 15:56:08] DEBUG - PINN - Epoch 100 PDE terms: [1: 9.633e-04, 2: 7.658e-04, 3: 4.495e-03, 4: 3.811e-04, 5: 6.020e-04, 6: 1.229e-02, 7: 1.508e-04, 8: 8.008e-03, 9: 6.888e-03]
[2025-07-17 15:56:08] DEBUG - PINN - Epoch 100 boundary top    loss: 5.242e-03 | szz=pressure: 4.641e-03, syz=0: 4.024e-04, szx=0: 1.989e-04
[2025-07-17 15:56:08] DEBUG - PINN - Epoch 100 boundary front  loss: 2.429e-03 | sxx=0: 2.062e-03, sxy=0: 6.785e-05, szx=0: 2.992e-04
[2025-07-17 15:56:08] DEBUG - PINN - Epoch 100 boundary back   loss: 2.828e-04 | u=0: 6.496e-05, sxy=0: 3.108e-05, szx=0: 1.868e-04
[2025-07-17 15:56:08] DEBUG - PINN - Epoch 100 boundary right  loss: 2.541e-03 | syy=0: 2.102e-03, sxy=0: 5.198e-05, syz=0: 3.868e-04
[2025-07-17 15:56:08] DEBUG - PINN - Epoch 100 boundary left   loss: 5.529e-04 | v=0: 1.103e-04, sxy=0: 8.784e-06, syz=0: 4.339e-04
[2025-07-17 15:56:08] DEBUG - PINN - Epoch 100 boundary bottom loss: 1.385e-02 | gn=0: 5.120e-03, t1=0: 4.726e-03, t2=0: 4.004e-03
[2025-07-17 15:56:08] DEBUG - PINN - Epoch 100 TOTALS -> PDE: 3.455e-02, Bcs: 2.490e-02, LOSS: 5.945e-02
[2025-07-17 15:56:13] DEBUG - PINN - Epoch 150 PDE terms: [1: 8.590e-04, 2: 7.541e-04, 3: 3.805e-03, 4: 2.834e-04, 5: 4.362e-04, 6: 1.236e-02, 7: 4.982e-05, 8: 7.309e-03, 9: 6.907e-03]
[2025-07-17 15:56:13] DEBUG - PINN - Epoch 150 boundary top    loss: 4.320e-03 | szz=pressure: 3.619e-03, syz=0: 4.829e-04, szx=0: 2.182e-04
[2025-07-17 15:56:13] DEBUG - PINN - Epoch 150 boundary front  loss: 1.870e-03 | sxx=0: 1.336e-03, sxy=0: 4.720e-05, szx=0: 4.864e-04
[2025-07-17 15:56:13] DEBUG - PINN - Epoch 150 boundary back   loss: 5.056e-04 | u=0: 1.816e-04, sxy=0: 2.619e-05, szx=0: 2.978e-04
[2025-07-17 15:56:13] DEBUG - PINN - Epoch 150 boundary right  loss: 1.981e-03 | syy=0: 1.103e-03, sxy=0: 3.613e-05, syz=0: 8.424e-04
[2025-07-17 15:56:13] DEBUG - PINN - Epoch 150 boundary left   loss: 7.236e-04 | v=0: 1.722e-04, sxy=0: 4.780e-06, syz=0: 5.466e-04
[2025-07-17 15:56:13] DEBUG - PINN - Epoch 150 boundary bottom loss: 1.176e-02 | gn=0: 3.905e-03, t1=0: 4.028e-03, t2=0: 3.828e-03
[2025-07-17 15:56:13] DEBUG - PINN - Epoch 150 TOTALS -> PDE: 3.277e-02, Bcs: 2.116e-02, LOSS: 5.393e-02
[2025-07-17 15:56:17] DEBUG - PINN - Epoch 200 PDE terms: [1: 5.772e-04, 2: 4.900e-04, 3: 3.432e-03, 4: 1.817e-04, 5: 3.249e-04, 6: 1.229e-02, 7: 3.370e-05, 8: 7.895e-03, 9: 6.934e-03]
[2025-07-17 15:56:17] DEBUG - PINN - Epoch 200 boundary top    loss: 3.148e-03 | szz=pressure: 2.250e-03, syz=0: 6.053e-04, szx=0: 2.930e-04
[2025-07-17 15:56:17] DEBUG - PINN - Epoch 200 boundary front  loss: 1.621e-03 | sxx=0: 9.448e-04, sxy=0: 1.867e-05, szx=0: 6.571e-04
[2025-07-17 15:56:17] DEBUG - PINN - Epoch 200 boundary back   loss: 6.974e-04 | u=0: 1.799e-04, sxy=0: 4.311e-05, szx=0: 4.745e-04
[2025-07-17 15:56:17] DEBUG - PINN - Epoch 200 boundary right  loss: 1.529e-03 | syy=0: 5.978e-04, sxy=0: 3.423e-05, syz=0: 8.972e-04
[2025-07-17 15:56:17] DEBUG - PINN - Epoch 200 boundary left   loss: 9.760e-04 | v=0: 2.050e-04, sxy=0: 1.588e-05, syz=0: 7.551e-04
[2025-07-17 15:56:17] DEBUG - PINN - Epoch 200 boundary bottom loss: 1.331e-02 | gn=0: 5.073e-03, t1=0: 4.207e-03, t2=0: 4.030e-03
[2025-07-17 15:56:17] DEBUG - PINN - Epoch 200 TOTALS -> PDE: 3.216e-02, Bcs: 2.128e-02, LOSS: 5.344e-02
[2025-07-17 15:56:22] DEBUG - PINN - Epoch 250 PDE terms: [1: 5.020e-04, 2: 4.296e-04, 3: 2.293e-03, 4: 1.452e-04, 5: 2.960e-04, 6: 8.176e-03, 7: 5.073e-05, 8: 8.120e-03, 9: 7.586e-03]
[2025-07-17 15:56:22] DEBUG - PINN - Epoch 250 boundary top    loss: 9.791e-03 | szz=pressure: 8.815e-03, syz=0: 6.168e-04, szx=0: 3.596e-04
[2025-07-17 15:56:22] DEBUG - PINN - Epoch 250 boundary front  loss: 1.329e-03 | sxx=0: 5.986e-04, sxy=0: 1.829e-05, szx=0: 7.125e-04
[2025-07-17 15:56:22] DEBUG - PINN - Epoch 250 boundary back   loss: 9.045e-04 | u=0: 1.540e-04, sxy=0: 4.892e-05, szx=0: 7.016e-04
[2025-07-17 15:56:22] DEBUG - PINN - Epoch 250 boundary right  loss: 1.363e-03 | syy=0: 4.129e-04, sxy=0: 3.974e-05, syz=0: 9.100e-04
[2025-07-17 15:56:22] DEBUG - PINN - Epoch 250 boundary left   loss: 8.341e-04 | v=0: 9.537e-05, sxy=0: 3.164e-05, syz=0: 7.071e-04
[2025-07-17 15:56:22] DEBUG - PINN - Epoch 250 boundary bottom loss: 1.142e-02 | gn=0: 3.678e-03, t1=0: 3.783e-03, t2=0: 3.955e-03
[2025-07-17 15:56:22] DEBUG - PINN - Epoch 250 TOTALS -> PDE: 2.760e-02, Bcs: 2.564e-02, LOSS: 5.324e-02
[2025-07-17 15:56:26] DEBUG - PINN - Epoch 300 PDE terms: [1: 4.764e-04, 2: 5.484e-04, 3: 3.777e-03, 4: 4.506e-04, 5: 4.800e-04, 6: 1.538e-02, 7: 8.677e-05, 8: 8.845e-03, 9: 7.940e-03]
[2025-07-17 15:56:26] DEBUG - PINN - Epoch 300 boundary top    loss: 1.574e-03 | szz=pressure: 6.177e-04, syz=0: 5.657e-04, szx=0: 3.908e-04
[2025-07-17 15:56:26] DEBUG - PINN - Epoch 300 boundary front  loss: 1.752e-03 | sxx=0: 7.102e-04, sxy=0: 2.776e-05, szx=0: 1.014e-03
[2025-07-17 15:56:26] DEBUG - PINN - Epoch 300 boundary back   loss: 6.888e-04 | u=0: 1.400e-04, sxy=0: 3.462e-05, szx=0: 5.142e-04
[2025-07-17 15:56:26] DEBUG - PINN - Epoch 300 boundary right  loss: 1.656e-03 | syy=0: 5.464e-04, sxy=0: 3.264e-05, syz=0: 1.077e-03
[2025-07-17 15:56:26] DEBUG - PINN - Epoch 300 boundary left   loss: 5.898e-04 | v=0: 9.626e-05, sxy=0: 2.986e-05, syz=0: 4.637e-04
[2025-07-17 15:56:26] DEBUG - PINN - Epoch 300 boundary bottom loss: 9.873e-03 | gn=0: 2.708e-03, t1=0: 3.363e-03, t2=0: 3.802e-03
[2025-07-17 15:56:26] DEBUG - PINN - Epoch 300 TOTALS -> PDE: 3.798e-02, Bcs: 1.613e-02, LOSS: 5.411e-02
[2025-07-17 15:56:31] DEBUG - PINN - Epoch 350 PDE terms: [1: 2.891e-04, 2: 3.218e-04, 3: 3.689e-03, 4: 7.305e-05, 5: 4.606e-04, 6: 1.753e-02, 7: 1.615e-04, 8: 9.456e-03, 9: 8.132e-03]
[2025-07-17 15:56:31] DEBUG - PINN - Epoch 350 boundary top    loss: 1.581e-03 | szz=pressure: 7.970e-04, syz=0: 4.461e-04, szx=0: 3.379e-04
[2025-07-17 15:56:31] DEBUG - PINN - Epoch 350 boundary front  loss: 1.513e-03 | sxx=0: 5.915e-04, sxy=0: 3.307e-05, szx=0: 8.880e-04
[2025-07-17 15:56:31] DEBUG - PINN - Epoch 350 boundary back   loss: 6.928e-04 | u=0: 1.385e-04, sxy=0: 2.098e-05, szx=0: 5.333e-04
[2025-07-17 15:56:31] DEBUG - PINN - Epoch 350 boundary right  loss: 1.329e-03 | syy=0: 4.585e-04, sxy=0: 3.974e-05, syz=0: 8.312e-04
[2025-07-17 15:56:31] DEBUG - PINN - Epoch 350 boundary left   loss: 6.177e-04 | v=0: 1.184e-04, sxy=0: 9.180e-06, syz=0: 4.901e-04
[2025-07-17 15:56:31] DEBUG - PINN - Epoch 350 boundary bottom loss: 9.040e-03 | gn=0: 2.704e-03, t1=0: 3.158e-03, t2=0: 3.177e-03
[2025-07-17 15:56:31] DEBUG - PINN - Epoch 350 TOTALS -> PDE: 4.011e-02, Bcs: 1.477e-02, LOSS: 5.488e-02
[2025-07-17 15:56:35] DEBUG - PINN - Epoch 400 PDE terms: [1: 1.697e-04, 2: 2.310e-04, 3: 3.211e-03, 4: 1.132e-04, 5: 2.666e-04, 6: 8.707e-03, 7: 1.849e-04, 8: 8.830e-03, 9: 7.854e-03]
[2025-07-17 15:56:35] DEBUG - PINN - Epoch 400 boundary top    loss: 4.619e-03 | szz=pressure: 3.828e-03, syz=0: 4.676e-04, szx=0: 3.232e-04
[2025-07-17 15:56:35] DEBUG - PINN - Epoch 400 boundary front  loss: 1.049e-03 | sxx=0: 2.271e-04, sxy=0: 3.056e-05, szx=0: 7.915e-04
[2025-07-17 15:56:35] DEBUG - PINN - Epoch 400 boundary back   loss: 8.002e-04 | u=0: 8.892e-05, sxy=0: 2.395e-05, szx=0: 6.873e-04
[2025-07-17 15:56:35] DEBUG - PINN - Epoch 400 boundary right  loss: 9.696e-04 | syy=0: 2.230e-04, sxy=0: 3.369e-05, syz=0: 7.129e-04
[2025-07-17 15:56:35] DEBUG - PINN - Epoch 400 boundary left   loss: 7.556e-04 | v=0: 6.225e-05, sxy=0: 1.592e-05, syz=0: 6.774e-04
[2025-07-17 15:56:35] DEBUG - PINN - Epoch 400 boundary bottom loss: 8.614e-03 | gn=0: 3.658e-03, t1=0: 2.338e-03, t2=0: 2.619e-03
[2025-07-17 15:56:35] DEBUG - PINN - Epoch 400 TOTALS -> PDE: 2.957e-02, Bcs: 1.681e-02, LOSS: 4.637e-02
[2025-07-17 15:56:39] DEBUG - PINN - Epoch 450 PDE terms: [1: 4.447e-04, 2: 6.554e-04, 3: 5.350e-03, 4: 7.628e-04, 5: 4.453e-04, 6: 1.998e-02, 7: 2.543e-04, 8: 9.083e-03, 9: 7.884e-03]
[2025-07-17 15:56:39] DEBUG - PINN - Epoch 450 boundary top    loss: 3.541e-03 | szz=pressure: 2.810e-03, syz=0: 3.627e-04, szx=0: 3.679e-04
[2025-07-17 15:56:39] DEBUG - PINN - Epoch 450 boundary front  loss: 1.980e-03 | sxx=0: 7.758e-04, sxy=0: 4.088e-05, szx=0: 1.163e-03
[2025-07-17 15:56:39] DEBUG - PINN - Epoch 450 boundary back   loss: 6.190e-04 | u=0: 1.005e-04, sxy=0: 2.918e-05, szx=0: 4.893e-04
[2025-07-17 15:56:39] DEBUG - PINN - Epoch 450 boundary right  loss: 1.502e-03 | syy=0: 6.683e-04, sxy=0: 4.318e-05, syz=0: 7.903e-04
[2025-07-17 15:56:39] DEBUG - PINN - Epoch 450 boundary left   loss: 7.510e-04 | v=0: 1.138e-04, sxy=0: 2.179e-05, syz=0: 6.155e-04
[2025-07-17 15:56:39] DEBUG - PINN - Epoch 450 boundary bottom loss: 8.427e-03 | gn=0: 3.818e-03, t1=0: 2.277e-03, t2=0: 2.331e-03
[2025-07-17 15:56:39] DEBUG - PINN - Epoch 450 TOTALS -> PDE: 4.486e-02, Bcs: 1.682e-02, LOSS: 6.168e-02
[2025-07-17 15:56:43] DEBUG - PINN - Epoch 500 PDE terms: [1: 2.331e-04, 2: 1.726e-04, 3: 1.903e-03, 4: 2.215e-04, 5: 3.356e-04, 6: 5.980e-03, 7: 2.491e-04, 8: 9.022e-03, 9: 8.240e-03]
[2025-07-17 15:56:43] DEBUG - PINN - Epoch 500 boundary top    loss: 1.259e-02 | szz=pressure: 1.184e-02, syz=0: 4.375e-04, szx=0: 3.142e-04
[2025-07-17 15:56:44] DEBUG - PINN - Epoch 500 boundary front  loss: 1.067e-03 | sxx=0: 2.167e-04, sxy=0: 3.350e-05, szx=0: 8.165e-04
[2025-07-17 15:56:44] DEBUG - PINN - Epoch 500 boundary back   loss: 6.828e-04 | u=0: 6.037e-05, sxy=0: 1.861e-05, szx=0: 6.039e-04
[2025-07-17 15:56:44] DEBUG - PINN - Epoch 500 boundary right  loss: 1.037e-03 | syy=0: 2.219e-04, sxy=0: 3.572e-05, syz=0: 7.790e-04
[2025-07-17 15:56:44] DEBUG - PINN - Epoch 500 boundary left   loss: 6.503e-04 | v=0: 4.573e-05, sxy=0: 1.190e-05, syz=0: 5.927e-04
[2025-07-17 15:56:44] DEBUG - PINN - Epoch 500 boundary bottom loss: 9.183e-03 | gn=0: 4.657e-03, t1=0: 2.004e-03, t2=0: 2.522e-03
[2025-07-17 15:56:44] DEBUG - PINN - Epoch 500 TOTALS -> PDE: 2.636e-02, Bcs: 2.521e-02, LOSS: 5.157e-02
[2025-07-17 15:56:48] DEBUG - PINN - Epoch 550 PDE terms: [1: 1.831e-04, 2: 2.045e-04, 3: 3.307e-03, 4: 1.079e-04, 5: 2.464e-04, 6: 1.116e-02, 7: 2.459e-04, 8: 9.287e-03, 9: 8.592e-03]
[2025-07-17 15:56:48] DEBUG - PINN - Epoch 550 boundary top    loss: 1.201e-03 | szz=pressure: 5.418e-04, syz=0: 3.857e-04, szx=0: 2.739e-04
[2025-07-17 15:56:48] DEBUG - PINN - Epoch 550 boundary front  loss: 1.178e-03 | sxx=0: 2.680e-04, sxy=0: 3.427e-05, szx=0: 8.760e-04
[2025-07-17 15:56:48] DEBUG - PINN - Epoch 550 boundary back   loss: 8.156e-04 | u=0: 5.852e-05, sxy=0: 1.588e-05, szx=0: 7.412e-04
[2025-07-17 15:56:48] DEBUG - PINN - Epoch 550 boundary right  loss: 1.208e-03 | syy=0: 2.959e-04, sxy=0: 3.855e-05, syz=0: 8.738e-04
[2025-07-17 15:56:48] DEBUG - PINN - Epoch 550 boundary left   loss: 6.968e-04 | v=0: 4.922e-05, sxy=0: 7.585e-06, syz=0: 6.400e-04
[2025-07-17 15:56:48] DEBUG - PINN - Epoch 550 boundary bottom loss: 6.899e-03 | gn=0: 2.764e-03, t1=0: 1.935e-03, t2=0: 2.201e-03
[2025-07-17 15:56:48] DEBUG - PINN - Epoch 550 TOTALS -> PDE: 3.333e-02, Bcs: 1.200e-02, LOSS: 4.533e-02
[2025-07-17 15:56:52] DEBUG - PINN - Epoch 600 PDE terms: [1: 1.709e-04, 2: 1.900e-04, 3: 2.864e-03, 4: 1.110e-04, 5: 2.268e-04, 6: 1.125e-02, 7: 2.066e-04, 8: 9.116e-03, 9: 8.806e-03]
[2025-07-17 15:56:52] DEBUG - PINN - Epoch 600 boundary top    loss: 1.530e-03 | szz=pressure: 8.843e-04, syz=0: 3.772e-04, szx=0: 2.690e-04
[2025-07-17 15:56:52] DEBUG - PINN - Epoch 600 boundary front  loss: 1.144e-03 | sxx=0: 2.158e-04, sxy=0: 2.952e-05, szx=0: 8.988e-04
[2025-07-17 15:56:52] DEBUG - PINN - Epoch 600 boundary back   loss: 8.413e-04 | u=0: 9.394e-05, sxy=0: 1.288e-05, szx=0: 7.345e-04
[2025-07-17 15:56:52] DEBUG - PINN - Epoch 600 boundary right  loss: 1.054e-03 | syy=0: 2.331e-04, sxy=0: 3.355e-05, syz=0: 7.876e-04
[2025-07-17 15:56:52] DEBUG - PINN - Epoch 600 boundary left   loss: 8.789e-04 | v=0: 7.422e-05, sxy=0: 7.726e-06, syz=0: 7.970e-04
[2025-07-17 15:56:52] DEBUG - PINN - Epoch 600 boundary bottom loss: 6.308e-03 | gn=0: 2.265e-03, t1=0: 1.814e-03, t2=0: 2.229e-03
[2025-07-17 15:56:52] DEBUG - PINN - Epoch 600 TOTALS -> PDE: 3.295e-02, Bcs: 1.176e-02, LOSS: 4.470e-02
[2025-07-17 15:56:57] DEBUG - PINN - Epoch 650 PDE terms: [1: 1.612e-04, 2: 2.297e-04, 3: 2.507e-03, 4: 1.523e-04, 5: 2.517e-04, 6: 8.000e-03, 7: 2.123e-04, 8: 9.193e-03, 9: 8.409e-03]
[2025-07-17 15:56:57] DEBUG - PINN - Epoch 650 boundary top    loss: 4.103e-03 | szz=pressure: 3.552e-03, syz=0: 3.230e-04, szx=0: 2.287e-04
[2025-07-17 15:56:57] DEBUG - PINN - Epoch 650 boundary front  loss: 9.790e-04 | sxx=0: 1.693e-04, sxy=0: 2.538e-05, szx=0: 7.844e-04
[2025-07-17 15:56:57] DEBUG - PINN - Epoch 650 boundary back   loss: 8.040e-04 | u=0: 5.662e-05, sxy=0: 1.335e-05, szx=0: 7.340e-04
[2025-07-17 15:56:57] DEBUG - PINN - Epoch 650 boundary right  loss: 9.165e-04 | syy=0: 1.911e-04, sxy=0: 2.929e-05, syz=0: 6.961e-04
[2025-07-17 15:56:57] DEBUG - PINN - Epoch 650 boundary left   loss: 8.950e-04 | v=0: 5.322e-05, sxy=0: 7.756e-06, syz=0: 8.340e-04
[2025-07-17 15:56:57] DEBUG - PINN - Epoch 650 boundary bottom loss: 7.005e-03 | gn=0: 3.290e-03, t1=0: 1.699e-03, t2=0: 2.017e-03
[2025-07-17 15:56:57] DEBUG - PINN - Epoch 650 TOTALS -> PDE: 2.912e-02, Bcs: 1.470e-02, LOSS: 4.382e-02
[2025-07-17 15:57:01] DEBUG - PINN - Epoch 700 PDE terms: [1: 1.283e-04, 2: 2.511e-04, 3: 2.024e-03, 4: 2.454e-04, 5: 3.571e-04, 6: 4.725e-03, 7: 2.234e-04, 8: 9.476e-03, 9: 8.882e-03]
[2025-07-17 15:57:01] DEBUG - PINN - Epoch 700 boundary top    loss: 1.256e-02 | szz=pressure: 1.199e-02, syz=0: 3.298e-04, szx=0: 2.420e-04
[2025-07-17 15:57:01] DEBUG - PINN - Epoch 700 boundary front  loss: 9.768e-04 | sxx=0: 2.298e-04, sxy=0: 2.143e-05, szx=0: 7.256e-04
[2025-07-17 15:57:01] DEBUG - PINN - Epoch 700 boundary back   loss: 8.355e-04 | u=0: 5.425e-05, sxy=0: 1.403e-05, szx=0: 7.672e-04
[2025-07-17 15:57:01] DEBUG - PINN - Epoch 700 boundary right  loss: 8.998e-04 | syy=0: 1.931e-04, sxy=0: 2.568e-05, syz=0: 6.810e-04
[2025-07-17 15:57:01] DEBUG - PINN - Epoch 700 boundary left   loss: 9.697e-04 | v=0: 5.954e-05, sxy=0: 9.604e-06, syz=0: 9.005e-04
[2025-07-17 15:57:01] DEBUG - PINN - Epoch 700 boundary bottom loss: 6.268e-03 | gn=0: 2.631e-03, t1=0: 1.726e-03, t2=0: 1.911e-03
[2025-07-17 15:57:01] DEBUG - PINN - Epoch 700 TOTALS -> PDE: 2.631e-02, Bcs: 2.251e-02, LOSS: 4.882e-02
[2025-07-17 15:57:06] DEBUG - PINN - Epoch 750 PDE terms: [1: 1.662e-04, 2: 2.166e-04, 3: 3.027e-03, 4: 1.824e-04, 5: 1.989e-04, 6: 1.018e-02, 7: 1.948e-04, 8: 8.779e-03, 9: 8.488e-03]
[2025-07-17 15:57:06] DEBUG - PINN - Epoch 750 boundary top    loss: 2.252e-03 | szz=pressure: 1.662e-03, syz=0: 3.154e-04, szx=0: 2.745e-04
[2025-07-17 15:57:06] DEBUG - PINN - Epoch 750 boundary front  loss: 1.108e-03 | sxx=0: 2.459e-04, sxy=0: 2.137e-05, szx=0: 8.404e-04
[2025-07-17 15:57:06] DEBUG - PINN - Epoch 750 boundary back   loss: 8.305e-04 | u=0: 7.264e-05, sxy=0: 1.019e-05, szx=0: 7.477e-04
[2025-07-17 15:57:06] DEBUG - PINN - Epoch 750 boundary right  loss: 1.075e-03 | syy=0: 2.763e-04, sxy=0: 2.658e-05, syz=0: 7.719e-04
[2025-07-17 15:57:06] DEBUG - PINN - Epoch 750 boundary left   loss: 8.970e-04 | v=0: 4.716e-05, sxy=0: 9.888e-06, syz=0: 8.399e-04
[2025-07-17 15:57:06] DEBUG - PINN - Epoch 750 boundary bottom loss: 5.258e-03 | gn=0: 2.050e-03, t1=0: 1.454e-03, t2=0: 1.753e-03
[2025-07-17 15:57:06] DEBUG - PINN - Epoch 750 TOTALS -> PDE: 3.143e-02, Bcs: 1.142e-02, LOSS: 4.285e-02
[2025-07-17 15:57:10] DEBUG - PINN - Epoch 800 PDE terms: [1: 1.704e-04, 2: 1.597e-04, 3: 2.912e-03, 4: 1.533e-04, 5: 2.745e-04, 6: 8.667e-03, 7: 2.280e-04, 8: 9.270e-03, 9: 9.252e-03]
[2025-07-17 15:57:10] DEBUG - PINN - Epoch 800 boundary top    loss: 3.354e-03 | szz=pressure: 2.785e-03, syz=0: 2.992e-04, szx=0: 2.703e-04
[2025-07-17 15:57:10] DEBUG - PINN - Epoch 800 boundary front  loss: 1.094e-03 | sxx=0: 2.301e-04, sxy=0: 1.821e-05, szx=0: 8.453e-04
[2025-07-17 15:57:10] DEBUG - PINN - Epoch 800 boundary back   loss: 6.302e-04 | u=0: 6.096e-05, sxy=0: 9.391e-06, szx=0: 5.598e-04
[2025-07-17 15:57:10] DEBUG - PINN - Epoch 800 boundary right  loss: 1.120e-03 | syy=0: 2.822e-04, sxy=0: 2.256e-05, syz=0: 8.155e-04
[2025-07-17 15:57:10] DEBUG - PINN - Epoch 800 boundary left   loss: 7.357e-04 | v=0: 3.537e-05, sxy=0: 1.009e-05, syz=0: 6.902e-04
[2025-07-17 15:57:10] DEBUG - PINN - Epoch 800 boundary bottom loss: 5.194e-03 | gn=0: 1.844e-03, t1=0: 1.586e-03, t2=0: 1.763e-03
[2025-07-17 15:57:10] DEBUG - PINN - Epoch 800 TOTALS -> PDE: 3.109e-02, Bcs: 1.213e-02, LOSS: 4.321e-02
[2025-07-17 15:57:15] DEBUG - PINN - Epoch 850 PDE terms: [1: 1.404e-04, 2: 2.303e-04, 3: 2.924e-03, 4: 1.644e-04, 5: 2.418e-04, 6: 1.044e-02, 7: 2.157e-04, 8: 9.073e-03, 9: 8.432e-03]
[2025-07-17 15:57:15] DEBUG - PINN - Epoch 850 boundary top    loss: 1.320e-03 | szz=pressure: 7.803e-04, syz=0: 2.695e-04, szx=0: 2.698e-04
[2025-07-17 15:57:15] DEBUG - PINN - Epoch 850 boundary front  loss: 1.052e-03 | sxx=0: 1.421e-04, sxy=0: 1.345e-05, szx=0: 8.966e-04
[2025-07-17 15:57:15] DEBUG - PINN - Epoch 850 boundary back   loss: 7.113e-04 | u=0: 3.294e-05, sxy=0: 6.097e-06, szx=0: 6.722e-04
[2025-07-17 15:57:15] DEBUG - PINN - Epoch 850 boundary right  loss: 1.028e-03 | syy=0: 1.785e-04, sxy=0: 1.908e-05, syz=0: 8.299e-04
[2025-07-17 15:57:15] DEBUG - PINN - Epoch 850 boundary left   loss: 8.148e-04 | v=0: 2.608e-05, sxy=0: 7.738e-06, syz=0: 7.810e-04
[2025-07-17 15:57:15] DEBUG - PINN - Epoch 850 boundary bottom loss: 4.734e-03 | gn=0: 2.011e-03, t1=0: 1.325e-03, t2=0: 1.398e-03
[2025-07-17 15:57:15] DEBUG - PINN - Epoch 850 TOTALS -> PDE: 3.186e-02, Bcs: 9.659e-03, LOSS: 4.152e-02
[2025-07-17 15:57:19] DEBUG - PINN - Epoch 900 PDE terms: [1: 3.261e-04, 2: 1.659e-04, 3: 1.994e-03, 4: 3.873e-04, 5: 4.186e-04, 6: 5.292e-03, 7: 2.313e-04, 8: 9.367e-03, 9: 9.124e-03]
[2025-07-17 15:57:19] DEBUG - PINN - Epoch 900 boundary top    loss: 5.808e-03 | szz=pressure: 5.282e-03, syz=0: 2.480e-04, szx=0: 2.782e-04
[2025-07-17 15:57:19] DEBUG - PINN - Epoch 900 boundary front  loss: 8.606e-04 | sxx=0: 1.437e-04, sxy=0: 1.009e-05, szx=0: 7.068e-04
[2025-07-17 15:57:19] DEBUG - PINN - Epoch 900 boundary back   loss: 7.656e-04 | u=0: 3.946e-05, sxy=0: 7.627e-06, szx=0: 7.185e-04
[2025-07-17 15:57:19] DEBUG - PINN - Epoch 900 boundary right  loss: 8.124e-04 | syy=0: 1.380e-04, sxy=0: 1.358e-05, syz=0: 6.609e-04
[2025-07-17 15:57:19] DEBUG - PINN - Epoch 900 boundary left   loss: 9.264e-04 | v=0: 3.339e-05, sxy=0: 9.035e-06, syz=0: 8.839e-04
[2025-07-17 15:57:19] DEBUG - PINN - Epoch 900 boundary bottom loss: 6.558e-03 | gn=0: 3.557e-03, t1=0: 1.362e-03, t2=0: 1.639e-03
[2025-07-17 15:57:19] DEBUG - PINN - Epoch 900 TOTALS -> PDE: 2.731e-02, Bcs: 1.573e-02, LOSS: 4.304e-02
[2025-07-17 15:57:23] DEBUG - PINN - Epoch 950 PDE terms: [1: 1.394e-04, 2: 4.059e-04, 3: 3.947e-03, 4: 3.409e-04, 5: 4.303e-04, 6: 1.113e-02, 7: 2.523e-04, 8: 9.156e-03, 9: 8.417e-03]
[2025-07-17 15:57:23] DEBUG - PINN - Epoch 950 boundary top    loss: 8.510e-04 | szz=pressure: 3.875e-04, syz=0: 2.109e-04, szx=0: 2.526e-04
[2025-07-17 15:57:23] DEBUG - PINN - Epoch 950 boundary front  loss: 9.500e-04 | sxx=0: 1.739e-04, sxy=0: 8.476e-06, szx=0: 7.676e-04
[2025-07-17 15:57:23] DEBUG - PINN - Epoch 950 boundary back   loss: 6.725e-04 | u=0: 3.283e-05, sxy=0: 5.109e-06, szx=0: 6.346e-04
[2025-07-17 15:57:23] DEBUG - PINN - Epoch 950 boundary right  loss: 9.015e-04 | syy=0: 2.128e-04, sxy=0: 1.509e-05, syz=0: 6.736e-04
[2025-07-17 15:57:23] DEBUG - PINN - Epoch 950 boundary left   loss: 8.063e-04 | v=0: 2.614e-05, sxy=0: 8.812e-06, syz=0: 7.714e-04
[2025-07-17 15:57:23] DEBUG - PINN - Epoch 950 boundary bottom loss: 4.647e-03 | gn=0: 2.117e-03, t1=0: 1.309e-03, t2=0: 1.221e-03
[2025-07-17 15:57:23] DEBUG - PINN - Epoch 950 TOTALS -> PDE: 3.421e-02, Bcs: 8.829e-03, LOSS: 4.304e-02
[2025-07-17 15:57:28] DEBUG - PINN - Epoch 1000 PDE terms: [1: 2.545e-04, 2: 1.890e-04, 3: 2.002e-03, 4: 1.643e-04, 5: 2.382e-04, 6: 6.678e-03, 7: 2.898e-04, 8: 9.165e-03, 9: 8.823e-03]
[2025-07-17 15:57:28] DEBUG - PINN - Epoch 1000 boundary top    loss: 4.727e-03 | szz=pressure: 4.147e-03, syz=0: 2.677e-04, szx=0: 3.118e-04
[2025-07-17 15:57:28] DEBUG - PINN - Epoch 1000 boundary front  loss: 1.037e-03 | sxx=0: 8.779e-05, sxy=0: 5.743e-06, szx=0: 9.430e-04
[2025-07-17 15:57:28] DEBUG - PINN - Epoch 1000 boundary back   loss: 6.895e-04 | u=0: 4.371e-05, sxy=0: 7.920e-06, szx=0: 6.379e-04
[2025-07-17 15:57:28] DEBUG - PINN - Epoch 1000 boundary right  loss: 8.631e-04 | syy=0: 9.381e-05, sxy=0: 8.155e-06, syz=0: 7.611e-04
[2025-07-17 15:57:28] DEBUG - PINN - Epoch 1000 boundary left   loss: 8.766e-04 | v=0: 4.804e-05, sxy=0: 8.801e-06, syz=0: 8.197e-04
[2025-07-17 15:57:28] DEBUG - PINN - Epoch 1000 boundary bottom loss: 5.338e-03 | gn=0: 2.600e-03, t1=0: 1.295e-03, t2=0: 1.443e-03
[2025-07-17 15:57:28] DEBUG - PINN - Epoch 1000 TOTALS -> PDE: 2.780e-02, Bcs: 1.353e-02, LOSS: 4.133e-02
[2025-07-17 15:57:28] DEBUG - PINN - Saved weights to log/pinn/weights/Step0_layer6_weight.pth
[2025-07-17 15:57:28] DEBUG - PINN - Switching to L-BFGS optimization...
[2025-07-17 16:02:13] DEBUG - PINN - Saved weights to log/pinn/weights/Step0_layer6_weight.pth
[2025-07-17 16:02:13] DEBUG - PINN - Layer 7 top-corner displacement: [0.25071007013320923, 0.24801531434059143, -0.9993487596511841]
[2025-07-17 16:02:13] INFO - PINN - Contact BC pressure: -1.000 from layer 6
[2025-07-17 16:02:13] DEBUG - PINN - Starting Adam training for layer 5 (1000 epochs, lr=1.0e-03)
[2025-07-17 16:02:13] DEBUG - PINN - Point counts: inside=512, top=256, bottom=256, front=256, back=256, right=256, left=256
[2025-07-17 16:02:13] DEBUG - PINN - Inside points shape: (512, 3)
[2025-07-17 16:02:13] DEBUG - PINN - Top points shape:    (256, 3)
[2025-07-17 16:02:13] DEBUG - PINN - Bottom points shape: (256, 3)
[2025-07-17 16:02:13] DEBUG - PINN - Front points shape:  (256, 3)
[2025-07-17 16:02:13] DEBUG - PINN - Back points shape:   (256, 3)
[2025-07-17 16:02:13] DEBUG - PINN - Right points shape:  (256, 3)
[2025-07-17 16:02:13] DEBUG - PINN - Left points shape:   (256, 3)
[2025-07-17 16:02:18] DEBUG - PINN - Epoch 50 PDE terms: [1: 2.068e-04, 2: 3.297e-04, 3: 1.989e-03, 4: 3.755e-04, 5: 3.427e-04, 6: 1.391e-03, 7: 1.181e-04, 8: 4.534e-04, 9: 6.854e-04]
[2025-07-17 16:02:18] DEBUG - PINN - Epoch  50 boundary top    loss: 1.961e-03 | szz=pressure: 1.425e-03, syz=0: 2.416e-04, szx=0: 2.938e-04
[2025-07-17 16:02:18] DEBUG - PINN - Epoch  50 boundary front  loss: 1.147e-03 | sxx=0: 6.365e-04, sxy=0: 2.532e-04, szx=0: 2.573e-04
[2025-07-17 16:02:18] DEBUG - PINN - Epoch  50 boundary back   loss: 1.610e-03 | u=0: 1.419e-03, sxy=0: 2.181e-05, szx=0: 1.686e-04
[2025-07-17 16:02:18] DEBUG - PINN - Epoch  50 boundary right  loss: 1.346e-03 | syy=0: 8.933e-04, sxy=0: 1.145e-04, syz=0: 3.377e-04
[2025-07-17 16:02:18] DEBUG - PINN - Epoch  50 boundary left   loss: 1.470e-03 | v=0: 1.384e-03, sxy=0: 3.098e-05, syz=0: 5.439e-05
[2025-07-17 16:02:18] DEBUG - PINN - Epoch  50 boundary bottom loss: 2.188e-03 | gn=0: 1.103e-03, t1=0: 5.086e-04, t2=0: 5.759e-04
[2025-07-17 16:02:18] DEBUG - PINN - Epoch 50 TOTALS -> PDE: 5.892e-03, Bcs: 9.721e-03, LOSS: 1.561e-02
[2025-07-17 16:02:23] DEBUG - PINN - Epoch 100 PDE terms: [1: 9.422e-05, 2: 1.013e-05, 3: 6.670e-04, 4: 4.434e-05, 5: 7.199e-05, 6: 2.647e-04, 7: 4.489e-05, 8: 1.231e-04, 9: 1.581e-04]
[2025-07-17 16:02:23] DEBUG - PINN - Epoch 100 boundary top    loss: 6.192e-04 | szz=pressure: 5.148e-04, syz=0: 4.373e-05, szx=0: 6.064e-05
[2025-07-17 16:02:23] DEBUG - PINN - Epoch 100 boundary front  loss: 2.967e-04 | sxx=0: 1.577e-04, sxy=0: 7.400e-05, szx=0: 6.508e-05
[2025-07-17 16:02:23] DEBUG - PINN - Epoch 100 boundary back   loss: 1.087e-04 | u=0: 3.872e-05, sxy=0: 3.225e-05, szx=0: 3.774e-05
[2025-07-17 16:02:23] DEBUG - PINN - Epoch 100 boundary right  loss: 2.547e-04 | syy=0: 1.705e-04, sxy=0: 4.591e-05, syz=0: 3.827e-05
[2025-07-17 16:02:23] DEBUG - PINN - Epoch 100 boundary left   loss: 1.236e-04 | v=0: 6.483e-05, sxy=0: 1.905e-05, syz=0: 3.975e-05
[2025-07-17 16:02:23] DEBUG - PINN - Epoch 100 boundary bottom loss: 3.861e-04 | gn=0: 9.893e-05, t1=0: 1.350e-04, t2=0: 1.521e-04
[2025-07-17 16:02:23] DEBUG - PINN - Epoch 100 TOTALS -> PDE: 1.478e-03, Bcs: 1.789e-03, LOSS: 3.267e-03
[2025-07-17 16:02:28] DEBUG - PINN - Epoch 150 PDE terms: [1: 7.015e-05, 2: 2.378e-05, 3: 1.731e-04, 4: 1.003e-04, 5: 7.127e-05, 6: 7.046e-04, 7: 4.583e-05, 8: 3.406e-05, 9: 2.732e-05]
[2025-07-17 16:02:28] DEBUG - PINN - Epoch 150 boundary top    loss: 4.096e-04 | szz=pressure: 3.751e-04, syz=0: 1.276e-05, szx=0: 2.165e-05
[2025-07-17 16:02:28] DEBUG - PINN - Epoch 150 boundary front  loss: 1.775e-04 | sxx=0: 1.099e-04, sxy=0: 3.573e-05, szx=0: 3.188e-05
[2025-07-17 16:02:28] DEBUG - PINN - Epoch 150 boundary back   loss: 6.740e-05 | u=0: 2.538e-05, sxy=0: 2.792e-05, szx=0: 1.410e-05
[2025-07-17 16:02:28] DEBUG - PINN - Epoch 150 boundary right  loss: 2.090e-04 | syy=0: 1.381e-04, sxy=0: 3.117e-05, syz=0: 3.977e-05
[2025-07-17 16:02:28] DEBUG - PINN - Epoch 150 boundary left   loss: 1.176e-04 | v=0: 7.628e-05, sxy=0: 1.461e-05, syz=0: 2.672e-05
[2025-07-17 16:02:28] DEBUG - PINN - Epoch 150 boundary bottom loss: 2.339e-04 | gn=0: 1.705e-04, t1=0: 4.294e-05, t2=0: 2.045e-05
[2025-07-17 16:02:28] DEBUG - PINN - Epoch 150 TOTALS -> PDE: 1.250e-03, Bcs: 1.215e-03, LOSS: 2.465e-03
[2025-07-17 16:02:32] DEBUG - PINN - Epoch 200 PDE terms: [1: 3.048e-05, 2: 8.901e-06, 3: 7.412e-05, 4: 1.001e-04, 5: 8.994e-05, 6: 6.564e-04, 7: 5.029e-05, 8: 1.901e-05, 9: 1.306e-05]
[2025-07-17 16:02:32] DEBUG - PINN - Epoch 200 boundary top    loss: 4.606e-04 | szz=pressure: 4.429e-04, syz=0: 8.792e-06, szx=0: 8.839e-06
[2025-07-17 16:02:32] DEBUG - PINN - Epoch 200 boundary front  loss: 1.255e-04 | sxx=0: 8.071e-05, sxy=0: 2.751e-05, szx=0: 1.727e-05
[2025-07-17 16:02:32] DEBUG - PINN - Epoch 200 boundary back   loss: 4.566e-05 | u=0: 1.270e-05, sxy=0: 2.475e-05, szx=0: 8.216e-06
[2025-07-17 16:02:32] DEBUG - PINN - Epoch 200 boundary right  loss: 1.679e-04 | syy=0: 1.252e-04, sxy=0: 2.282e-05, syz=0: 1.990e-05
[2025-07-17 16:02:32] DEBUG - PINN - Epoch 200 boundary left   loss: 6.519e-05 | v=0: 3.546e-05, sxy=0: 1.210e-05, syz=0: 1.763e-05
[2025-07-17 16:02:32] DEBUG - PINN - Epoch 200 boundary bottom loss: 1.813e-04 | gn=0: 1.646e-04, t1=0: 1.214e-05, t2=0: 4.559e-06
[2025-07-17 16:02:32] DEBUG - PINN - Epoch 200 TOTALS -> PDE: 1.042e-03, Bcs: 1.046e-03, LOSS: 2.088e-03
[2025-07-17 16:02:38] DEBUG - PINN - Epoch 250 PDE terms: [1: 1.328e-05, 2: 6.431e-06, 3: 3.957e-05, 4: 2.776e-05, 5: 2.675e-05, 6: 2.084e-04, 7: 5.256e-05, 8: 6.588e-06, 9: 7.232e-06]
[2025-07-17 16:02:38] DEBUG - PINN - Epoch 250 boundary top    loss: 1.436e-04 | szz=pressure: 1.273e-04, syz=0: 6.596e-06, szx=0: 9.669e-06
[2025-07-17 16:02:38] DEBUG - PINN - Epoch 250 boundary front  loss: 4.491e-05 | sxx=0: 1.898e-05, sxy=0: 1.936e-05, szx=0: 6.578e-06
[2025-07-17 16:02:38] DEBUG - PINN - Epoch 250 boundary back   loss: 3.349e-05 | u=0: 9.949e-06, sxy=0: 1.855e-05, szx=0: 4.985e-06
[2025-07-17 16:02:38] DEBUG - PINN - Epoch 250 boundary right  loss: 7.386e-05 | syy=0: 4.867e-05, sxy=0: 1.567e-05, syz=0: 9.515e-06
[2025-07-17 16:02:38] DEBUG - PINN - Epoch 250 boundary left   loss: 5.091e-05 | v=0: 2.875e-05, sxy=0: 1.017e-05, syz=0: 1.199e-05
[2025-07-17 16:02:38] DEBUG - PINN - Epoch 250 boundary bottom loss: 3.691e-05 | gn=0: 2.186e-05, t1=0: 1.091e-05, t2=0: 4.139e-06
[2025-07-17 16:02:38] DEBUG - PINN - Epoch 250 TOTALS -> PDE: 3.886e-04, Bcs: 3.837e-04, LOSS: 7.722e-04
[2025-07-17 16:02:43] DEBUG - PINN - Epoch 300 PDE terms: [1: 8.698e-06, 2: 5.063e-06, 3: 1.742e-05, 4: 3.121e-05, 5: 2.686e-05, 6: 1.570e-04, 7: 4.547e-05, 8: 2.525e-06, 9: 6.182e-06]
[2025-07-17 16:02:43] DEBUG - PINN - Epoch 300 boundary top    loss: 1.302e-04 | szz=pressure: 1.215e-04, syz=0: 3.819e-06, szx=0: 4.806e-06
[2025-07-17 16:02:43] DEBUG - PINN - Epoch 300 boundary front  loss: 3.184e-05 | sxx=0: 1.363e-05, sxy=0: 1.468e-05, szx=0: 3.526e-06
[2025-07-17 16:02:43] DEBUG - PINN - Epoch 300 boundary back   loss: 2.691e-05 | u=0: 8.850e-06, sxy=0: 1.559e-05, szx=0: 2.464e-06
[2025-07-17 16:02:43] DEBUG - PINN - Epoch 300 boundary right  loss: 5.026e-05 | syy=0: 3.222e-05, sxy=0: 1.197e-05, syz=0: 6.065e-06
[2025-07-17 16:02:43] DEBUG - PINN - Epoch 300 boundary left   loss: 3.418e-05 | v=0: 1.877e-05, sxy=0: 8.812e-06, syz=0: 6.602e-06
[2025-07-17 16:02:43] DEBUG - PINN - Epoch 300 boundary bottom loss: 4.683e-05 | gn=0: 3.821e-05, t1=0: 5.857e-06, t2=0: 2.757e-06
[2025-07-17 16:02:43] DEBUG - PINN - Epoch 300 TOTALS -> PDE: 3.005e-04, Bcs: 3.202e-04, LOSS: 6.206e-04
[2025-07-17 16:02:47] DEBUG - PINN - Epoch 350 PDE terms: [1: 5.559e-06, 2: 5.320e-06, 3: 1.126e-05, 4: 2.246e-05, 5: 2.257e-05, 6: 1.018e-04, 7: 3.802e-05, 8: 2.921e-06, 9: 5.322e-06]
[2025-07-17 16:02:47] DEBUG - PINN - Epoch 350 boundary top    loss: 6.213e-05 | szz=pressure: 5.491e-05, syz=0: 2.606e-06, szx=0: 4.610e-06
[2025-07-17 16:02:47] DEBUG - PINN - Epoch 350 boundary front  loss: 2.287e-05 | sxx=0: 9.656e-06, sxy=0: 1.059e-05, szx=0: 2.626e-06
[2025-07-17 16:02:47] DEBUG - PINN - Epoch 350 boundary back   loss: 2.102e-05 | u=0: 6.817e-06, sxy=0: 1.207e-05, szx=0: 2.136e-06
[2025-07-17 16:02:47] DEBUG - PINN - Epoch 350 boundary right  loss: 4.106e-05 | syy=0: 2.823e-05, sxy=0: 8.449e-06, syz=0: 4.380e-06
[2025-07-17 16:02:47] DEBUG - PINN - Epoch 350 boundary left   loss: 2.707e-05 | v=0: 1.382e-05, sxy=0: 7.831e-06, syz=0: 5.416e-06
[2025-07-17 16:02:47] DEBUG - PINN - Epoch 350 boundary bottom loss: 2.404e-05 | gn=0: 1.749e-05, t1=0: 3.877e-06, t2=0: 2.679e-06
[2025-07-17 16:02:47] DEBUG - PINN - Epoch 350 TOTALS -> PDE: 2.152e-04, Bcs: 1.982e-04, LOSS: 4.134e-04
[2025-07-17 16:02:52] DEBUG - PINN - Epoch 400 PDE terms: [1: 4.800e-06, 2: 5.077e-06, 3: 1.013e-05, 4: 1.949e-05, 5: 1.997e-05, 6: 9.228e-05, 7: 3.280e-05, 8: 2.850e-06, 9: 5.968e-06]
[2025-07-17 16:02:52] DEBUG - PINN - Epoch 400 boundary top    loss: 3.455e-05 | szz=pressure: 3.030e-05, syz=0: 1.884e-06, szx=0: 2.372e-06
[2025-07-17 16:02:52] DEBUG - PINN - Epoch 400 boundary front  loss: 1.814e-05 | sxx=0: 7.145e-06, sxy=0: 7.523e-06, szx=0: 3.468e-06
[2025-07-17 16:02:52] DEBUG - PINN - Epoch 400 boundary back   loss: 1.643e-05 | u=0: 5.505e-06, sxy=0: 9.325e-06, szx=0: 1.604e-06
[2025-07-17 16:02:52] DEBUG - PINN - Epoch 400 boundary right  loss: 3.103e-05 | syy=0: 2.059e-05, sxy=0: 6.455e-06, syz=0: 3.991e-06
[2025-07-17 16:02:52] DEBUG - PINN - Epoch 400 boundary left   loss: 2.302e-05 | v=0: 1.014e-05, sxy=0: 7.863e-06, syz=0: 5.015e-06
[2025-07-17 16:02:52] DEBUG - PINN - Epoch 400 boundary bottom loss: 1.990e-05 | gn=0: 1.442e-05, t1=0: 3.064e-06, t2=0: 2.417e-06
[2025-07-17 16:02:52] DEBUG - PINN - Epoch 400 TOTALS -> PDE: 1.934e-04, Bcs: 1.431e-04, LOSS: 3.364e-04
[2025-07-17 16:02:57] DEBUG - PINN - Epoch 450 PDE terms: [1: 3.530e-06, 2: 4.142e-06, 3: 7.255e-06, 4: 2.201e-05, 5: 2.181e-05, 6: 7.561e-05, 7: 2.717e-05, 8: 3.192e-06, 9: 5.399e-06]
[2025-07-17 16:02:57] DEBUG - PINN - Epoch 450 boundary top    loss: 4.614e-05 | szz=pressure: 4.384e-05, syz=0: 9.731e-07, szx=0: 1.324e-06
[2025-07-17 16:02:57] DEBUG - PINN - Epoch 450 boundary front  loss: 2.109e-05 | sxx=0: 1.290e-05, sxy=0: 6.208e-06, szx=0: 1.978e-06
[2025-07-17 16:02:57] DEBUG - PINN - Epoch 450 boundary back   loss: 1.450e-05 | u=0: 5.878e-06, sxy=0: 7.550e-06, szx=0: 1.073e-06
[2025-07-17 16:02:57] DEBUG - PINN - Epoch 450 boundary right  loss: 2.980e-05 | syy=0: 2.211e-05, sxy=0: 4.714e-06, syz=0: 2.977e-06
[2025-07-17 16:02:57] DEBUG - PINN - Epoch 450 boundary left   loss: 1.567e-05 | v=0: 6.945e-06, sxy=0: 5.960e-06, syz=0: 2.768e-06
[2025-07-17 16:02:57] DEBUG - PINN - Epoch 450 boundary bottom loss: 2.238e-05 | gn=0: 1.858e-05, t1=0: 1.766e-06, t2=0: 2.035e-06
[2025-07-17 16:02:57] DEBUG - PINN - Epoch 450 TOTALS -> PDE: 1.701e-04, Bcs: 1.496e-04, LOSS: 3.197e-04
[2025-07-17 16:03:01] DEBUG - PINN - Epoch 500 PDE terms: [1: 3.734e-06, 2: 4.208e-06, 3: 8.099e-06, 4: 1.543e-05, 5: 1.775e-05, 6: 7.711e-05, 7: 2.734e-05, 8: 2.505e-06, 9: 5.015e-06]
[2025-07-17 16:03:01] DEBUG - PINN - Epoch 500 boundary top    loss: 3.908e-05 | szz=pressure: 3.627e-05, syz=0: 1.069e-06, szx=0: 1.740e-06
[2025-07-17 16:03:01] DEBUG - PINN - Epoch 500 boundary front  loss: 1.596e-05 | sxx=0: 9.442e-06, sxy=0: 5.060e-06, szx=0: 1.455e-06
[2025-07-17 16:03:01] DEBUG - PINN - Epoch 500 boundary back   loss: 1.477e-05 | u=0: 6.842e-06, sxy=0: 6.771e-06, szx=0: 1.153e-06
[2025-07-17 16:03:01] DEBUG - PINN - Epoch 500 boundary right  loss: 2.553e-05 | syy=0: 1.920e-05, sxy=0: 3.936e-06, syz=0: 2.394e-06
[2025-07-17 16:03:01] DEBUG - PINN - Epoch 500 boundary left   loss: 1.575e-05 | v=0: 6.683e-06, sxy=0: 5.760e-06, syz=0: 3.306e-06
[2025-07-17 16:03:02] DEBUG - PINN - Epoch 500 boundary bottom loss: 1.170e-05 | gn=0: 6.472e-06, t1=0: 2.623e-06, t2=0: 2.602e-06
[2025-07-17 16:03:02] DEBUG - PINN - Epoch 500 TOTALS -> PDE: 1.612e-04, Bcs: 1.228e-04, LOSS: 2.840e-04
[2025-07-17 16:03:06] DEBUG - PINN - Epoch 550 PDE terms: [1: 3.085e-06, 2: 3.856e-06, 3: 7.446e-06, 4: 3.112e-05, 5: 3.408e-05, 6: 1.866e-04, 7: 2.203e-05, 8: 2.565e-06, 9: 5.377e-06]
[2025-07-17 16:03:06] DEBUG - PINN - Epoch 550 boundary top    loss: 1.437e-04 | szz=pressure: 1.421e-04, syz=0: 7.700e-07, szx=0: 8.813e-07
[2025-07-17 16:03:06] DEBUG - PINN - Epoch 550 boundary front  loss: 2.989e-05 | sxx=0: 2.399e-05, sxy=0: 4.227e-06, szx=0: 1.676e-06
[2025-07-17 16:03:06] DEBUG - PINN - Epoch 550 boundary back   loss: 1.145e-05 | u=0: 5.294e-06, sxy=0: 5.350e-06, szx=0: 8.088e-07
[2025-07-17 16:03:06] DEBUG - PINN - Epoch 550 boundary right  loss: 3.639e-05 | syy=0: 3.054e-05, sxy=0: 3.049e-06, syz=0: 2.797e-06
[2025-07-17 16:03:06] DEBUG - PINN - Epoch 550 boundary left   loss: 1.412e-05 | v=0: 6.723e-06, sxy=0: 5.083e-06, syz=0: 2.313e-06
[2025-07-17 16:03:06] DEBUG - PINN - Epoch 550 boundary bottom loss: 6.153e-05 | gn=0: 5.805e-05, t1=0: 1.439e-06, t2=0: 2.045e-06
[2025-07-17 16:03:06] DEBUG - PINN - Epoch 550 TOTALS -> PDE: 2.961e-04, Bcs: 2.971e-04, LOSS: 5.932e-04
[2025-07-17 16:03:10] DEBUG - PINN - Epoch 600 PDE terms: [1: 3.162e-06, 2: 3.698e-06, 3: 7.742e-06, 4: 1.433e-05, 5: 1.556e-05, 6: 4.992e-05, 7: 1.790e-05, 8: 1.818e-06, 9: 4.671e-06]
[2025-07-17 16:03:10] DEBUG - PINN - Epoch 600 boundary top    loss: 2.349e-05 | szz=pressure: 2.180e-05, syz=0: 6.951e-07, szx=0: 1.001e-06
[2025-07-17 16:03:10] DEBUG - PINN - Epoch 600 boundary front  loss: 1.408e-05 | sxx=0: 9.966e-06, sxy=0: 3.181e-06, szx=0: 9.379e-07
[2025-07-17 16:03:10] DEBUG - PINN - Epoch 600 boundary back   loss: 1.032e-05 | u=0: 5.199e-06, sxy=0: 4.390e-06, szx=0: 7.293e-07
[2025-07-17 16:03:10] DEBUG - PINN - Epoch 600 boundary right  loss: 1.985e-05 | syy=0: 1.525e-05, sxy=0: 2.415e-06, syz=0: 2.184e-06
[2025-07-17 16:03:10] DEBUG - PINN - Epoch 600 boundary left   loss: 1.056e-05 | v=0: 3.473e-06, sxy=0: 4.880e-06, syz=0: 2.210e-06
[2025-07-17 16:03:10] DEBUG - PINN - Epoch 600 boundary bottom loss: 8.294e-06 | gn=0: 4.198e-06, t1=0: 1.823e-06, t2=0: 2.273e-06
[2025-07-17 16:03:10] DEBUG - PINN - Epoch 600 TOTALS -> PDE: 1.188e-04, Bcs: 8.660e-05, LOSS: 2.054e-04
[2025-07-17 16:03:15] DEBUG - PINN - Epoch 650 PDE terms: [1: 6.940e-06, 2: 3.422e-06, 3: 7.278e-06, 4: 1.155e-04, 5: 1.074e-04, 6: 7.688e-04, 7: 1.547e-05, 8: 1.705e-06, 9: 3.959e-06]
[2025-07-17 16:03:15] DEBUG - PINN - Epoch 650 boundary top    loss: 8.231e-04 | szz=pressure: 8.203e-04, syz=0: 4.546e-07, szx=0: 2.316e-06
[2025-07-17 16:03:15] DEBUG - PINN - Epoch 650 boundary front  loss: 7.122e-05 | sxx=0: 6.789e-05, sxy=0: 2.872e-06, szx=0: 4.669e-07
[2025-07-17 16:03:15] DEBUG - PINN - Epoch 650 boundary back   loss: 1.504e-05 | u=0: 9.005e-06, sxy=0: 5.322e-06, szx=0: 7.178e-07
[2025-07-17 16:03:15] DEBUG - PINN - Epoch 650 boundary right  loss: 7.457e-05 | syy=0: 7.086e-05, sxy=0: 1.586e-06, syz=0: 2.127e-06
[2025-07-17 16:03:15] DEBUG - PINN - Epoch 650 boundary left   loss: 1.869e-05 | v=0: 1.339e-05, sxy=0: 3.863e-06, syz=0: 1.435e-06
[2025-07-17 16:03:15] DEBUG - PINN - Epoch 650 boundary bottom loss: 3.405e-04 | gn=0: 3.349e-04, t1=0: 2.366e-06, t2=0: 3.244e-06
[2025-07-17 16:03:15] DEBUG - PINN - Epoch 650 TOTALS -> PDE: 1.030e-03, Bcs: 1.343e-03, LOSS: 2.373e-03
[2025-07-17 16:03:19] DEBUG - PINN - Epoch 700 PDE terms: [1: 3.066e-06, 2: 3.337e-06, 3: 7.617e-06, 4: 5.980e-05, 5: 4.529e-05, 6: 3.433e-04, 7: 1.484e-05, 8: 1.007e-05, 9: 5.343e-06]
[2025-07-17 16:03:19] DEBUG - PINN - Epoch 700 boundary top    loss: 2.706e-04 | szz=pressure: 2.689e-04, syz=0: 1.096e-06, szx=0: 5.565e-07
[2025-07-17 16:03:19] DEBUG - PINN - Epoch 700 boundary front  loss: 4.313e-05 | sxx=0: 3.959e-05, sxy=0: 2.073e-06, szx=0: 1.464e-06
[2025-07-17 16:03:19] DEBUG - PINN - Epoch 700 boundary back   loss: 1.652e-05 | u=0: 1.328e-05, sxy=0: 2.709e-06, szx=0: 5.321e-07
[2025-07-17 16:03:19] DEBUG - PINN - Epoch 700 boundary right  loss: 4.640e-05 | syy=0: 4.169e-05, sxy=0: 1.643e-06, syz=0: 3.068e-06
[2025-07-17 16:03:19] DEBUG - PINN - Epoch 700 boundary left   loss: 1.081e-05 | v=0: 4.579e-06, sxy=0: 4.140e-06, syz=0: 2.096e-06
[2025-07-17 16:03:19] DEBUG - PINN - Epoch 700 boundary bottom loss: 1.417e-04 | gn=0: 1.368e-04, t1=0: 1.219e-06, t2=0: 3.623e-06
[2025-07-17 16:03:19] DEBUG - PINN - Epoch 700 TOTALS -> PDE: 4.926e-04, Bcs: 5.291e-04, LOSS: 1.022e-03
[2025-07-17 16:03:24] DEBUG - PINN - Epoch 750 PDE terms: [1: 2.789e-06, 2: 3.078e-06, 3: 7.073e-06, 4: 1.490e-05, 5: 1.426e-05, 6: 7.697e-05, 7: 1.215e-05, 8: 1.755e-06, 9: 4.359e-06]
[2025-07-17 16:03:24] DEBUG - PINN - Epoch 750 boundary top    loss: 6.252e-05 | szz=pressure: 6.131e-05, syz=0: 6.243e-07, szx=0: 5.904e-07
[2025-07-17 16:03:24] DEBUG - PINN - Epoch 750 boundary front  loss: 1.460e-05 | sxx=0: 1.248e-05, sxy=0: 1.799e-06, szx=0: 3.187e-07
[2025-07-17 16:03:24] DEBUG - PINN - Epoch 750 boundary back   loss: 7.973e-06 | u=0: 4.708e-06, sxy=0: 2.666e-06, szx=0: 5.991e-07
[2025-07-17 16:03:24] DEBUG - PINN - Epoch 750 boundary right  loss: 1.789e-05 | syy=0: 1.550e-05, sxy=0: 1.396e-06, syz=0: 9.998e-07
[2025-07-17 16:03:24] DEBUG - PINN - Epoch 750 boundary left   loss: 6.146e-06 | v=0: 2.005e-06, sxy=0: 3.348e-06, syz=0: 7.927e-07
[2025-07-17 16:03:24] DEBUG - PINN - Epoch 750 boundary bottom loss: 2.667e-05 | gn=0: 2.142e-05, t1=0: 2.665e-06, t2=0: 2.584e-06
[2025-07-17 16:03:24] DEBUG - PINN - Epoch 750 TOTALS -> PDE: 1.373e-04, Bcs: 1.358e-04, LOSS: 2.731e-04
[2025-07-17 16:03:28] DEBUG - PINN - Epoch 800 PDE terms: [1: 3.059e-06, 2: 3.214e-06, 3: 7.390e-06, 4: 1.219e-05, 5: 1.242e-05, 6: 8.457e-05, 7: 1.527e-05, 8: 1.697e-06, 9: 3.916e-06]
[2025-07-17 16:03:28] DEBUG - PINN - Epoch 800 boundary top    loss: 7.023e-05 | szz=pressure: 6.877e-05, syz=0: 4.146e-07, szx=0: 1.047e-06
[2025-07-17 16:03:28] DEBUG - PINN - Epoch 800 boundary front  loss: 1.201e-05 | sxx=0: 1.041e-05, sxy=0: 1.151e-06, szx=0: 4.552e-07
[2025-07-17 16:03:28] DEBUG - PINN - Epoch 800 boundary back   loss: 7.624e-06 | u=0: 4.953e-06, sxy=0: 2.122e-06, szx=0: 5.497e-07
[2025-07-17 16:03:28] DEBUG - PINN - Epoch 800 boundary right  loss: 1.751e-05 | syy=0: 1.460e-05, sxy=0: 1.490e-06, syz=0: 1.429e-06
[2025-07-17 16:03:28] DEBUG - PINN - Epoch 800 boundary left   loss: 7.474e-06 | v=0: 3.136e-06, sxy=0: 3.456e-06, syz=0: 8.822e-07
[2025-07-17 16:03:28] DEBUG - PINN - Epoch 800 boundary bottom loss: 1.606e-05 | gn=0: 1.142e-05, t1=0: 2.027e-06, t2=0: 2.614e-06
[2025-07-17 16:03:28] DEBUG - PINN - Epoch 800 TOTALS -> PDE: 1.437e-04, Bcs: 1.309e-04, LOSS: 2.747e-04
[2025-07-17 16:03:33] DEBUG - PINN - Epoch 850 PDE terms: [1: 2.697e-06, 2: 2.680e-06, 3: 6.651e-06, 4: 3.408e-05, 5: 2.620e-05, 6: 2.902e-04, 7: 1.511e-05, 8: 5.196e-06, 9: 4.326e-06]
[2025-07-17 16:03:33] DEBUG - PINN - Epoch 850 boundary top    loss: 1.920e-04 | szz=pressure: 1.912e-04, syz=0: 3.874e-07, szx=0: 3.430e-07
[2025-07-17 16:03:33] DEBUG - PINN - Epoch 850 boundary front  loss: 3.350e-05 | sxx=0: 3.142e-05, sxy=0: 1.141e-06, szx=0: 9.338e-07
[2025-07-17 16:03:33] DEBUG - PINN - Epoch 850 boundary back   loss: 1.140e-05 | u=0: 9.382e-06, sxy=0: 1.696e-06, szx=0: 3.193e-07
[2025-07-17 16:03:33] DEBUG - PINN - Epoch 850 boundary right  loss: 3.290e-05 | syy=0: 3.075e-05, sxy=0: 9.782e-07, syz=0: 1.176e-06
[2025-07-17 16:03:33] DEBUG - PINN - Epoch 850 boundary left   loss: 5.166e-06 | v=0: 1.543e-06, sxy=0: 2.970e-06, syz=0: 6.535e-07
[2025-07-17 16:03:33] DEBUG - PINN - Epoch 850 boundary bottom loss: 3.626e-05 | gn=0: 3.245e-05, t1=0: 1.607e-06, t2=0: 2.201e-06
[2025-07-17 16:03:33] DEBUG - PINN - Epoch 850 TOTALS -> PDE: 3.871e-04, Bcs: 3.112e-04, LOSS: 6.983e-04
[2025-07-17 16:03:38] DEBUG - PINN - Epoch 900 PDE terms: [1: 2.756e-06, 2: 2.510e-06, 3: 6.567e-06, 4: 8.043e-06, 5: 1.312e-05, 6: 6.086e-05, 7: 3.509e-05, 8: 5.623e-06, 9: 4.147e-06]
[2025-07-17 16:03:38] DEBUG - PINN - Epoch 900 boundary top    loss: 1.863e-05 | szz=pressure: 1.730e-05, syz=0: 4.450e-07, szx=0: 8.828e-07
[2025-07-17 16:03:38] DEBUG - PINN - Epoch 900 boundary front  loss: 9.818e-06 | sxx=0: 8.573e-06, sxy=0: 9.381e-07, szx=0: 3.065e-07
[2025-07-17 16:03:38] DEBUG - PINN - Epoch 900 boundary back   loss: 1.658e-05 | u=0: 1.453e-05, sxy=0: 1.557e-06, szx=0: 4.932e-07
[2025-07-17 16:03:38] DEBUG - PINN - Epoch 900 boundary right  loss: 1.163e-05 | syy=0: 9.705e-06, sxy=0: 9.107e-07, syz=0: 1.017e-06
[2025-07-17 16:03:38] DEBUG - PINN - Epoch 900 boundary left   loss: 1.023e-05 | v=0: 6.407e-06, sxy=0: 2.791e-06, syz=0: 1.028e-06
[2025-07-17 16:03:38] DEBUG - PINN - Epoch 900 boundary bottom loss: 2.437e-05 | gn=0: 1.772e-05, t1=0: 4.530e-06, t2=0: 2.125e-06
[2025-07-17 16:03:38] DEBUG - PINN - Epoch 900 TOTALS -> PDE: 1.387e-04, Bcs: 9.126e-05, LOSS: 2.300e-04
[2025-07-17 16:03:42] DEBUG - PINN - Epoch 950 PDE terms: [1: 3.397e-06, 2: 2.516e-06, 3: 6.230e-06, 4: 1.873e-05, 5: 2.478e-05, 6: 6.360e-05, 7: 1.722e-05, 8: 2.385e-06, 9: 3.874e-06]
[2025-07-17 16:03:42] DEBUG - PINN - Epoch 950 boundary top    loss: 9.886e-05 | szz=pressure: 9.797e-05, syz=0: 2.411e-07, szx=0: 6.471e-07
[2025-07-17 16:03:42] DEBUG - PINN - Epoch 950 boundary front  loss: 1.300e-05 | sxx=0: 1.222e-05, sxy=0: 6.413e-07, szx=0: 1.410e-07
[2025-07-17 16:03:42] DEBUG - PINN - Epoch 950 boundary back   loss: 6.282e-06 | u=0: 4.642e-06, sxy=0: 1.166e-06, szx=0: 4.737e-07
[2025-07-17 16:03:42] DEBUG - PINN - Epoch 950 boundary right  loss: 1.601e-05 | syy=0: 1.411e-05, sxy=0: 9.862e-07, syz=0: 9.139e-07
[2025-07-17 16:03:42] DEBUG - PINN - Epoch 950 boundary left   loss: 8.739e-06 | v=0: 5.442e-06, sxy=0: 2.851e-06, syz=0: 4.456e-07
[2025-07-17 16:03:42] DEBUG - PINN - Epoch 950 boundary bottom loss: 5.466e-05 | gn=0: 5.216e-05, t1=0: 1.301e-06, t2=0: 1.199e-06
[2025-07-17 16:03:42] DEBUG - PINN - Epoch 950 TOTALS -> PDE: 1.427e-04, Bcs: 1.976e-04, LOSS: 3.403e-04
[2025-07-17 16:03:47] DEBUG - PINN - Epoch 1000 PDE terms: [1: 3.595e-06, 2: 2.516e-06, 3: 9.454e-06, 4: 1.141e-04, 5: 1.201e-04, 6: 6.940e-04, 7: 6.762e-06, 8: 3.640e-06, 9: 3.022e-06]
[2025-07-17 16:03:47] DEBUG - PINN - Epoch 1000 boundary top    loss: 1.042e-03 | szz=pressure: 1.041e-03, syz=0: 9.393e-07, szx=0: 3.436e-07
[2025-07-17 16:03:47] DEBUG - PINN - Epoch 1000 boundary front  loss: 4.357e-05 | sxx=0: 4.276e-05, sxy=0: 6.578e-07, szx=0: 1.511e-07
[2025-07-17 16:03:47] DEBUG - PINN - Epoch 1000 boundary back   loss: 7.371e-06 | u=0: 5.247e-06, sxy=0: 1.836e-06, szx=0: 2.878e-07
[2025-07-17 16:03:47] DEBUG - PINN - Epoch 1000 boundary right  loss: 5.113e-05 | syy=0: 4.986e-05, sxy=0: 5.264e-07, syz=0: 7.452e-07
[2025-07-17 16:03:47] DEBUG - PINN - Epoch 1000 boundary left   loss: 1.584e-05 | v=0: 1.402e-05, sxy=0: 1.578e-06, syz=0: 2.408e-07
[2025-07-17 16:03:47] DEBUG - PINN - Epoch 1000 boundary bottom loss: 2.476e-04 | gn=0: 2.384e-04, t1=0: 2.069e-06, t2=0: 7.105e-06
[2025-07-17 16:03:47] DEBUG - PINN - Epoch 1000 TOTALS -> PDE: 9.572e-04, Bcs: 1.407e-03, LOSS: 2.365e-03
[2025-07-17 16:03:47] DEBUG - PINN - Saved weights to log/pinn/weights/Step0_layer5_weight.pth
[2025-07-17 16:03:47] DEBUG - PINN - Switching to L-BFGS optimization...
[2025-07-17 16:05:02] DEBUG - PINN - Saved weights to log/pinn/weights/Step0_layer5_weight.pth
[2025-07-17 16:05:02] DEBUG - PINN - Layer 6 top-corner displacement: [0.25037795305252075, 0.24820570647716522, -0.9990198612213135]
[2025-07-17 16:05:02] INFO - PINN - Contact BC pressure: -1.001 from layer 5
[2025-07-17 16:05:02] DEBUG - PINN - Starting Adam training for layer 4 (1000 epochs, lr=1.0e-03)
[2025-07-17 16:05:02] DEBUG - PINN - Point counts: inside=512, top=256, bottom=256, front=256, back=256, right=256, left=256
[2025-07-17 16:05:02] DEBUG - PINN - Inside points shape: (512, 3)
[2025-07-17 16:05:02] DEBUG - PINN - Top points shape:    (256, 3)
[2025-07-17 16:05:02] DEBUG - PINN - Bottom points shape: (256, 3)
[2025-07-17 16:05:02] DEBUG - PINN - Front points shape:  (256, 3)
[2025-07-17 16:05:02] DEBUG - PINN - Back points shape:   (256, 3)
[2025-07-17 16:05:02] DEBUG - PINN - Right points shape:  (256, 3)
[2025-07-17 16:05:02] DEBUG - PINN - Left points shape:   (256, 3)
[2025-07-17 16:05:06] DEBUG - PINN - Epoch 50 PDE terms: [1: 4.036e-05, 2: 1.384e-04, 3: 7.877e-04, 4: 2.080e-04, 5: 1.470e-04, 6: 2.611e-03, 7: 4.002e-04, 8: 6.748e-04, 9: 4.161e-04]
[2025-07-17 16:05:06] DEBUG - PINN - Epoch  50 boundary top    loss: 1.837e-03 | szz=pressure: 1.061e-03, syz=0: 6.379e-04, szx=0: 1.373e-04
[2025-07-17 16:05:06] DEBUG - PINN - Epoch  50 boundary front  loss: 1.638e-03 | sxx=0: 1.191e-03, sxy=0: 2.376e-04, szx=0: 2.090e-04
[2025-07-17 16:05:06] DEBUG - PINN - Epoch  50 boundary back   loss: 3.754e-04 | u=0: 3.198e-04, sxy=0: 3.055e-05, szx=0: 2.502e-05
[2025-07-17 16:05:06] DEBUG - PINN - Epoch  50 boundary right  loss: 1.866e-03 | syy=0: 1.003e-03, sxy=0: 3.783e-04, syz=0: 4.844e-04
[2025-07-17 16:05:06] DEBUG - PINN - Epoch  50 boundary left   loss: 1.100e-03 | v=0: 4.672e-04, sxy=0: 1.099e-04, syz=0: 5.231e-04
[2025-07-17 16:05:06] DEBUG - PINN - Epoch  50 boundary bottom loss: 1.752e-03 | gn=0: 5.473e-04, t1=0: 8.031e-04, t2=0: 4.021e-04
[2025-07-17 16:05:06] DEBUG - PINN - Epoch 50 TOTALS -> PDE: 5.424e-03, Bcs: 8.568e-03, LOSS: 1.399e-02
[2025-07-17 16:05:11] DEBUG - PINN - Epoch 100 PDE terms: [1: 4.625e-05, 2: 2.324e-05, 3: 3.730e-04, 4: 8.100e-04, 5: 6.339e-04, 6: 4.880e-03, 7: 5.856e-05, 8: 1.211e-04, 9: 4.452e-05]
[2025-07-17 16:05:11] DEBUG - PINN - Epoch 100 boundary top    loss: 4.189e-03 | szz=pressure: 3.957e-03, syz=0: 1.903e-04, szx=0: 4.109e-05
[2025-07-17 16:05:11] DEBUG - PINN - Epoch 100 boundary front  loss: 5.268e-04 | sxx=0: 3.281e-04, sxy=0: 1.280e-04, szx=0: 7.063e-05
[2025-07-17 16:05:11] DEBUG - PINN - Epoch 100 boundary back   loss: 1.317e-04 | u=0: 7.599e-05, sxy=0: 2.816e-05, szx=0: 2.751e-05
[2025-07-17 16:05:11] DEBUG - PINN - Epoch 100 boundary right  loss: 4.809e-04 | syy=0: 2.234e-04, sxy=0: 1.507e-04, syz=0: 1.069e-04
[2025-07-17 16:05:11] DEBUG - PINN - Epoch 100 boundary left   loss: 4.070e-04 | v=0: 2.040e-04, sxy=0: 5.222e-05, syz=0: 1.508e-04
[2025-07-17 16:05:11] DEBUG - PINN - Epoch 100 boundary bottom loss: 1.144e-03 | gn=0: 1.084e-03, t1=0: 4.563e-05, t2=0: 1.454e-05
[2025-07-17 16:05:11] DEBUG - PINN - Epoch 100 TOTALS -> PDE: 6.990e-03, Bcs: 6.879e-03, LOSS: 1.387e-02
[2025-07-17 16:05:16] DEBUG - PINN - Epoch 150 PDE terms: [1: 3.044e-05, 2: 1.020e-05, 3: 1.716e-04, 4: 3.462e-05, 5: 5.373e-05, 6: 4.878e-04, 7: 2.606e-05, 8: 6.638e-05, 9: 3.547e-05]
[2025-07-17 16:05:16] DEBUG - PINN - Epoch 150 boundary top    loss: 2.979e-04 | szz=pressure: 2.094e-04, syz=0: 6.879e-05, szx=0: 1.979e-05
[2025-07-17 16:05:16] DEBUG - PINN - Epoch 150 boundary front  loss: 1.640e-04 | sxx=0: 7.971e-05, sxy=0: 6.584e-05, szx=0: 1.846e-05
[2025-07-17 16:05:16] DEBUG - PINN - Epoch 150 boundary back   loss: 9.340e-05 | u=0: 3.115e-05, sxy=0: 2.616e-05, szx=0: 3.608e-05
[2025-07-17 16:05:16] DEBUG - PINN - Epoch 150 boundary right  loss: 2.250e-04 | syy=0: 9.254e-05, sxy=0: 7.947e-05, syz=0: 5.294e-05
[2025-07-17 16:05:16] DEBUG - PINN - Epoch 150 boundary left   loss: 1.405e-04 | v=0: 3.531e-05, sxy=0: 2.402e-05, syz=0: 8.122e-05
[2025-07-17 16:05:16] DEBUG - PINN - Epoch 150 boundary bottom loss: 4.310e-05 | gn=0: 2.613e-05, t1=0: 9.456e-06, t2=0: 7.511e-06
[2025-07-17 16:05:16] DEBUG - PINN - Epoch 150 TOTALS -> PDE: 9.163e-04, Bcs: 9.640e-04, LOSS: 1.880e-03
[2025-07-17 16:05:20] DEBUG - PINN - Epoch 200 PDE terms: [1: 1.962e-05, 2: 5.238e-06, 3: 1.074e-04, 4: 2.194e-05, 5: 3.135e-05, 6: 3.324e-04, 7: 1.807e-05, 8: 4.494e-05, 9: 3.414e-05]
[2025-07-17 16:05:20] DEBUG - PINN - Epoch 200 boundary top    loss: 1.694e-04 | szz=pressure: 1.152e-04, syz=0: 3.583e-05, szx=0: 1.840e-05
[2025-07-17 16:05:20] DEBUG - PINN - Epoch 200 boundary front  loss: 7.151e-05 | sxx=0: 1.912e-05, sxy=0: 4.109e-05, szx=0: 1.131e-05
[2025-07-17 16:05:20] DEBUG - PINN - Epoch 200 boundary back   loss: 8.414e-05 | u=0: 1.954e-05, sxy=0: 3.069e-05, szx=0: 3.391e-05
[2025-07-17 16:05:20] DEBUG - PINN - Epoch 200 boundary right  loss: 1.372e-04 | syy=0: 5.311e-05, sxy=0: 5.593e-05, syz=0: 2.815e-05
[2025-07-17 16:05:21] DEBUG - PINN - Epoch 200 boundary left   loss: 9.920e-05 | v=0: 2.175e-05, sxy=0: 1.994e-05, syz=0: 5.751e-05
[2025-07-17 16:05:21] DEBUG - PINN - Epoch 200 boundary bottom loss: 3.319e-05 | gn=0: 2.978e-05, t1=0: 1.154e-06, t2=0: 2.254e-06
[2025-07-17 16:05:21] DEBUG - PINN - Epoch 200 TOTALS -> PDE: 6.151e-04, Bcs: 5.946e-04, LOSS: 1.210e-03
[2025-07-17 16:05:25] DEBUG - PINN - Epoch 250 PDE terms: [1: 1.543e-05, 2: 4.819e-06, 3: 7.834e-05, 4: 6.235e-05, 5: 5.992e-05, 6: 5.523e-04, 7: 1.510e-05, 8: 3.761e-05, 9: 3.071e-05]
[2025-07-17 16:05:25] DEBUG - PINN - Epoch 250 boundary top    loss: 2.373e-04 | szz=pressure: 1.919e-04, syz=0: 3.129e-05, szx=0: 1.411e-05
[2025-07-17 16:05:25] DEBUG - PINN - Epoch 250 boundary front  loss: 1.038e-04 | sxx=0: 6.066e-05, sxy=0: 2.978e-05, szx=0: 1.337e-05
[2025-07-17 16:05:25] DEBUG - PINN - Epoch 250 boundary back   loss: 6.519e-05 | u=0: 1.583e-05, sxy=0: 2.253e-05, szx=0: 2.683e-05
[2025-07-17 16:05:25] DEBUG - PINN - Epoch 250 boundary right  loss: 1.669e-04 | syy=0: 9.501e-05, sxy=0: 3.950e-05, syz=0: 3.236e-05
[2025-07-17 16:05:25] DEBUG - PINN - Epoch 250 boundary left   loss: 6.959e-05 | v=0: 1.475e-05, sxy=0: 1.717e-05, syz=0: 3.767e-05
[2025-07-17 16:05:25] DEBUG - PINN - Epoch 250 boundary bottom loss: 5.882e-05 | gn=0: 5.378e-05, t1=0: 2.226e-06, t2=0: 2.811e-06
[2025-07-17 16:05:25] DEBUG - PINN - Epoch 250 TOTALS -> PDE: 8.566e-04, Bcs: 7.016e-04, LOSS: 1.558e-03
[2025-07-17 16:05:30] DEBUG - PINN - Epoch 300 PDE terms: [1: 1.077e-05, 2: 4.293e-06, 3: 6.074e-05, 4: 2.575e-05, 5: 2.392e-05, 6: 2.365e-04, 7: 1.472e-05, 8: 3.206e-05, 9: 2.517e-05]
[2025-07-17 16:05:30] DEBUG - PINN - Epoch 300 boundary top    loss: 1.051e-04 | szz=pressure: 6.126e-05, syz=0: 3.127e-05, szx=0: 1.261e-05
[2025-07-17 16:05:30] DEBUG - PINN - Epoch 300 boundary front  loss: 6.026e-05 | sxx=0: 2.510e-05, sxy=0: 2.553e-05, szx=0: 9.627e-06
[2025-07-17 16:05:30] DEBUG - PINN - Epoch 300 boundary back   loss: 5.065e-05 | u=0: 1.684e-05, sxy=0: 1.599e-05, szx=0: 1.782e-05
[2025-07-17 16:05:30] DEBUG - PINN - Epoch 300 boundary right  loss: 1.199e-04 | syy=0: 6.058e-05, sxy=0: 3.043e-05, syz=0: 2.889e-05
[2025-07-17 16:05:30] DEBUG - PINN - Epoch 300 boundary left   loss: 5.534e-05 | v=0: 1.083e-05, sxy=0: 1.517e-05, syz=0: 2.935e-05
[2025-07-17 16:05:30] DEBUG - PINN - Epoch 300 boundary bottom loss: 2.422e-05 | gn=0: 1.841e-05, t1=0: 2.463e-06, t2=0: 3.346e-06
[2025-07-17 16:05:30] DEBUG - PINN - Epoch 300 TOTALS -> PDE: 4.340e-04, Bcs: 4.155e-04, LOSS: 8.495e-04
[2025-07-17 16:05:36] DEBUG - PINN - Epoch 350 PDE terms: [1: 9.505e-06, 2: 7.380e-06, 3: 5.374e-05, 4: 6.554e-04, 5: 5.515e-04, 6: 4.454e-03, 7: 1.174e-05, 8: 4.905e-05, 9: 3.814e-05]
[2025-07-17 16:05:36] DEBUG - PINN - Epoch 350 boundary top    loss: 2.154e-03 | szz=pressure: 2.135e-03, syz=0: 1.132e-05, szx=0: 7.916e-06
[2025-07-17 16:05:36] DEBUG - PINN - Epoch 350 boundary front  loss: 5.343e-04 | sxx=0: 5.108e-04, sxy=0: 1.444e-05, szx=0: 9.014e-06
[2025-07-17 16:05:36] DEBUG - PINN - Epoch 350 boundary back   loss: 4.870e-05 | u=0: 1.371e-05, sxy=0: 1.568e-05, szx=0: 1.931e-05
[2025-07-17 16:05:36] DEBUG - PINN - Epoch 350 boundary right  loss: 5.427e-04 | syy=0: 4.971e-04, sxy=0: 1.994e-05, syz=0: 2.566e-05
[2025-07-17 16:05:36] DEBUG - PINN - Epoch 350 boundary left   loss: 5.992e-05 | v=0: 1.336e-05, sxy=0: 1.340e-05, syz=0: 3.315e-05
[2025-07-17 16:05:36] DEBUG - PINN - Epoch 350 boundary bottom loss: 5.210e-04 | gn=0: 4.926e-04, t1=0: 1.503e-05, t2=0: 1.338e-05
[2025-07-17 16:05:36] DEBUG - PINN - Epoch 350 TOTALS -> PDE: 5.830e-03, Bcs: 3.861e-03, LOSS: 9.691e-03
[2025-07-17 16:05:40] DEBUG - PINN - Epoch 400 PDE terms: [1: 5.395e-06, 2: 3.722e-06, 3: 4.194e-05, 4: 2.604e-05, 5: 2.089e-05, 6: 1.330e-04, 7: 1.068e-05, 8: 2.071e-05, 9: 1.928e-05]
[2025-07-17 16:05:40] DEBUG - PINN - Epoch 400 boundary top    loss: 6.328e-05 | szz=pressure: 4.068e-05, syz=0: 1.559e-05, szx=0: 7.013e-06
[2025-07-17 16:05:40] DEBUG - PINN - Epoch 400 boundary front  loss: 3.237e-05 | sxx=0: 1.227e-05, sxy=0: 1.425e-05, szx=0: 5.849e-06
[2025-07-17 16:05:40] DEBUG - PINN - Epoch 400 boundary back   loss: 3.448e-05 | u=0: 9.272e-06, sxy=0: 1.169e-05, szx=0: 1.351e-05
[2025-07-17 16:05:40] DEBUG - PINN - Epoch 400 boundary right  loss: 6.520e-05 | syy=0: 3.089e-05, sxy=0: 1.795e-05, syz=0: 1.636e-05
[2025-07-17 16:05:40] DEBUG - PINN - Epoch 400 boundary left   loss: 3.499e-05 | v=0: 8.276e-06, sxy=0: 1.148e-05, syz=0: 1.523e-05
[2025-07-17 16:05:40] DEBUG - PINN - Epoch 400 boundary bottom loss: 1.791e-05 | gn=0: 1.394e-05, t1=0: 1.503e-06, t2=0: 2.461e-06
[2025-07-17 16:05:40] DEBUG - PINN - Epoch 400 TOTALS -> PDE: 2.817e-04, Bcs: 2.482e-04, LOSS: 5.299e-04
[2025-07-17 16:05:45] DEBUG - PINN - Epoch 450 PDE terms: [1: 5.443e-06, 2: 6.003e-06, 3: 3.713e-05, 4: 4.080e-04, 5: 3.628e-04, 6: 2.851e-03, 7: 1.006e-05, 8: 2.081e-05, 9: 2.400e-05]
[2025-07-17 16:05:45] DEBUG - PINN - Epoch 450 boundary top    loss: 1.568e-03 | szz=pressure: 1.542e-03, syz=0: 1.966e-05, szx=0: 6.371e-06
[2025-07-17 16:05:45] DEBUG - PINN - Epoch 450 boundary front  loss: 3.011e-04 | sxx=0: 2.663e-04, sxy=0: 1.476e-05, szx=0: 2.013e-05
[2025-07-17 16:05:45] DEBUG - PINN - Epoch 450 boundary back   loss: 3.169e-05 | u=0: 1.229e-05, sxy=0: 9.808e-06, szx=0: 9.598e-06
[2025-07-17 16:05:45] DEBUG - PINN - Epoch 450 boundary right  loss: 3.084e-04 | syy=0: 2.780e-04, sxy=0: 1.261e-05, syz=0: 1.786e-05
[2025-07-17 16:05:45] DEBUG - PINN - Epoch 450 boundary left   loss: 4.124e-05 | v=0: 2.190e-05, sxy=0: 1.136e-05, syz=0: 7.980e-06
[2025-07-17 16:05:45] DEBUG - PINN - Epoch 450 boundary bottom loss: 2.408e-04 | gn=0: 2.272e-04, t1=0: 1.647e-06, t2=0: 1.199e-05
[2025-07-17 16:05:45] DEBUG - PINN - Epoch 450 TOTALS -> PDE: 3.725e-03, Bcs: 2.492e-03, LOSS: 6.216e-03
[2025-07-17 16:05:50] DEBUG - PINN - Epoch 500 PDE terms: [1: 3.612e-06, 2: 3.322e-06, 3: 3.217e-05, 4: 3.117e-05, 5: 2.661e-05, 6: 1.603e-04, 7: 9.145e-06, 8: 1.720e-05, 9: 1.625e-05]
[2025-07-17 16:05:50] DEBUG - PINN - Epoch 500 boundary top    loss: 1.091e-04 | szz=pressure: 9.327e-05, syz=0: 1.143e-05, szx=0: 4.407e-06
[2025-07-17 16:05:50] DEBUG - PINN - Epoch 500 boundary front  loss: 3.086e-05 | sxx=0: 1.597e-05, sxy=0: 1.016e-05, szx=0: 4.734e-06
[2025-07-17 16:05:50] DEBUG - PINN - Epoch 500 boundary back   loss: 2.677e-05 | u=0: 6.515e-06, sxy=0: 9.258e-06, szx=0: 1.099e-05
[2025-07-17 16:05:50] DEBUG - PINN - Epoch 500 boundary right  loss: 5.153e-05 | syy=0: 2.689e-05, sxy=0: 1.217e-05, syz=0: 1.247e-05
[2025-07-17 16:05:50] DEBUG - PINN - Epoch 500 boundary left   loss: 2.553e-05 | v=0: 5.578e-06, sxy=0: 1.002e-05, syz=0: 9.936e-06
[2025-07-17 16:05:50] DEBUG - PINN - Epoch 500 boundary bottom loss: 2.069e-05 | gn=0: 1.770e-05, t1=0: 1.081e-06, t2=0: 1.913e-06
[2025-07-17 16:05:50] DEBUG - PINN - Epoch 500 TOTALS -> PDE: 2.998e-04, Bcs: 2.645e-04, LOSS: 5.643e-04
[2025-07-17 16:05:54] DEBUG - PINN - Epoch 550 PDE terms: [1: 3.381e-06, 2: 3.225e-06, 3: 2.849e-05, 4: 3.087e-05, 5: 2.447e-05, 6: 1.034e-04, 7: 7.433e-06, 8: 1.350e-05, 9: 1.428e-05]
[2025-07-17 16:05:54] DEBUG - PINN - Epoch 550 boundary top    loss: 5.649e-05 | szz=pressure: 4.490e-05, syz=0: 7.985e-06, szx=0: 3.602e-06
[2025-07-17 16:05:54] DEBUG - PINN - Epoch 550 boundary front  loss: 2.814e-05 | sxx=0: 1.684e-05, sxy=0: 6.974e-06, szx=0: 4.333e-06
[2025-07-17 16:05:54] DEBUG - PINN - Epoch 550 boundary back   loss: 2.410e-05 | u=0: 5.563e-06, sxy=0: 8.602e-06, szx=0: 9.934e-06
[2025-07-17 16:05:54] DEBUG - PINN - Epoch 550 boundary right  loss: 4.029e-05 | syy=0: 2.189e-05, sxy=0: 8.458e-06, syz=0: 9.934e-06
[2025-07-17 16:05:54] DEBUG - PINN - Epoch 550 boundary left   loss: 2.090e-05 | v=0: 4.823e-06, sxy=0: 9.233e-06, syz=0: 6.844e-06
[2025-07-17 16:05:54] DEBUG - PINN - Epoch 550 boundary bottom loss: 2.549e-05 | gn=0: 2.086e-05, t1=0: 1.162e-06, t2=0: 3.466e-06
[2025-07-17 16:05:54] DEBUG - PINN - Epoch 550 TOTALS -> PDE: 2.290e-04, Bcs: 1.954e-04, LOSS: 4.244e-04
[2025-07-17 16:05:59] DEBUG - PINN - Epoch 600 PDE terms: [1: 2.560e-06, 2: 3.371e-06, 3: 3.213e-05, 4: 3.424e-05, 5: 2.785e-05, 6: 1.525e-04, 7: 9.948e-06, 8: 1.767e-05, 9: 1.422e-05]
[2025-07-17 16:05:59] DEBUG - PINN - Epoch 600 boundary top    loss: 5.526e-05 | szz=pressure: 3.401e-05, syz=0: 1.739e-05, szx=0: 3.859e-06
[2025-07-17 16:05:59] DEBUG - PINN - Epoch 600 boundary front  loss: 3.510e-05 | sxx=0: 1.617e-05, sxy=0: 1.243e-05, szx=0: 6.488e-06
[2025-07-17 16:05:59] DEBUG - PINN - Epoch 600 boundary back   loss: 1.978e-05 | u=0: 8.252e-06, sxy=0: 6.486e-06, szx=0: 5.038e-06
[2025-07-17 16:05:59] DEBUG - PINN - Epoch 600 boundary right  loss: 5.890e-05 | syy=0: 2.981e-05, sxy=0: 1.204e-05, syz=0: 1.705e-05
[2025-07-17 16:05:59] DEBUG - PINN - Epoch 600 boundary left   loss: 2.616e-05 | v=0: 9.493e-06, sxy=0: 9.012e-06, syz=0: 7.658e-06
[2025-07-17 16:05:59] DEBUG - PINN - Epoch 600 boundary bottom loss: 2.573e-05 | gn=0: 1.613e-05, t1=0: 4.240e-06, t2=0: 5.360e-06
[2025-07-17 16:05:59] DEBUG - PINN - Epoch 600 TOTALS -> PDE: 2.945e-04, Bcs: 2.209e-04, LOSS: 5.154e-04
[2025-07-17 16:06:04] DEBUG - PINN - Epoch 650 PDE terms: [1: 2.315e-06, 2: 2.637e-06, 3: 2.303e-05, 4: 1.693e-05, 5: 1.533e-05, 6: 7.389e-05, 7: 6.888e-06, 8: 1.245e-05, 9: 1.227e-05]
[2025-07-17 16:06:04] DEBUG - PINN - Epoch 650 boundary top    loss: 3.418e-05 | szz=pressure: 2.305e-05, syz=0: 8.024e-06, szx=0: 3.101e-06
[2025-07-17 16:06:04] DEBUG - PINN - Epoch 650 boundary front  loss: 1.826e-05 | sxx=0: 8.595e-06, sxy=0: 6.132e-06, szx=0: 3.537e-06
[2025-07-17 16:06:04] DEBUG - PINN - Epoch 650 boundary back   loss: 1.635e-05 | u=0: 3.619e-06, sxy=0: 6.587e-06, szx=0: 6.141e-06
[2025-07-17 16:06:04] DEBUG - PINN - Epoch 650 boundary right  loss: 3.161e-05 | syy=0: 1.495e-05, sxy=0: 7.299e-06, syz=0: 9.360e-06
[2025-07-17 16:06:04] DEBUG - PINN - Epoch 650 boundary left   loss: 1.758e-05 | v=0: 4.152e-06, sxy=0: 7.250e-06, syz=0: 6.182e-06
[2025-07-17 16:06:04] DEBUG - PINN - Epoch 650 boundary bottom loss: 1.039e-05 | gn=0: 7.768e-06, t1=0: 1.045e-06, t2=0: 1.581e-06
[2025-07-17 16:06:04] DEBUG - PINN - Epoch 650 TOTALS -> PDE: 1.657e-04, Bcs: 1.284e-04, LOSS: 2.941e-04
[2025-07-17 16:06:08] DEBUG - PINN - Epoch 700 PDE terms: [1: 2.563e-06, 2: 2.676e-06, 3: 2.232e-05, 4: 1.819e-05, 5: 1.842e-05, 6: 4.451e-05, 7: 5.814e-06, 8: 1.060e-05, 9: 9.557e-06]
[2025-07-17 16:06:08] DEBUG - PINN - Epoch 700 boundary top    loss: 2.607e-05 | szz=pressure: 1.742e-05, syz=0: 5.643e-06, szx=0: 3.008e-06
[2025-07-17 16:06:08] DEBUG - PINN - Epoch 700 boundary front  loss: 1.642e-05 | sxx=0: 8.850e-06, sxy=0: 4.656e-06, szx=0: 2.914e-06
[2025-07-17 16:06:08] DEBUG - PINN - Epoch 700 boundary back   loss: 1.601e-05 | u=0: 3.901e-06, sxy=0: 6.045e-06, szx=0: 6.064e-06
[2025-07-17 16:06:08] DEBUG - PINN - Epoch 700 boundary right  loss: 2.465e-05 | syy=0: 1.068e-05, sxy=0: 5.804e-06, syz=0: 8.165e-06
[2025-07-17 16:06:08] DEBUG - PINN - Epoch 700 boundary left   loss: 1.512e-05 | v=0: 4.001e-06, sxy=0: 6.717e-06, syz=0: 4.404e-06
[2025-07-17 16:06:08] DEBUG - PINN - Epoch 700 boundary bottom loss: 9.350e-06 | gn=0: 6.358e-06, t1=0: 1.264e-06, t2=0: 1.728e-06
[2025-07-17 16:06:08] DEBUG - PINN - Epoch 700 TOTALS -> PDE: 1.346e-04, Bcs: 1.076e-04, LOSS: 2.423e-04
[2025-07-17 16:06:13] DEBUG - PINN - Epoch 750 PDE terms: [1: 2.003e-06, 2: 2.430e-06, 3: 1.689e-05, 4: 5.024e-05, 5: 2.667e-05, 6: 3.099e-04, 7: 5.923e-06, 8: 2.030e-05, 9: 1.163e-05]
[2025-07-17 16:06:13] DEBUG - PINN - Epoch 750 boundary top    loss: 9.883e-04 | szz=pressure: 9.726e-04, syz=0: 1.205e-05, szx=0: 3.663e-06
[2025-07-17 16:06:13] DEBUG - PINN - Epoch 750 boundary front  loss: 3.478e-05 | sxx=0: 1.708e-05, sxy=0: 4.315e-06, szx=0: 1.338e-05
[2025-07-17 16:06:13] DEBUG - PINN - Epoch 750 boundary back   loss: 1.639e-05 | u=0: 6.924e-06, sxy=0: 6.896e-06, szx=0: 2.571e-06
[2025-07-17 16:06:13] DEBUG - PINN - Epoch 750 boundary right  loss: 4.310e-05 | syy=0: 2.496e-05, sxy=0: 5.451e-06, syz=0: 1.269e-05
[2025-07-17 16:06:13] DEBUG - PINN - Epoch 750 boundary left   loss: 2.572e-05 | v=0: 1.224e-05, sxy=0: 8.343e-06, syz=0: 5.145e-06
[2025-07-17 16:06:13] DEBUG - PINN - Epoch 750 boundary bottom loss: 1.160e-04 | gn=0: 9.918e-05, t1=0: 8.830e-06, t2=0: 7.978e-06
[2025-07-17 16:06:13] DEBUG - PINN - Epoch 750 TOTALS -> PDE: 4.460e-04, Bcs: 1.224e-03, LOSS: 1.670e-03
[2025-07-17 16:06:18] DEBUG - PINN - Epoch 800 PDE terms: [1: 1.630e-06, 2: 2.213e-06, 3: 1.964e-05, 4: 1.997e-05, 5: 1.892e-05, 6: 8.954e-05, 7: 5.325e-06, 8: 1.025e-05, 9: 1.024e-05]
[2025-07-17 16:06:18] DEBUG - PINN - Epoch 800 boundary top    loss: 5.933e-05 | szz=pressure: 5.161e-05, syz=0: 5.372e-06, szx=0: 2.346e-06
[2025-07-17 16:06:18] DEBUG - PINN - Epoch 800 boundary front  loss: 1.651e-05 | sxx=0: 8.724e-06, sxy=0: 4.754e-06, szx=0: 3.031e-06
[2025-07-17 16:06:18] DEBUG - PINN - Epoch 800 boundary back   loss: 1.328e-05 | u=0: 4.460e-06, sxy=0: 4.752e-06, szx=0: 4.070e-06
[2025-07-17 16:06:18] DEBUG - PINN - Epoch 800 boundary right  loss: 2.917e-05 | syy=0: 1.451e-05, sxy=0: 6.104e-06, syz=0: 8.562e-06
[2025-07-17 16:06:18] DEBUG - PINN - Epoch 800 boundary left   loss: 1.312e-05 | v=0: 3.237e-06, sxy=0: 5.368e-06, syz=0: 4.516e-06
[2025-07-17 16:06:18] DEBUG - PINN - Epoch 800 boundary bottom loss: 1.390e-05 | gn=0: 1.119e-05, t1=0: 1.008e-06, t2=0: 1.700e-06
[2025-07-17 16:06:18] DEBUG - PINN - Epoch 800 TOTALS -> PDE: 1.777e-04, Bcs: 1.453e-04, LOSS: 3.230e-04
[2025-07-17 16:06:22] DEBUG - PINN - Epoch 850 PDE terms: [1: 1.892e-06, 2: 2.249e-06, 3: 1.665e-05, 4: 1.302e-05, 5: 1.505e-05, 6: 3.186e-05, 7: 4.150e-06, 8: 8.804e-06, 9: 7.593e-06]
[2025-07-17 16:06:22] DEBUG - PINN - Epoch 850 boundary top    loss: 2.240e-05 | szz=pressure: 1.528e-05, syz=0: 4.921e-06, szx=0: 2.201e-06
[2025-07-17 16:06:22] DEBUG - PINN - Epoch 850 boundary front  loss: 1.168e-05 | sxx=0: 6.663e-06, sxy=0: 2.989e-06, szx=0: 2.031e-06
[2025-07-17 16:06:22] DEBUG - PINN - Epoch 850 boundary back   loss: 1.037e-05 | u=0: 2.733e-06, sxy=0: 3.949e-06, szx=0: 3.683e-06
[2025-07-17 16:06:22] DEBUG - PINN - Epoch 850 boundary right  loss: 1.773e-05 | syy=0: 8.554e-06, sxy=0: 3.742e-06, syz=0: 5.436e-06
[2025-07-17 16:06:22] DEBUG - PINN - Epoch 850 boundary left   loss: 1.055e-05 | v=0: 3.205e-06, sxy=0: 4.678e-06, syz=0: 2.671e-06
[2025-07-17 16:06:22] DEBUG - PINN - Epoch 850 boundary bottom loss: 9.757e-06 | gn=0: 7.574e-06, t1=0: 7.859e-07, t2=0: 1.398e-06
[2025-07-17 16:06:22] DEBUG - PINN - Epoch 850 TOTALS -> PDE: 1.013e-04, Bcs: 8.249e-05, LOSS: 1.838e-04
[2025-07-17 16:06:27] DEBUG - PINN - Epoch 900 PDE terms: [1: 1.563e-06, 2: 1.884e-06, 3: 1.682e-05, 4: 1.478e-04, 5: 1.426e-04, 6: 9.610e-04, 7: 3.859e-06, 8: 7.871e-06, 9: 7.627e-06]
[2025-07-17 16:06:27] DEBUG - PINN - Epoch 900 boundary top    loss: 4.543e-04 | szz=pressure: 4.424e-04, syz=0: 8.842e-06, szx=0: 3.023e-06
[2025-07-17 16:06:27] DEBUG - PINN - Epoch 900 boundary front  loss: 9.282e-05 | sxx=0: 8.538e-05, sxy=0: 4.087e-06, szx=0: 3.355e-06
[2025-07-17 16:06:27] DEBUG - PINN - Epoch 900 boundary back   loss: 1.019e-05 | u=0: 5.052e-06, sxy=0: 3.402e-06, szx=0: 1.734e-06
[2025-07-17 16:06:27] DEBUG - PINN - Epoch 900 boundary right  loss: 9.966e-05 | syy=0: 8.849e-05, sxy=0: 3.827e-06, syz=0: 7.348e-06
[2025-07-17 16:06:27] DEBUG - PINN - Epoch 900 boundary left   loss: 1.044e-05 | v=0: 3.700e-06, sxy=0: 4.355e-06, syz=0: 2.383e-06
[2025-07-17 16:06:27] DEBUG - PINN - Epoch 900 boundary bottom loss: 1.011e-04 | gn=0: 9.590e-05, t1=0: 1.624e-06, t2=0: 3.540e-06
[2025-07-17 16:06:27] DEBUG - PINN - Epoch 900 TOTALS -> PDE: 1.291e-03, Bcs: 7.685e-04, LOSS: 2.060e-03
[2025-07-17 16:06:31] DEBUG - PINN - Epoch 950 PDE terms: [1: 1.329e-06, 2: 1.867e-06, 3: 1.468e-05, 4: 2.011e-05, 5: 1.918e-05, 6: 3.909e-05, 7: 3.606e-06, 8: 6.863e-06, 9: 6.492e-06]
[2025-07-17 16:06:31] DEBUG - PINN - Epoch 950 boundary top    loss: 3.095e-05 | szz=pressure: 2.623e-05, syz=0: 3.189e-06, szx=0: 1.535e-06
[2025-07-17 16:06:31] DEBUG - PINN - Epoch 950 boundary front  loss: 1.306e-05 | sxx=0: 8.716e-06, sxy=0: 2.488e-06, szx=0: 1.857e-06
[2025-07-17 16:06:31] DEBUG - PINN - Epoch 950 boundary back   loss: 9.143e-06 | u=0: 2.641e-06, sxy=0: 3.148e-06, szx=0: 3.353e-06
[2025-07-17 16:06:31] DEBUG - PINN - Epoch 950 boundary right  loss: 1.909e-05 | syy=0: 1.071e-05, sxy=0: 3.350e-06, syz=0: 5.025e-06
[2025-07-17 16:06:31] DEBUG - PINN - Epoch 950 boundary left   loss: 9.441e-06 | v=0: 2.676e-06, sxy=0: 3.589e-06, syz=0: 3.176e-06
[2025-07-17 16:06:31] DEBUG - PINN - Epoch 950 boundary bottom loss: 6.853e-06 | gn=0: 3.942e-06, t1=0: 1.394e-06, t2=0: 1.517e-06
[2025-07-17 16:06:31] DEBUG - PINN - Epoch 950 TOTALS -> PDE: 1.132e-04, Bcs: 8.854e-05, LOSS: 2.018e-04
[2025-07-17 16:06:36] DEBUG - PINN - Epoch 1000 PDE terms: [1: 1.150e-06, 2: 1.770e-06, 3: 1.311e-05, 4: 4.354e-05, 5: 3.631e-05, 6: 2.376e-04, 7: 3.668e-06, 8: 9.000e-06, 9: 1.367e-05]
[2025-07-17 16:06:36] DEBUG - PINN - Epoch 1000 boundary top    loss: 1.350e-04 | szz=pressure: 1.233e-04, syz=0: 7.923e-06, szx=0: 3.815e-06
[2025-07-17 16:06:36] DEBUG - PINN - Epoch 1000 boundary front  loss: 2.502e-05 | sxx=0: 2.039e-05, sxy=0: 2.733e-06, szx=0: 1.899e-06
[2025-07-17 16:06:36] DEBUG - PINN - Epoch 1000 boundary back   loss: 1.092e-05 | u=0: 6.959e-06, sxy=0: 2.824e-06, szx=0: 1.138e-06
[2025-07-17 16:06:36] DEBUG - PINN - Epoch 1000 boundary right  loss: 3.339e-05 | syy=0: 2.420e-05, sxy=0: 4.412e-06, syz=0: 4.775e-06
[2025-07-17 16:06:36] DEBUG - PINN - Epoch 1000 boundary left   loss: 1.122e-05 | v=0: 5.683e-06, sxy=0: 3.602e-06, syz=0: 1.935e-06
[2025-07-17 16:06:36] DEBUG - PINN - Epoch 1000 boundary bottom loss: 1.417e-04 | gn=0: 1.349e-04, t1=0: 1.550e-06, t2=0: 5.286e-06
[2025-07-17 16:06:36] DEBUG - PINN - Epoch 1000 TOTALS -> PDE: 3.598e-04, Bcs: 3.573e-04, LOSS: 7.171e-04
[2025-07-17 16:06:36] DEBUG - PINN - Saved weights to log/pinn/weights/Step0_layer4_weight.pth
[2025-07-17 16:06:36] DEBUG - PINN - Switching to L-BFGS optimization...
[2025-07-17 16:07:36] DEBUG - PINN - Saved weights to log/pinn/weights/Step0_layer4_weight.pth
[2025-07-17 16:07:36] DEBUG - PINN - Layer 5 top-corner displacement: [0.24986808001995087, 0.24787083268165588, -0.998602032661438]
[2025-07-17 16:07:36] INFO - PINN - Contact BC pressure: -1.001 from layer 4
[2025-07-17 16:07:36] DEBUG - PINN - Starting Adam training for layer 3 (1000 epochs, lr=1.0e-03)
[2025-07-17 16:07:36] DEBUG - PINN - Point counts: inside=512, top=256, bottom=256, front=256, back=256, right=256, left=256
[2025-07-17 16:07:36] DEBUG - PINN - Inside points shape: (512, 3)
[2025-07-17 16:07:36] DEBUG - PINN - Top points shape:    (256, 3)
[2025-07-17 16:07:36] DEBUG - PINN - Bottom points shape: (256, 3)
[2025-07-17 16:07:36] DEBUG - PINN - Front points shape:  (256, 3)
[2025-07-17 16:07:36] DEBUG - PINN - Back points shape:   (256, 3)
[2025-07-17 16:07:36] DEBUG - PINN - Right points shape:  (256, 3)
[2025-07-17 16:07:36] DEBUG - PINN - Left points shape:   (256, 3)
[2025-07-17 16:07:40] DEBUG - PINN - Epoch 50 PDE terms: [1: 7.898e-04, 2: 2.870e-04, 3: 1.980e-03, 4: 6.061e-04, 5: 2.201e-03, 6: 4.435e-03, 7: 9.544e-04, 8: 2.079e-03, 9: 3.055e-03]
[2025-07-17 16:07:40] DEBUG - PINN - Epoch  50 boundary top    loss: 5.339e-03 | szz=pressure: 3.499e-03, syz=0: 1.119e-03, szx=0: 7.202e-04
[2025-07-17 16:07:40] DEBUG - PINN - Epoch  50 boundary front  loss: 2.473e-03 | sxx=0: 1.644e-03, sxy=0: 3.366e-04, szx=0: 4.923e-04
[2025-07-17 16:07:40] DEBUG - PINN - Epoch  50 boundary back   loss: 1.226e-03 | u=0: 2.102e-04, sxy=0: 2.651e-04, szx=0: 7.505e-04
[2025-07-17 16:07:41] DEBUG - PINN - Epoch  50 boundary right  loss: 2.921e-03 | syy=0: 2.230e-03, sxy=0: 2.462e-04, syz=0: 4.452e-04
[2025-07-17 16:07:41] DEBUG - PINN - Epoch  50 boundary left   loss: 9.430e-04 | v=0: 6.678e-04, sxy=0: 6.885e-05, syz=0: 2.063e-04
[2025-07-17 16:07:41] DEBUG - PINN - Epoch  50 boundary bottom loss: 5.336e-03 | gn=0: 5.193e-04, t1=0: 2.193e-03, t2=0: 2.624e-03
[2025-07-17 16:07:41] DEBUG - PINN - Epoch 50 TOTALS -> PDE: 1.639e-02, Bcs: 1.824e-02, LOSS: 3.463e-02
[2025-07-17 16:07:46] DEBUG - PINN - Epoch 100 PDE terms: [1: 1.939e-04, 2: 2.663e-04, 3: 8.726e-04, 4: 1.085e-04, 5: 4.264e-05, 6: 8.305e-04, 7: 1.063e-04, 8: 7.215e-04, 9: 9.993e-04]
[2025-07-17 16:07:46] DEBUG - PINN - Epoch 100 boundary top    loss: 8.276e-04 | szz=pressure: 4.796e-04, syz=0: 1.917e-04, szx=0: 1.563e-04
[2025-07-17 16:07:46] DEBUG - PINN - Epoch 100 boundary front  loss: 5.092e-04 | sxx=0: 1.268e-04, sxy=0: 1.569e-04, szx=0: 2.255e-04
[2025-07-17 16:07:46] DEBUG - PINN - Epoch 100 boundary back   loss: 2.324e-04 | u=0: 4.301e-05, sxy=0: 1.024e-04, szx=0: 8.695e-05
[2025-07-17 16:07:46] DEBUG - PINN - Epoch 100 boundary right  loss: 5.222e-04 | syy=0: 2.307e-04, sxy=0: 1.398e-04, syz=0: 1.517e-04
[2025-07-17 16:07:46] DEBUG - PINN - Epoch 100 boundary left   loss: 2.823e-04 | v=0: 1.889e-04, sxy=0: 9.530e-06, syz=0: 8.389e-05
[2025-07-17 16:07:46] DEBUG - PINN - Epoch 100 boundary bottom loss: 1.427e-03 | gn=0: 4.655e-05, t1=0: 5.987e-04, t2=0: 7.819e-04
[2025-07-17 16:07:46] DEBUG - PINN - Epoch 100 TOTALS -> PDE: 4.142e-03, Bcs: 3.801e-03, LOSS: 7.942e-03
[2025-07-17 16:07:51] DEBUG - PINN - Epoch 150 PDE terms: [1: 1.310e-04, 2: 1.433e-04, 3: 2.012e-04, 4: 7.018e-05, 5: 2.191e-05, 6: 4.000e-04, 7: 3.977e-05, 8: 2.071e-04, 9: 2.536e-04]
[2025-07-17 16:07:51] DEBUG - PINN - Epoch 150 boundary top    loss: 2.774e-04 | szz=pressure: 1.697e-04, syz=0: 7.019e-05, szx=0: 3.744e-05
[2025-07-17 16:07:51] DEBUG - PINN - Epoch 150 boundary front  loss: 1.215e-04 | sxx=0: 3.020e-05, sxy=0: 5.348e-05, szx=0: 3.784e-05
[2025-07-17 16:07:51] DEBUG - PINN - Epoch 150 boundary back   loss: 1.141e-04 | u=0: 1.537e-05, sxy=0: 5.947e-05, szx=0: 3.922e-05
[2025-07-17 16:07:51] DEBUG - PINN - Epoch 150 boundary right  loss: 1.534e-04 | syy=0: 4.399e-05, sxy=0: 6.076e-05, syz=0: 4.867e-05
[2025-07-17 16:07:51] DEBUG - PINN - Epoch 150 boundary left   loss: 1.492e-04 | v=0: 8.040e-05, sxy=0: 1.030e-05, syz=0: 5.847e-05
[2025-07-17 16:07:51] DEBUG - PINN - Epoch 150 boundary bottom loss: 4.119e-04 | gn=0: 5.901e-05, t1=0: 1.668e-04, t2=0: 1.860e-04
[2025-07-17 16:07:51] DEBUG - PINN - Epoch 150 TOTALS -> PDE: 1.468e-03, Bcs: 1.227e-03, LOSS: 2.696e-03
[2025-07-17 16:07:55] DEBUG - PINN - Epoch 200 PDE terms: [1: 8.899e-05, 2: 7.318e-05, 3: 9.431e-05, 4: 6.171e-05, 5: 2.511e-05, 6: 2.703e-04, 7: 3.856e-05, 8: 6.749e-05, 9: 6.390e-05]
[2025-07-17 16:07:55] DEBUG - PINN - Epoch 200 boundary top    loss: 1.127e-04 | szz=pressure: 7.564e-05, syz=0: 2.443e-05, szx=0: 1.265e-05
[2025-07-17 16:07:55] DEBUG - PINN - Epoch 200 boundary front  loss: 7.819e-05 | sxx=0: 3.127e-05, sxy=0: 3.708e-05, szx=0: 9.844e-06
[2025-07-17 16:07:55] DEBUG - PINN - Epoch 200 boundary back   loss: 5.690e-05 | u=0: 1.054e-05, sxy=0: 3.104e-05, szx=0: 1.532e-05
[2025-07-17 16:07:55] DEBUG - PINN - Epoch 200 boundary right  loss: 7.849e-05 | syy=0: 2.600e-05, sxy=0: 3.872e-05, syz=0: 1.377e-05
[2025-07-17 16:07:55] DEBUG - PINN - Epoch 200 boundary left   loss: 9.951e-05 | v=0: 4.340e-05, sxy=0: 2.091e-05, syz=0: 3.520e-05
[2025-07-17 16:07:55] DEBUG - PINN - Epoch 200 boundary bottom loss: 1.324e-04 | gn=0: 5.836e-05, t1=0: 4.287e-05, t2=0: 3.115e-05
[2025-07-17 16:07:55] DEBUG - PINN - Epoch 200 TOTALS -> PDE: 7.835e-04, Bcs: 5.582e-04, LOSS: 1.342e-03
[2025-07-17 16:08:00] DEBUG - PINN - Epoch 250 PDE terms: [1: 8.210e-05, 2: 3.901e-05, 3: 6.457e-05, 4: 5.357e-05, 5: 3.865e-05, 6: 3.219e-04, 7: 2.910e-05, 8: 3.365e-05, 9: 2.659e-05]
[2025-07-17 16:08:00] DEBUG - PINN - Epoch 250 boundary top    loss: 1.482e-04 | szz=pressure: 1.176e-04, syz=0: 1.563e-05, szx=0: 1.492e-05
[2025-07-17 16:08:00] DEBUG - PINN - Epoch 250 boundary front  loss: 9.007e-05 | sxx=0: 4.490e-05, sxy=0: 3.631e-05, szx=0: 8.861e-06
[2025-07-17 16:08:00] DEBUG - PINN - Epoch 250 boundary back   loss: 5.659e-05 | u=0: 1.224e-05, sxy=0: 2.074e-05, szx=0: 2.361e-05
[2025-07-17 16:08:00] DEBUG - PINN - Epoch 250 boundary right  loss: 6.825e-05 | syy=0: 2.497e-05, sxy=0: 3.189e-05, syz=0: 1.138e-05
[2025-07-17 16:08:00] DEBUG - PINN - Epoch 250 boundary left   loss: 8.138e-05 | v=0: 3.767e-05, sxy=0: 2.403e-05, syz=0: 1.967e-05
[2025-07-17 16:08:00] DEBUG - PINN - Epoch 250 boundary bottom loss: 7.756e-05 | gn=0: 4.881e-05, t1=0: 1.823e-05, t2=0: 1.051e-05
[2025-07-17 16:08:00] DEBUG - PINN - Epoch 250 TOTALS -> PDE: 6.891e-04, Bcs: 5.220e-04, LOSS: 1.211e-03
[2025-07-17 16:08:05] DEBUG - PINN - Epoch 300 PDE terms: [1: 5.361e-05, 2: 2.178e-05, 3: 6.265e-05, 4: 5.539e-05, 5: 2.840e-05, 6: 1.650e-04, 7: 2.502e-05, 8: 2.112e-05, 9: 1.711e-05]
[2025-07-17 16:08:05] DEBUG - PINN - Epoch 300 boundary top    loss: 7.287e-05 | szz=pressure: 5.883e-05, syz=0: 8.105e-06, szx=0: 5.935e-06
[2025-07-17 16:08:05] DEBUG - PINN - Epoch 300 boundary front  loss: 7.328e-05 | sxx=0: 3.413e-05, sxy=0: 3.472e-05, szx=0: 4.426e-06
[2025-07-17 16:08:05] DEBUG - PINN - Epoch 300 boundary back   loss: 3.406e-05 | u=0: 9.762e-06, sxy=0: 1.385e-05, szx=0: 1.045e-05
[2025-07-17 16:08:05] DEBUG - PINN - Epoch 300 boundary right  loss: 5.150e-05 | syy=0: 1.872e-05, sxy=0: 2.661e-05, syz=0: 6.170e-06
[2025-07-17 16:08:05] DEBUG - PINN - Epoch 300 boundary left   loss: 6.765e-05 | v=0: 2.189e-05, sxy=0: 2.539e-05, syz=0: 2.037e-05
[2025-07-17 16:08:05] DEBUG - PINN - Epoch 300 boundary bottom loss: 4.531e-05 | gn=0: 3.509e-05, t1=0: 6.067e-06, t2=0: 4.147e-06
[2025-07-17 16:08:05] DEBUG - PINN - Epoch 300 TOTALS -> PDE: 4.500e-04, Bcs: 3.447e-04, LOSS: 7.947e-04
[2025-07-17 16:08:09] DEBUG - PINN - Epoch 350 PDE terms: [1: 3.624e-05, 2: 1.264e-05, 3: 5.139e-05, 4: 4.783e-05, 5: 2.627e-05, 6: 1.196e-04, 7: 1.915e-05, 8: 1.379e-05, 9: 1.246e-05]
[2025-07-17 16:08:09] DEBUG - PINN - Epoch 350 boundary top    loss: 5.337e-05 | szz=pressure: 4.461e-05, syz=0: 5.417e-06, szx=0: 3.341e-06
[2025-07-17 16:08:09] DEBUG - PINN - Epoch 350 boundary front  loss: 5.889e-05 | sxx=0: 2.651e-05, sxy=0: 2.977e-05, szx=0: 2.610e-06
[2025-07-17 16:08:09] DEBUG - PINN - Epoch 350 boundary back   loss: 2.620e-05 | u=0: 8.167e-06, sxy=0: 1.027e-05, szx=0: 7.759e-06
[2025-07-17 16:08:09] DEBUG - PINN - Epoch 350 boundary right  loss: 4.251e-05 | syy=0: 1.605e-05, sxy=0: 2.212e-05, syz=0: 4.342e-06
[2025-07-17 16:08:09] DEBUG - PINN - Epoch 350 boundary left   loss: 5.141e-05 | v=0: 1.534e-05, sxy=0: 2.289e-05, syz=0: 1.319e-05
[2025-07-17 16:08:09] DEBUG - PINN - Epoch 350 boundary bottom loss: 3.378e-05 | gn=0: 2.706e-05, t1=0: 3.404e-06, t2=0: 3.317e-06
[2025-07-17 16:08:09] DEBUG - PINN - Epoch 350 TOTALS -> PDE: 3.394e-04, Bcs: 2.662e-04, LOSS: 6.056e-04
[2025-07-17 16:08:14] DEBUG - PINN - Epoch 400 PDE terms: [1: 3.075e-05, 2: 8.966e-06, 3: 4.844e-05, 4: 1.822e-04, 5: 2.170e-04, 6: 1.581e-03, 7: 1.648e-05, 8: 1.409e-05, 9: 3.510e-05]
[2025-07-17 16:08:14] DEBUG - PINN - Epoch 400 boundary top    loss: 9.377e-04 | szz=pressure: 9.194e-04, syz=0: 5.662e-06, szx=0: 1.268e-05
[2025-07-17 16:08:14] DEBUG - PINN - Epoch 400 boundary front  loss: 2.073e-04 | sxx=0: 1.637e-04, sxy=0: 2.670e-05, szx=0: 1.694e-05
[2025-07-17 16:08:14] DEBUG - PINN - Epoch 400 boundary back   loss: 2.652e-05 | u=0: 8.259e-06, sxy=0: 8.795e-06, szx=0: 9.462e-06
[2025-07-17 16:08:14] DEBUG - PINN - Epoch 400 boundary right  loss: 1.479e-04 | syy=0: 1.258e-04, sxy=0: 1.625e-05, syz=0: 5.863e-06
[2025-07-17 16:08:14] DEBUG - PINN - Epoch 400 boundary left   loss: 4.475e-05 | v=0: 8.757e-06, sxy=0: 2.005e-05, syz=0: 1.595e-05
[2025-07-17 16:08:14] DEBUG - PINN - Epoch 400 boundary bottom loss: 3.660e-04 | gn=0: 3.583e-04, t1=0: 2.953e-06, t2=0: 4.719e-06
[2025-07-17 16:08:14] DEBUG - PINN - Epoch 400 TOTALS -> PDE: 2.134e-03, Bcs: 1.730e-03, LOSS: 3.864e-03
[2025-07-17 16:08:19] DEBUG - PINN - Epoch 450 PDE terms: [1: 2.452e-05, 2: 8.777e-06, 3: 3.800e-05, 4: 3.211e-05, 5: 2.126e-05, 6: 9.906e-05, 7: 1.220e-05, 8: 8.579e-06, 9: 9.020e-06]
[2025-07-17 16:08:19] DEBUG - PINN - Epoch 450 boundary top    loss: 4.463e-05 | szz=pressure: 3.653e-05, syz=0: 4.634e-06, szx=0: 3.475e-06
[2025-07-17 16:08:19] DEBUG - PINN - Epoch 450 boundary front  loss: 4.619e-05 | sxx=0: 2.206e-05, sxy=0: 2.105e-05, szx=0: 3.074e-06
[2025-07-17 16:08:19] DEBUG - PINN - Epoch 450 boundary back   loss: 2.018e-05 | u=0: 6.343e-06, sxy=0: 7.419e-06, szx=0: 6.415e-06
[2025-07-17 16:08:19] DEBUG - PINN - Epoch 450 boundary right  loss: 3.463e-05 | syy=0: 1.373e-05, sxy=0: 1.698e-05, syz=0: 3.918e-06
[2025-07-17 16:08:19] DEBUG - PINN - Epoch 450 boundary left   loss: 3.444e-05 | v=0: 9.508e-06, sxy=0: 1.607e-05, syz=0: 8.860e-06
[2025-07-17 16:08:19] DEBUG - PINN - Epoch 450 boundary bottom loss: 1.840e-05 | gn=0: 1.448e-05, t1=0: 2.073e-06, t2=0: 1.843e-06
[2025-07-17 16:08:19] DEBUG - PINN - Epoch 450 TOTALS -> PDE: 2.535e-04, Bcs: 1.985e-04, LOSS: 4.520e-04
[2025-07-17 16:08:23] DEBUG - PINN - Epoch 500 PDE terms: [1: 1.926e-05, 2: 6.967e-06, 3: 3.500e-05, 4: 3.889e-05, 5: 2.532e-05, 6: 1.179e-04, 7: 1.113e-05, 8: 6.718e-06, 9: 7.644e-06]
[2025-07-17 16:08:23] DEBUG - PINN - Epoch 500 boundary top    loss: 7.949e-05 | szz=pressure: 7.337e-05, syz=0: 4.160e-06, szx=0: 1.954e-06
[2025-07-17 16:08:23] DEBUG - PINN - Epoch 500 boundary front  loss: 4.337e-05 | sxx=0: 2.262e-05, sxy=0: 1.887e-05, szx=0: 1.883e-06
[2025-07-17 16:08:23] DEBUG - PINN - Epoch 500 boundary back   loss: 1.852e-05 | u=0: 6.360e-06, sxy=0: 6.636e-06, szx=0: 5.524e-06
[2025-07-17 16:08:23] DEBUG - PINN - Epoch 500 boundary right  loss: 3.339e-05 | syy=0: 1.605e-05, sxy=0: 1.426e-05, syz=0: 3.087e-06
[2025-07-17 16:08:23] DEBUG - PINN - Epoch 500 boundary left   loss: 2.964e-05 | v=0: 7.886e-06, sxy=0: 1.487e-05, syz=0: 6.886e-06
[2025-07-17 16:08:23] DEBUG - PINN - Epoch 500 boundary bottom loss: 2.402e-05 | gn=0: 2.032e-05, t1=0: 1.391e-06, t2=0: 2.313e-06
[2025-07-17 16:08:23] DEBUG - PINN - Epoch 500 TOTALS -> PDE: 2.688e-04, Bcs: 2.284e-04, LOSS: 4.972e-04
[2025-07-17 16:08:28] DEBUG - PINN - Epoch 550 PDE terms: [1: 1.981e-05, 2: 7.043e-06, 3: 3.468e-05, 4: 6.613e-05, 5: 5.903e-05, 6: 3.961e-04, 7: 9.791e-06, 8: 6.640e-06, 9: 1.191e-05]
[2025-07-17 16:08:28] DEBUG - PINN - Epoch 550 boundary top    loss: 1.858e-04 | szz=pressure: 1.759e-04, syz=0: 4.861e-06, szx=0: 4.989e-06
[2025-07-17 16:08:28] DEBUG - PINN - Epoch 550 boundary front  loss: 8.121e-05 | sxx=0: 5.418e-05, sxy=0: 1.624e-05, szx=0: 1.080e-05
[2025-07-17 16:08:28] DEBUG - PINN - Epoch 550 boundary back   loss: 1.643e-05 | u=0: 5.983e-06, sxy=0: 6.732e-06, szx=0: 3.712e-06
[2025-07-17 16:08:28] DEBUG - PINN - Epoch 550 boundary right  loss: 5.197e-05 | syy=0: 3.701e-05, sxy=0: 1.172e-05, syz=0: 3.236e-06
[2025-07-17 16:08:28] DEBUG - PINN - Epoch 550 boundary left   loss: 2.748e-05 | v=0: 7.211e-06, sxy=0: 1.262e-05, syz=0: 7.650e-06
[2025-07-17 16:08:28] DEBUG - PINN - Epoch 550 boundary bottom loss: 9.224e-05 | gn=0: 8.897e-05, t1=0: 1.644e-06, t2=0: 1.618e-06
[2025-07-17 16:08:28] DEBUG - PINN - Epoch 550 TOTALS -> PDE: 6.112e-04, Bcs: 4.551e-04, LOSS: 1.066e-03
[2025-07-17 16:08:33] DEBUG - PINN - Epoch 600 PDE terms: [1: 1.374e-05, 2: 6.222e-06, 3: 2.854e-05, 4: 3.106e-05, 5: 2.112e-05, 6: 1.034e-04, 7: 8.003e-06, 8: 4.319e-06, 9: 6.017e-06]
[2025-07-17 16:08:33] DEBUG - PINN - Epoch 600 boundary top    loss: 7.235e-05 | szz=pressure: 6.685e-05, syz=0: 3.808e-06, szx=0: 1.693e-06
[2025-07-17 16:08:33] DEBUG - PINN - Epoch 600 boundary front  loss: 3.526e-05 | sxx=0: 2.048e-05, sxy=0: 1.311e-05, szx=0: 1.674e-06
[2025-07-17 16:08:33] DEBUG - PINN - Epoch 600 boundary back   loss: 1.537e-05 | u=0: 5.200e-06, sxy=0: 5.296e-06, szx=0: 4.872e-06
[2025-07-17 16:08:33] DEBUG - PINN - Epoch 600 boundary right  loss: 2.793e-05 | syy=0: 1.494e-05, sxy=0: 1.054e-05, syz=0: 2.454e-06
[2025-07-17 16:08:33] DEBUG - PINN - Epoch 600 boundary left   loss: 2.086e-05 | v=0: 5.440e-06, sxy=0: 1.040e-05, syz=0: 5.017e-06
[2025-07-17 16:08:33] DEBUG - PINN - Epoch 600 boundary bottom loss: 2.447e-05 | gn=0: 2.178e-05, t1=0: 8.436e-07, t2=0: 1.846e-06
[2025-07-17 16:08:33] DEBUG - PINN - Epoch 600 TOTALS -> PDE: 2.225e-04, Bcs: 1.962e-04, LOSS: 4.187e-04
[2025-07-17 16:08:38] DEBUG - PINN - Epoch 650 PDE terms: [1: 1.263e-05, 2: 5.943e-06, 3: 2.641e-05, 4: 5.230e-05, 5: 5.157e-05, 6: 3.225e-04, 7: 7.236e-06, 8: 4.423e-06, 9: 8.611e-06]
[2025-07-17 16:08:38] DEBUG - PINN - Epoch 650 boundary top    loss: 1.826e-04 | szz=pressure: 1.762e-04, syz=0: 3.418e-06, szx=0: 2.972e-06
[2025-07-17 16:08:38] DEBUG - PINN - Epoch 650 boundary front  loss: 4.705e-05 | sxx=0: 3.553e-05, sxy=0: 1.015e-05, szx=0: 1.381e-06
[2025-07-17 16:08:38] DEBUG - PINN - Epoch 650 boundary back   loss: 1.683e-05 | u=0: 4.609e-06, sxy=0: 4.839e-06, szx=0: 7.378e-06
[2025-07-17 16:08:38] DEBUG - PINN - Epoch 650 boundary right  loss: 3.772e-05 | syy=0: 2.428e-05, sxy=0: 1.046e-05, syz=0: 2.976e-06
[2025-07-17 16:08:38] DEBUG - PINN - Epoch 650 boundary left   loss: 1.825e-05 | v=0: 4.966e-06, sxy=0: 8.830e-06, syz=0: 4.450e-06
[2025-07-17 16:08:38] DEBUG - PINN - Epoch 650 boundary bottom loss: 7.396e-05 | gn=0: 7.102e-05, t1=0: 1.056e-06, t2=0: 1.886e-06
[2025-07-17 16:08:38] DEBUG - PINN - Epoch 650 TOTALS -> PDE: 4.916e-04, Bcs: 3.764e-04, LOSS: 8.680e-04
[2025-07-17 16:08:42] DEBUG - PINN - Epoch 700 PDE terms: [1: 1.098e-05, 2: 4.963e-06, 3: 2.473e-05, 4: 2.768e-05, 5: 2.126e-05, 6: 9.265e-05, 7: 6.708e-06, 8: 3.441e-06, 9: 5.105e-06]
[2025-07-17 16:08:42] DEBUG - PINN - Epoch 700 boundary top    loss: 5.175e-05 | szz=pressure: 4.716e-05, syz=0: 3.327e-06, szx=0: 1.260e-06
[2025-07-17 16:08:42] DEBUG - PINN - Epoch 700 boundary front  loss: 3.419e-05 | sxx=0: 2.209e-05, sxy=0: 9.248e-06, szx=0: 2.843e-06
[2025-07-17 16:08:42] DEBUG - PINN - Epoch 700 boundary back   loss: 1.159e-05 | u=0: 4.303e-06, sxy=0: 4.308e-06, szx=0: 2.981e-06
[2025-07-17 16:08:43] DEBUG - PINN - Epoch 700 boundary right  loss: 2.515e-05 | syy=0: 1.554e-05, sxy=0: 7.464e-06, syz=0: 2.147e-06
[2025-07-17 16:08:43] DEBUG - PINN - Epoch 700 boundary left   loss: 1.578e-05 | v=0: 3.915e-06, sxy=0: 7.620e-06, syz=0: 4.242e-06
[2025-07-17 16:08:43] DEBUG - PINN - Epoch 700 boundary bottom loss: 1.539e-05 | gn=0: 1.348e-05, t1=0: 5.810e-07, t2=0: 1.332e-06
[2025-07-17 16:08:43] DEBUG - PINN - Epoch 700 TOTALS -> PDE: 1.975e-04, Bcs: 1.538e-04, LOSS: 3.514e-04
[2025-07-17 16:08:48] DEBUG - PINN - Epoch 750 PDE terms: [1: 1.115e-05, 2: 5.741e-06, 3: 2.385e-05, 4: 2.276e-05, 5: 3.161e-05, 6: 2.330e-04, 7: 5.701e-06, 8: 3.499e-06, 9: 5.394e-06]
[2025-07-17 16:08:48] DEBUG - PINN - Epoch 750 boundary top    loss: 1.162e-04 | szz=pressure: 1.082e-04, syz=0: 4.600e-06, szx=0: 3.354e-06
[2025-07-17 16:08:48] DEBUG - PINN - Epoch 750 boundary front  loss: 4.713e-05 | sxx=0: 3.397e-05, sxy=0: 8.080e-06, szx=0: 5.081e-06
[2025-07-17 16:08:48] DEBUG - PINN - Epoch 750 boundary back   loss: 1.128e-05 | u=0: 4.569e-06, sxy=0: 4.384e-06, szx=0: 2.325e-06
[2025-07-17 16:08:48] DEBUG - PINN - Epoch 750 boundary right  loss: 3.106e-05 | syy=0: 2.226e-05, sxy=0: 6.470e-06, syz=0: 2.326e-06
[2025-07-17 16:08:48] DEBUG - PINN - Epoch 750 boundary left   loss: 1.585e-05 | v=0: 4.309e-06, sxy=0: 6.809e-06, syz=0: 4.730e-06
[2025-07-17 16:08:48] DEBUG - PINN - Epoch 750 boundary bottom loss: 3.628e-05 | gn=0: 3.492e-05, t1=0: 5.563e-07, t2=0: 7.999e-07
[2025-07-17 16:08:48] DEBUG - PINN - Epoch 750 TOTALS -> PDE: 3.426e-04, Bcs: 2.577e-04, LOSS: 6.004e-04
[2025-07-17 16:08:53] DEBUG - PINN - Epoch 800 PDE terms: [1: 8.671e-06, 2: 4.615e-06, 3: 2.173e-05, 4: 1.844e-05, 5: 1.175e-05, 6: 4.703e-05, 7: 5.320e-06, 8: 2.800e-06, 9: 4.057e-06]
[2025-07-17 16:08:53] DEBUG - PINN - Epoch 800 boundary top    loss: 3.314e-05 | szz=pressure: 2.833e-05, syz=0: 3.475e-06, szx=0: 1.335e-06
[2025-07-17 16:08:53] DEBUG - PINN - Epoch 800 boundary front  loss: 2.836e-05 | sxx=0: 1.892e-05, sxy=0: 6.964e-06, szx=0: 2.477e-06
[2025-07-17 16:08:53] DEBUG - PINN - Epoch 800 boundary back   loss: 1.064e-05 | u=0: 4.560e-06, sxy=0: 3.488e-06, szx=0: 2.595e-06
[2025-07-17 16:08:53] DEBUG - PINN - Epoch 800 boundary right  loss: 1.943e-05 | syy=0: 1.148e-05, sxy=0: 5.834e-06, syz=0: 2.113e-06
[2025-07-17 16:08:53] DEBUG - PINN - Epoch 800 boundary left   loss: 1.330e-05 | v=0: 3.525e-06, sxy=0: 6.216e-06, syz=0: 3.559e-06
[2025-07-17 16:08:53] DEBUG - PINN - Epoch 800 boundary bottom loss: 7.550e-06 | gn=0: 5.794e-06, t1=0: 5.407e-07, t2=0: 1.216e-06
[2025-07-17 16:08:53] DEBUG - PINN - Epoch 800 TOTALS -> PDE: 1.244e-04, Bcs: 1.124e-04, LOSS: 2.368e-04
[2025-07-17 16:08:58] DEBUG - PINN - Epoch 850 PDE terms: [1: 8.389e-06, 2: 5.106e-06, 3: 2.195e-05, 4: 1.815e-05, 5: 1.426e-05, 6: 1.325e-04, 7: 5.081e-06, 8: 2.897e-06, 9: 5.064e-06]
[2025-07-17 16:08:58] DEBUG - PINN - Epoch 850 boundary top    loss: 9.092e-05 | szz=pressure: 8.533e-05, syz=0: 3.381e-06, szx=0: 2.210e-06
[2025-07-17 16:08:58] DEBUG - PINN - Epoch 850 boundary front  loss: 2.988e-05 | sxx=0: 2.032e-05, sxy=0: 5.301e-06, szx=0: 4.259e-06
[2025-07-17 16:08:58] DEBUG - PINN - Epoch 850 boundary back   loss: 8.552e-06 | u=0: 3.781e-06, sxy=0: 3.229e-06, szx=0: 1.543e-06
[2025-07-17 16:08:58] DEBUG - PINN - Epoch 850 boundary right  loss: 2.161e-05 | syy=0: 1.460e-05, sxy=0: 5.307e-06, syz=0: 1.699e-06
[2025-07-17 16:08:58] DEBUG - PINN - Epoch 850 boundary left   loss: 1.234e-05 | v=0: 2.502e-06, sxy=0: 5.587e-06, syz=0: 4.250e-06
[2025-07-17 16:08:58] DEBUG - PINN - Epoch 850 boundary bottom loss: 3.439e-05 | gn=0: 3.295e-05, t1=0: 5.646e-07, t2=0: 8.699e-07
[2025-07-17 16:08:58] DEBUG - PINN - Epoch 850 TOTALS -> PDE: 2.134e-04, Bcs: 1.977e-04, LOSS: 4.111e-04
[2025-07-17 16:09:03] DEBUG - PINN - Epoch 900 PDE terms: [1: 6.233e-06, 2: 3.876e-06, 3: 1.685e-05, 4: 1.715e-05, 5: 1.162e-05, 6: 6.467e-05, 7: 4.202e-06, 8: 2.348e-06, 9: 3.358e-06]
[2025-07-17 16:09:03] DEBUG - PINN - Epoch 900 boundary top    loss: 4.973e-05 | szz=pressure: 4.556e-05, syz=0: 3.144e-06, szx=0: 1.018e-06
[2025-07-17 16:09:03] DEBUG - PINN - Epoch 900 boundary front  loss: 2.078e-05 | sxx=0: 1.462e-05, sxy=0: 4.587e-06, szx=0: 1.573e-06
[2025-07-17 16:09:03] DEBUG - PINN - Epoch 900 boundary back   loss: 8.030e-06 | u=0: 3.285e-06, sxy=0: 2.595e-06, szx=0: 2.151e-06
[2025-07-17 16:09:03] DEBUG - PINN - Epoch 900 boundary right  loss: 1.671e-05 | syy=0: 1.046e-05, sxy=0: 4.776e-06, syz=0: 1.475e-06
[2025-07-17 16:09:03] DEBUG - PINN - Epoch 900 boundary left   loss: 9.477e-06 | v=0: 2.421e-06, sxy=0: 4.580e-06, syz=0: 2.476e-06
[2025-07-17 16:09:03] DEBUG - PINN - Epoch 900 boundary bottom loss: 1.155e-05 | gn=0: 1.029e-05, t1=0: 3.157e-07, t2=0: 9.446e-07
[2025-07-17 16:09:03] DEBUG - PINN - Epoch 900 TOTALS -> PDE: 1.303e-04, Bcs: 1.163e-04, LOSS: 2.466e-04
[2025-07-17 16:09:08] DEBUG - PINN - Epoch 950 PDE terms: [1: 6.373e-06, 2: 4.066e-06, 3: 1.672e-05, 4: 2.242e-05, 5: 1.777e-05, 6: 1.567e-04, 7: 4.019e-06, 8: 2.408e-06, 9: 3.771e-06]
[2025-07-17 16:09:08] DEBUG - PINN - Epoch 950 boundary top    loss: 9.527e-05 | szz=pressure: 8.977e-05, syz=0: 3.873e-06, szx=0: 1.622e-06
[2025-07-17 16:09:08] DEBUG - PINN - Epoch 950 boundary front  loss: 2.247e-05 | sxx=0: 1.697e-05, sxy=0: 3.922e-06, szx=0: 1.579e-06
[2025-07-17 16:09:08] DEBUG - PINN - Epoch 950 boundary back   loss: 8.854e-06 | u=0: 3.376e-06, sxy=0: 2.621e-06, szx=0: 2.857e-06
[2025-07-17 16:09:08] DEBUG - PINN - Epoch 950 boundary right  loss: 1.836e-05 | syy=0: 1.242e-05, sxy=0: 4.608e-06, syz=0: 1.335e-06
[2025-07-17 16:09:08] DEBUG - PINN - Epoch 950 boundary left   loss: 9.193e-06 | v=0: 2.497e-06, sxy=0: 4.278e-06, syz=0: 2.417e-06
[2025-07-17 16:09:08] DEBUG - PINN - Epoch 950 boundary bottom loss: 2.148e-05 | gn=0: 2.010e-05, t1=0: 8.044e-07, t2=0: 5.782e-07
[2025-07-17 16:09:08] DEBUG - PINN - Epoch 950 TOTALS -> PDE: 2.342e-04, Bcs: 1.756e-04, LOSS: 4.098e-04
[2025-07-17 16:09:12] DEBUG - PINN - Epoch 1000 PDE terms: [1: 6.165e-06, 2: 3.567e-06, 3: 1.871e-05, 4: 3.984e-04, 5: 5.037e-04, 6: 3.495e-03, 7: 8.796e-06, 8: 2.570e-06, 9: 3.139e-05]
[2025-07-17 16:09:12] DEBUG - PINN - Epoch 1000 boundary top    loss: 2.067e-03 | szz=pressure: 2.058e-03, syz=0: 2.419e-06, szx=0: 6.384e-06
[2025-07-17 16:09:12] DEBUG - PINN - Epoch 1000 boundary front  loss: 3.340e-04 | sxx=0: 3.169e-04, sxy=0: 4.950e-06, szx=0: 1.207e-05
[2025-07-17 16:09:12] DEBUG - PINN - Epoch 1000 boundary back   loss: 1.180e-05 | u=0: 3.364e-06, sxy=0: 3.033e-06, szx=0: 5.406e-06
[2025-07-17 16:09:12] DEBUG - PINN - Epoch 1000 boundary right  loss: 2.738e-04 | syy=0: 2.692e-04, sxy=0: 2.078e-06, syz=0: 2.521e-06
[2025-07-17 16:09:12] DEBUG - PINN - Epoch 1000 boundary left   loss: 9.598e-06 | v=0: 2.793e-06, sxy=0: 3.373e-06, syz=0: 3.432e-06
[2025-07-17 16:09:12] DEBUG - PINN - Epoch 1000 boundary bottom loss: 7.982e-04 | gn=0: 7.867e-04, t1=0: 6.715e-07, t2=0: 1.075e-05
[2025-07-17 16:09:12] DEBUG - PINN - Epoch 1000 TOTALS -> PDE: 4.469e-03, Bcs: 3.494e-03, LOSS: 7.963e-03
[2025-07-17 16:09:12] DEBUG - PINN - Saved weights to log/pinn/weights/Step0_layer3_weight.pth
[2025-07-17 16:09:12] DEBUG - PINN - Switching to L-BFGS optimization...
[2025-07-17 16:10:45] DEBUG - PINN - Saved weights to log/pinn/weights/Step0_layer3_weight.pth
[2025-07-17 16:10:45] DEBUG - PINN - Layer 4 top-corner displacement: [0.24874785542488098, 0.24978803098201752, -0.9988918304443359]
[2025-07-17 16:10:45] INFO - PINN - Contact BC pressure: -1.000 from layer 3
[2025-07-17 16:10:45] DEBUG - PINN - Starting Adam training for layer 2 (1000 epochs, lr=1.0e-03)
[2025-07-17 16:10:45] DEBUG - PINN - Point counts: inside=512, top=256, bottom=256, front=256, back=256, right=256, left=256
[2025-07-17 16:10:45] DEBUG - PINN - Inside points shape: (512, 3)
[2025-07-17 16:10:45] DEBUG - PINN - Top points shape:    (256, 3)
[2025-07-17 16:10:45] DEBUG - PINN - Bottom points shape: (256, 3)
[2025-07-17 16:10:45] DEBUG - PINN - Front points shape:  (256, 3)
[2025-07-17 16:10:45] DEBUG - PINN - Back points shape:   (256, 3)
[2025-07-17 16:10:45] DEBUG - PINN - Right points shape:  (256, 3)
[2025-07-17 16:10:45] DEBUG - PINN - Left points shape:   (256, 3)
[2025-07-17 16:10:50] DEBUG - PINN - Epoch 50 PDE terms: [1: 6.444e-04, 2: 3.393e-04, 3: 5.869e-03, 4: 3.235e-04, 5: 1.841e-03, 6: 1.848e-02, 7: 3.870e-04, 8: 8.327e-03, 9: 1.018e-02]
[2025-07-17 16:10:50] DEBUG - PINN - Epoch  50 boundary top    loss: 7.811e-03 | szz=pressure: 7.342e-03, syz=0: 1.893e-04, szx=0: 2.792e-04
[2025-07-17 16:10:50] DEBUG - PINN - Epoch  50 boundary front  loss: 4.364e-03 | sxx=0: 3.952e-03, sxy=0: 4.013e-04, szx=0: 1.062e-05
[2025-07-17 16:10:50] DEBUG - PINN - Epoch  50 boundary back   loss: 1.376e-03 | u=0: 9.631e-04, sxy=0: 1.760e-04, szx=0: 2.365e-04
[2025-07-17 16:10:50] DEBUG - PINN - Epoch  50 boundary right  loss: 5.007e-03 | syy=0: 4.742e-03, sxy=0: 2.432e-04, syz=0: 2.130e-05
[2025-07-17 16:10:50] DEBUG - PINN - Epoch  50 boundary left   loss: 5.718e-04 | v=0: 6.573e-05, sxy=0: 2.473e-04, syz=0: 2.588e-04
[2025-07-17 16:10:50] DEBUG - PINN - Epoch  50 boundary bottom loss: 1.633e-02 | gn=0: 6.690e-03, t1=0: 4.646e-03, t2=0: 4.995e-03
[2025-07-17 16:10:50] DEBUG - PINN - Epoch 50 TOTALS -> PDE: 4.639e-02, Bcs: 3.546e-02, LOSS: 8.185e-02
[2025-07-17 16:10:55] DEBUG - PINN - Epoch 100 PDE terms: [1: 6.487e-04, 2: 8.982e-04, 3: 2.127e-03, 4: 5.069e-04, 5: 4.700e-04, 6: 3.418e-03, 7: 4.162e-05, 8: 7.419e-03, 9: 8.328e-03]
[2025-07-17 16:10:55] DEBUG - PINN - Epoch 100 boundary top    loss: 3.467e-02 | szz=pressure: 3.387e-02, syz=0: 3.887e-04, szx=0: 4.108e-04
[2025-07-17 16:10:55] DEBUG - PINN - Epoch 100 boundary front  loss: 2.384e-03 | sxx=0: 2.009e-03, sxy=0: 9.955e-06, szx=0: 3.654e-04
[2025-07-17 16:10:55] DEBUG - PINN - Epoch 100 boundary back   loss: 4.045e-04 | u=0: 1.690e-04, sxy=0: 1.066e-05, szx=0: 2.249e-04
[2025-07-17 16:10:55] DEBUG - PINN - Epoch 100 boundary right  loss: 3.030e-03 | syy=0: 2.374e-03, sxy=0: 1.499e-05, syz=0: 6.408e-04
[2025-07-17 16:10:55] DEBUG - PINN - Epoch 100 boundary left   loss: 3.291e-04 | v=0: 2.351e-05, sxy=0: 1.283e-05, syz=0: 2.927e-04
[2025-07-17 16:10:55] DEBUG - PINN - Epoch 100 boundary bottom loss: 1.763e-02 | gn=0: 8.204e-03, t1=0: 4.413e-03, t2=0: 5.015e-03
[2025-07-17 16:10:55] DEBUG - PINN - Epoch 100 TOTALS -> PDE: 2.386e-02, Bcs: 5.845e-02, LOSS: 8.230e-02
[2025-07-17 16:11:00] DEBUG - PINN - Epoch 150 PDE terms: [1: 7.513e-04, 2: 7.955e-04, 3: 4.709e-03, 4: 3.950e-04, 5: 3.563e-04, 6: 1.800e-02, 7: 7.360e-05, 8: 6.986e-03, 9: 6.793e-03]
[2025-07-17 16:11:00] DEBUG - PINN - Epoch 150 boundary top    loss: 1.885e-03 | szz=pressure: 8.001e-04, syz=0: 5.006e-04, szx=0: 5.843e-04
[2025-07-17 16:11:00] DEBUG - PINN - Epoch 150 boundary front  loss: 2.485e-03 | sxx=0: 1.744e-03, sxy=0: 9.675e-06, szx=0: 7.319e-04
[2025-07-17 16:11:00] DEBUG - PINN - Epoch 150 boundary back   loss: 7.545e-04 | u=0: 2.245e-04, sxy=0: 1.055e-05, szx=0: 5.195e-04
[2025-07-17 16:11:00] DEBUG - PINN - Epoch 150 boundary right  loss: 2.666e-03 | syy=0: 1.876e-03, sxy=0: 1.530e-05, syz=0: 7.750e-04
[2025-07-17 16:11:00] DEBUG - PINN - Epoch 150 boundary left   loss: 6.201e-04 | v=0: 2.090e-05, sxy=0: 2.675e-05, syz=0: 5.724e-04
[2025-07-17 16:11:00] DEBUG - PINN - Epoch 150 boundary bottom loss: 1.090e-02 | gn=0: 3.043e-03, t1=0: 3.702e-03, t2=0: 4.152e-03
[2025-07-17 16:11:00] DEBUG - PINN - Epoch 150 TOTALS -> PDE: 3.886e-02, Bcs: 1.931e-02, LOSS: 5.817e-02
[2025-07-17 16:11:04] DEBUG - PINN - Epoch 200 PDE terms: [1: 5.721e-04, 2: 4.515e-04, 3: 2.475e-03, 4: 3.134e-04, 5: 2.405e-04, 6: 8.294e-03, 7: 5.082e-05, 8: 7.706e-03, 9: 7.102e-03]
[2025-07-17 16:11:04] DEBUG - PINN - Epoch 200 boundary top    loss: 9.209e-03 | szz=pressure: 8.201e-03, syz=0: 4.490e-04, szx=0: 5.586e-04
[2025-07-17 16:11:04] DEBUG - PINN - Epoch 200 boundary front  loss: 1.498e-03 | sxx=0: 7.693e-04, sxy=0: 1.110e-05, szx=0: 7.178e-04
[2025-07-17 16:11:04] DEBUG - PINN - Epoch 200 boundary back   loss: 8.527e-04 | u=0: 2.103e-04, sxy=0: 1.222e-05, szx=0: 6.302e-04
[2025-07-17 16:11:04] DEBUG - PINN - Epoch 200 boundary right  loss: 1.739e-03 | syy=0: 9.198e-04, sxy=0: 1.738e-05, syz=0: 8.017e-04
[2025-07-17 16:11:04] DEBUG - PINN - Epoch 200 boundary left   loss: 6.488e-04 | v=0: 4.902e-05, sxy=0: 2.668e-05, syz=0: 5.731e-04
[2025-07-17 16:11:04] DEBUG - PINN - Epoch 200 boundary bottom loss: 1.394e-02 | gn=0: 5.524e-03, t1=0: 3.982e-03, t2=0: 4.431e-03
[2025-07-17 16:11:04] DEBUG - PINN - Epoch 200 TOTALS -> PDE: 2.721e-02, Bcs: 2.788e-02, LOSS: 5.509e-02
[2025-07-17 16:11:09] DEBUG - PINN - Epoch 250 PDE terms: [1: 4.753e-04, 2: 3.230e-04, 3: 3.321e-03, 4: 3.056e-04, 5: 2.727e-04, 6: 1.535e-02, 7: 6.271e-05, 8: 7.895e-03, 9: 7.371e-03]
[2025-07-17 16:11:09] DEBUG - PINN - Epoch 250 boundary top    loss: 1.945e-03 | szz=pressure: 9.538e-04, syz=0: 4.415e-04, szx=0: 5.502e-04
[2025-07-17 16:11:09] DEBUG - PINN - Epoch 250 boundary front  loss: 1.577e-03 | sxx=0: 6.667e-04, sxy=0: 9.218e-06, szx=0: 9.011e-04
[2025-07-17 16:11:09] DEBUG - PINN - Epoch 250 boundary back   loss: 6.083e-04 | u=0: 9.142e-05, sxy=0: 1.240e-05, szx=0: 5.044e-04
[2025-07-17 16:11:09] DEBUG - PINN - Epoch 250 boundary right  loss: 1.683e-03 | syy=0: 7.230e-04, sxy=0: 1.280e-05, syz=0: 9.468e-04
[2025-07-17 16:11:09] DEBUG - PINN - Epoch 250 boundary left   loss: 6.297e-04 | v=0: 4.199e-05, sxy=0: 2.333e-05, syz=0: 5.644e-04
[2025-07-17 16:11:09] DEBUG - PINN - Epoch 250 boundary bottom loss: 1.123e-02 | gn=0: 3.396e-03, t1=0: 3.743e-03, t2=0: 4.088e-03
[2025-07-17 16:11:09] DEBUG - PINN - Epoch 250 TOTALS -> PDE: 3.538e-02, Bcs: 1.767e-02, LOSS: 5.305e-02
[2025-07-17 16:11:14] DEBUG - PINN - Epoch 300 PDE terms: [1: 3.427e-04, 2: 2.642e-04, 3: 1.851e-03, 4: 2.599e-04, 5: 3.046e-04, 6: 7.404e-03, 7: 8.428e-05, 8: 9.296e-03, 9: 8.159e-03]
[2025-07-17 16:11:14] DEBUG - PINN - Epoch 300 boundary top    loss: 9.379e-03 | szz=pressure: 8.549e-03, syz=0: 4.015e-04, szx=0: 4.275e-04
[2025-07-17 16:11:14] DEBUG - PINN - Epoch 300 boundary front  loss: 1.031e-03 | sxx=0: 3.420e-04, sxy=0: 7.684e-06, szx=0: 6.813e-04
[2025-07-17 16:11:14] DEBUG - PINN - Epoch 300 boundary back   loss: 4.877e-04 | u=0: 7.541e-05, sxy=0: 1.183e-05, szx=0: 4.004e-04
[2025-07-17 16:11:14] DEBUG - PINN - Epoch 300 boundary right  loss: 1.097e-03 | syy=0: 2.732e-04, sxy=0: 1.375e-05, syz=0: 8.099e-04
[2025-07-17 16:11:14] DEBUG - PINN - Epoch 300 boundary left   loss: 6.020e-04 | v=0: 6.262e-05, sxy=0: 1.225e-05, syz=0: 5.271e-04
[2025-07-17 16:11:14] DEBUG - PINN - Epoch 300 boundary bottom loss: 1.250e-02 | gn=0: 4.574e-03, t1=0: 3.911e-03, t2=0: 4.018e-03
[2025-07-17 16:11:14] DEBUG - PINN - Epoch 300 TOTALS -> PDE: 2.796e-02, Bcs: 2.510e-02, LOSS: 5.306e-02
[2025-07-17 16:11:19] DEBUG - PINN - Epoch 350 PDE terms: [1: 2.553e-04, 2: 1.987e-04, 3: 1.224e-03, 4: 3.213e-04, 5: 2.844e-04, 6: 7.192e-03, 7: 1.213e-04, 8: 8.766e-03, 9: 8.158e-03]
[2025-07-17 16:11:19] DEBUG - PINN - Epoch 350 boundary top    loss: 1.410e-02 | szz=pressure: 1.322e-02, syz=0: 4.371e-04, szx=0: 4.382e-04
[2025-07-17 16:11:19] DEBUG - PINN - Epoch 350 boundary front  loss: 9.454e-04 | sxx=0: 2.294e-04, sxy=0: 1.033e-05, szx=0: 7.056e-04
[2025-07-17 16:11:19] DEBUG - PINN - Epoch 350 boundary back   loss: 5.024e-04 | u=0: 4.617e-05, sxy=0: 1.458e-05, szx=0: 4.417e-04
[2025-07-17 16:11:19] DEBUG - PINN - Epoch 350 boundary right  loss: 1.062e-03 | syy=0: 1.535e-04, sxy=0: 2.096e-05, syz=0: 8.880e-04
[2025-07-17 16:11:19] DEBUG - PINN - Epoch 350 boundary left   loss: 5.692e-04 | v=0: 3.880e-05, sxy=0: 1.046e-05, syz=0: 5.200e-04
[2025-07-17 16:11:19] DEBUG - PINN - Epoch 350 boundary bottom loss: 1.074e-02 | gn=0: 4.392e-03, t1=0: 3.071e-03, t2=0: 3.279e-03
[2025-07-17 16:11:19] DEBUG - PINN - Epoch 350 TOTALS -> PDE: 2.652e-02, Bcs: 2.792e-02, LOSS: 5.444e-02
[2025-07-17 16:11:23] DEBUG - PINN - Epoch 400 PDE terms: [1: 2.055e-04, 2: 1.444e-04, 3: 3.143e-03, 4: 2.480e-04, 5: 1.960e-04, 6: 1.174e-02, 7: 1.360e-04, 8: 9.052e-03, 9: 8.217e-03]
[2025-07-17 16:11:23] DEBUG - PINN - Epoch 400 boundary top    loss: 2.268e-03 | szz=pressure: 1.412e-03, syz=0: 4.416e-04, szx=0: 4.148e-04
[2025-07-17 16:11:23] DEBUG - PINN - Epoch 400 boundary front  loss: 8.817e-04 | sxx=0: 1.943e-04, sxy=0: 9.452e-06, szx=0: 6.779e-04
[2025-07-17 16:11:23] DEBUG - PINN - Epoch 400 boundary back   loss: 4.854e-04 | u=0: 4.557e-05, sxy=0: 1.430e-05, szx=0: 4.255e-04
[2025-07-17 16:11:23] DEBUG - PINN - Epoch 400 boundary right  loss: 1.034e-03 | syy=0: 1.284e-04, sxy=0: 2.135e-05, syz=0: 8.847e-04
[2025-07-17 16:11:23] DEBUG - PINN - Epoch 400 boundary left   loss: 5.300e-04 | v=0: 3.599e-05, sxy=0: 8.622e-06, syz=0: 4.854e-04
[2025-07-17 16:11:23] DEBUG - PINN - Epoch 400 boundary bottom loss: 8.394e-03 | gn=0: 2.814e-03, t1=0: 2.743e-03, t2=0: 2.837e-03
[2025-07-17 16:11:23] DEBUG - PINN - Epoch 400 TOTALS -> PDE: 3.308e-02, Bcs: 1.359e-02, LOSS: 4.668e-02
[2025-07-17 16:11:28] DEBUG - PINN - Epoch 450 PDE terms: [1: 1.642e-04, 2: 1.538e-04, 3: 2.948e-03, 4: 2.412e-04, 5: 1.949e-04, 6: 1.291e-02, 7: 1.420e-04, 8: 8.910e-03, 9: 8.522e-03]
[2025-07-17 16:11:28] DEBUG - PINN - Epoch 450 boundary top    loss: 1.689e-03 | szz=pressure: 8.387e-04, syz=0: 4.495e-04, szx=0: 4.011e-04
[2025-07-17 16:11:28] DEBUG - PINN - Epoch 450 boundary front  loss: 9.631e-04 | sxx=0: 1.861e-04, sxy=0: 9.761e-06, szx=0: 7.673e-04
[2025-07-17 16:11:28] DEBUG - PINN - Epoch 450 boundary back   loss: 4.785e-04 | u=0: 3.348e-05, sxy=0: 1.571e-05, szx=0: 4.293e-04
[2025-07-17 16:11:28] DEBUG - PINN - Epoch 450 boundary right  loss: 1.074e-03 | syy=0: 1.258e-04, sxy=0: 2.163e-05, syz=0: 9.261e-04
[2025-07-17 16:11:28] DEBUG - PINN - Epoch 450 boundary left   loss: 5.195e-04 | v=0: 3.097e-05, sxy=0: 7.122e-06, syz=0: 4.814e-04
[2025-07-17 16:11:28] DEBUG - PINN - Epoch 450 boundary bottom loss: 7.391e-03 | gn=0: 2.355e-03, t1=0: 2.516e-03, t2=0: 2.519e-03
[2025-07-17 16:11:28] DEBUG - PINN - Epoch 450 TOTALS -> PDE: 3.419e-02, Bcs: 1.211e-02, LOSS: 4.631e-02
[2025-07-17 16:11:33] DEBUG - PINN - Epoch 500 PDE terms: [1: 1.462e-04, 2: 1.852e-04, 3: 5.165e-03, 4: 2.530e-04, 5: 4.095e-04, 6: 1.443e-02, 7: 1.792e-04, 8: 9.758e-03, 9: 8.938e-03]
[2025-07-17 16:11:33] DEBUG - PINN - Epoch 500 boundary top    loss: 1.144e-03 | szz=pressure: 3.379e-04, syz=0: 4.305e-04, szx=0: 3.754e-04
[2025-07-17 16:11:33] DEBUG - PINN - Epoch 500 boundary front  loss: 9.933e-04 | sxx=0: 3.543e-04, sxy=0: 8.177e-06, szx=0: 6.308e-04
[2025-07-17 16:11:33] DEBUG - PINN - Epoch 500 boundary back   loss: 4.588e-04 | u=0: 6.830e-05, sxy=0: 1.462e-05, szx=0: 3.759e-04
[2025-07-17 16:11:33] DEBUG - PINN - Epoch 500 boundary right  loss: 1.004e-03 | syy=0: 2.677e-04, sxy=0: 2.029e-05, syz=0: 7.160e-04
[2025-07-17 16:11:33] DEBUG - PINN - Epoch 500 boundary left   loss: 5.373e-04 | v=0: 6.696e-05, sxy=0: 1.244e-05, syz=0: 4.579e-04
[2025-07-17 16:11:33] DEBUG - PINN - Epoch 500 boundary bottom loss: 7.261e-03 | gn=0: 1.946e-03, t1=0: 2.673e-03, t2=0: 2.641e-03
[2025-07-17 16:11:33] DEBUG - PINN - Epoch 500 TOTALS -> PDE: 3.946e-02, Bcs: 1.140e-02, LOSS: 5.086e-02
[2025-07-17 16:11:38] DEBUG - PINN - Epoch 550 PDE terms: [1: 8.539e-05, 2: 1.199e-04, 3: 3.147e-03, 4: 2.218e-04, 5: 1.971e-04, 6: 1.047e-02, 7: 1.678e-04, 8: 9.277e-03, 9: 9.060e-03]
[2025-07-17 16:11:38] DEBUG - PINN - Epoch 550 boundary top    loss: 1.934e-03 | szz=pressure: 1.047e-03, syz=0: 4.677e-04, szx=0: 4.195e-04
[2025-07-17 16:11:38] DEBUG - PINN - Epoch 550 boundary front  loss: 9.363e-04 | sxx=0: 1.497e-04, sxy=0: 1.002e-05, szx=0: 7.767e-04
[2025-07-17 16:11:38] DEBUG - PINN - Epoch 550 boundary back   loss: 5.567e-04 | u=0: 2.727e-05, sxy=0: 1.598e-05, szx=0: 5.134e-04
[2025-07-17 16:11:38] DEBUG - PINN - Epoch 550 boundary right  loss: 9.791e-04 | syy=0: 1.035e-04, sxy=0: 2.381e-05, syz=0: 8.518e-04
[2025-07-17 16:11:38] DEBUG - PINN - Epoch 550 boundary left   loss: 5.687e-04 | v=0: 3.757e-05, sxy=0: 6.078e-06, syz=0: 5.250e-04
[2025-07-17 16:11:38] DEBUG - PINN - Epoch 550 boundary bottom loss: 7.785e-03 | gn=0: 2.923e-03, t1=0: 2.499e-03, t2=0: 2.363e-03
[2025-07-17 16:11:38] DEBUG - PINN - Epoch 550 TOTALS -> PDE: 3.275e-02, Bcs: 1.276e-02, LOSS: 4.551e-02
[2025-07-17 16:11:43] DEBUG - PINN - Epoch 600 PDE terms: [1: 3.883e-04, 2: 1.108e-04, 3: 2.679e-03, 4: 2.263e-04, 5: 2.065e-04, 6: 1.178e-02, 7: 1.583e-04, 8: 9.427e-03, 9: 9.812e-03]
[2025-07-17 16:11:43] DEBUG - PINN - Epoch 600 boundary top    loss: 1.519e-03 | szz=pressure: 6.712e-04, syz=0: 4.433e-04, szx=0: 4.045e-04
[2025-07-17 16:11:43] DEBUG - PINN - Epoch 600 boundary front  loss: 8.045e-04 | sxx=0: 1.475e-04, sxy=0: 8.403e-06, szx=0: 6.486e-04
[2025-07-17 16:11:43] DEBUG - PINN - Epoch 600 boundary back   loss: 6.851e-04 | u=0: 7.506e-05, sxy=0: 1.724e-05, szx=0: 5.928e-04
[2025-07-17 16:11:43] DEBUG - PINN - Epoch 600 boundary right  loss: 9.422e-04 | syy=0: 1.080e-04, sxy=0: 2.391e-05, syz=0: 8.103e-04
[2025-07-17 16:11:43] DEBUG - PINN - Epoch 600 boundary left   loss: 5.440e-04 | v=0: 3.127e-05, sxy=0: 5.432e-06, syz=0: 5.073e-04
[2025-07-17 16:11:43] DEBUG - PINN - Epoch 600 boundary bottom loss: 7.589e-03 | gn=0: 2.565e-03, t1=0: 2.282e-03, t2=0: 2.743e-03
[2025-07-17 16:11:43] DEBUG - PINN - Epoch 600 TOTALS -> PDE: 3.479e-02, Bcs: 1.208e-02, LOSS: 4.688e-02
[2025-07-17 16:11:47] DEBUG - PINN - Epoch 650 PDE terms: [1: 8.749e-05, 2: 1.093e-04, 3: 2.664e-03, 4: 2.005e-04, 5: 1.742e-04, 6: 1.062e-02, 7: 1.231e-04, 8: 9.099e-03, 9: 8.696e-03]
[2025-07-17 16:11:47] DEBUG - PINN - Epoch 650 boundary top    loss: 2.639e-03 | szz=pressure: 1.844e-03, syz=0: 4.290e-04, szx=0: 3.664e-04
[2025-07-17 16:11:47] DEBUG - PINN - Epoch 650 boundary front  loss: 7.965e-04 | sxx=0: 1.269e-04, sxy=0: 7.460e-06, szx=0: 6.622e-04
[2025-07-17 16:11:47] DEBUG - PINN - Epoch 650 boundary back   loss: 6.478e-04 | u=0: 3.577e-05, sxy=0: 1.491e-05, szx=0: 5.971e-04
[2025-07-17 16:11:47] DEBUG - PINN - Epoch 650 boundary right  loss: 9.345e-04 | syy=0: 8.730e-05, sxy=0: 2.250e-05, syz=0: 8.247e-04
[2025-07-17 16:11:47] DEBUG - PINN - Epoch 650 boundary left   loss: 5.500e-04 | v=0: 3.034e-05, sxy=0: 5.477e-06, syz=0: 5.141e-04
[2025-07-17 16:11:47] DEBUG - PINN - Epoch 650 boundary bottom loss: 7.062e-03 | gn=0: 3.097e-03, t1=0: 2.020e-03, t2=0: 1.945e-03
[2025-07-17 16:11:47] DEBUG - PINN - Epoch 650 TOTALS -> PDE: 3.177e-02, Bcs: 1.263e-02, LOSS: 4.440e-02
[2025-07-17 16:11:52] DEBUG - PINN - Epoch 700 PDE terms: [1: 8.784e-05, 2: 1.480e-04, 3: 1.866e-03, 4: 2.305e-04, 5: 1.835e-04, 6: 7.235e-03, 7: 1.191e-04, 8: 9.820e-03, 9: 9.596e-03]
[2025-07-17 16:11:52] DEBUG - PINN - Epoch 700 boundary top    loss: 6.310e-03 | szz=pressure: 5.602e-03, syz=0: 3.844e-04, szx=0: 3.236e-04
[2025-07-17 16:11:52] DEBUG - PINN - Epoch 700 boundary front  loss: 7.659e-04 | sxx=0: 1.020e-04, sxy=0: 7.396e-06, szx=0: 6.566e-04
[2025-07-17 16:11:52] DEBUG - PINN - Epoch 700 boundary back   loss: 5.890e-04 | u=0: 2.581e-05, sxy=0: 1.268e-05, szx=0: 5.505e-04
[2025-07-17 16:11:52] DEBUG - PINN - Epoch 700 boundary right  loss: 7.998e-04 | syy=0: 6.209e-05, sxy=0: 2.073e-05, syz=0: 7.170e-04
[2025-07-17 16:11:52] DEBUG - PINN - Epoch 700 boundary left   loss: 5.961e-04 | v=0: 4.453e-05, sxy=0: 6.757e-06, syz=0: 5.448e-04
[2025-07-17 16:11:52] DEBUG - PINN - Epoch 700 boundary bottom loss: 7.454e-03 | gn=0: 3.038e-03, t1=0: 2.246e-03, t2=0: 2.170e-03
[2025-07-17 16:11:52] DEBUG - PINN - Epoch 700 TOTALS -> PDE: 2.929e-02, Bcs: 1.652e-02, LOSS: 4.580e-02
[2025-07-17 16:11:57] DEBUG - PINN - Epoch 750 PDE terms: [1: 9.445e-05, 2: 1.191e-04, 3: 2.837e-03, 4: 1.898e-04, 5: 1.779e-04, 6: 1.059e-02, 7: 1.010e-04, 8: 9.598e-03, 9: 9.032e-03]
[2025-07-17 16:11:57] DEBUG - PINN - Epoch 750 boundary top    loss: 1.542e-03 | szz=pressure: 7.727e-04, syz=0: 4.159e-04, szx=0: 3.533e-04
[2025-07-17 16:11:57] DEBUG - PINN - Epoch 750 boundary front  loss: 9.026e-04 | sxx=0: 1.506e-04, sxy=0: 7.885e-06, szx=0: 7.441e-04
[2025-07-17 16:11:57] DEBUG - PINN - Epoch 750 boundary back   loss: 6.063e-04 | u=0: 2.385e-05, sxy=0: 1.378e-05, szx=0: 5.686e-04
[2025-07-17 16:11:57] DEBUG - PINN - Epoch 750 boundary right  loss: 8.778e-04 | syy=0: 1.060e-04, sxy=0: 2.281e-05, syz=0: 7.490e-04
[2025-07-17 16:11:57] DEBUG - PINN - Epoch 750 boundary left   loss: 6.166e-04 | v=0: 3.483e-05, sxy=0: 5.132e-06, syz=0: 5.767e-04
[2025-07-17 16:11:57] DEBUG - PINN - Epoch 750 boundary bottom loss: 7.280e-03 | gn=0: 3.209e-03, t1=0: 2.101e-03, t2=0: 1.970e-03
[2025-07-17 16:11:57] DEBUG - PINN - Epoch 750 TOTALS -> PDE: 3.274e-02, Bcs: 1.182e-02, LOSS: 4.456e-02
[2025-07-17 16:12:02] DEBUG - PINN - Epoch 800 PDE terms: [1: 2.657e-04, 2: 1.618e-04, 3: 3.622e-03, 4: 2.049e-04, 5: 2.690e-04, 6: 1.355e-02, 7: 9.386e-05, 8: 9.284e-03, 9: 1.009e-02]
[2025-07-17 16:12:02] DEBUG - PINN - Epoch 800 boundary top    loss: 1.022e-03 | szz=pressure: 2.539e-04, syz=0: 3.953e-04, szx=0: 3.731e-04
[2025-07-17 16:12:02] DEBUG - PINN - Epoch 800 boundary front  loss: 1.082e-03 | sxx=0: 2.783e-04, sxy=0: 1.005e-05, szx=0: 7.934e-04
[2025-07-17 16:12:02] DEBUG - PINN - Epoch 800 boundary back   loss: 5.453e-04 | u=0: 2.073e-05, sxy=0: 1.686e-05, szx=0: 5.077e-04
[2025-07-17 16:12:02] DEBUG - PINN - Epoch 800 boundary right  loss: 1.011e-03 | syy=0: 2.246e-04, sxy=0: 2.131e-05, syz=0: 7.654e-04
[2025-07-17 16:12:02] DEBUG - PINN - Epoch 800 boundary left   loss: 5.256e-04 | v=0: 3.154e-05, sxy=0: 4.343e-06, syz=0: 4.897e-04
[2025-07-17 16:12:02] DEBUG - PINN - Epoch 800 boundary bottom loss: 5.607e-03 | gn=0: 1.652e-03, t1=0: 1.866e-03, t2=0: 2.089e-03
[2025-07-17 16:12:02] DEBUG - PINN - Epoch 800 TOTALS -> PDE: 3.754e-02, Bcs: 9.793e-03, LOSS: 4.734e-02
[2025-07-17 16:12:07] DEBUG - PINN - Epoch 850 PDE terms: [1: 1.310e-04, 2: 2.312e-04, 3: 2.645e-03, 4: 1.950e-04, 5: 2.090e-04, 6: 1.244e-02, 7: 8.785e-05, 8: 9.610e-03, 9: 9.510e-03]
[2025-07-17 16:12:07] DEBUG - PINN - Epoch 850 boundary top    loss: 9.166e-04 | szz=pressure: 2.652e-04, syz=0: 3.482e-04, szx=0: 3.032e-04
[2025-07-17 16:12:07] DEBUG - PINN - Epoch 850 boundary front  loss: 8.737e-04 | sxx=0: 1.280e-04, sxy=0: 7.920e-06, szx=0: 7.378e-04
[2025-07-17 16:12:07] DEBUG - PINN - Epoch 850 boundary back   loss: 5.531e-04 | u=0: 1.866e-05, sxy=0: 1.258e-05, szx=0: 5.219e-04
[2025-07-17 16:12:07] DEBUG - PINN - Epoch 850 boundary right  loss: 7.904e-04 | syy=0: 9.131e-05, sxy=0: 1.883e-05, syz=0: 6.802e-04
[2025-07-17 16:12:07] DEBUG - PINN - Epoch 850 boundary left   loss: 6.003e-04 | v=0: 4.809e-05, sxy=0: 4.898e-06, syz=0: 5.473e-04
[2025-07-17 16:12:07] DEBUG - PINN - Epoch 850 boundary bottom loss: 7.289e-03 | gn=0: 3.417e-03, t1=0: 1.927e-03, t2=0: 1.946e-03
[2025-07-17 16:12:07] DEBUG - PINN - Epoch 850 TOTALS -> PDE: 3.506e-02, Bcs: 1.102e-02, LOSS: 4.608e-02
[2025-07-17 16:12:11] DEBUG - PINN - Epoch 900 PDE terms: [1: 1.191e-04, 2: 1.188e-04, 3: 4.799e-03, 4: 1.929e-04, 5: 1.775e-04, 6: 8.305e-03, 7: 8.590e-05, 8: 9.075e-03, 9: 8.783e-03]
[2025-07-17 16:12:11] DEBUG - PINN - Epoch 900 boundary top    loss: 2.720e-03 | szz=pressure: 2.065e-03, syz=0: 3.521e-04, szx=0: 3.025e-04
[2025-07-17 16:12:11] DEBUG - PINN - Epoch 900 boundary front  loss: 7.769e-04 | sxx=0: 7.586e-05, sxy=0: 7.805e-06, szx=0: 6.932e-04
[2025-07-17 16:12:11] DEBUG - PINN - Epoch 900 boundary back   loss: 6.141e-04 | u=0: 1.638e-05, sxy=0: 1.175e-05, szx=0: 5.860e-04
[2025-07-17 16:12:11] DEBUG - PINN - Epoch 900 boundary right  loss: 7.822e-04 | syy=0: 5.232e-05, sxy=0: 2.164e-05, syz=0: 7.083e-04
[2025-07-17 16:12:11] DEBUG - PINN - Epoch 900 boundary left   loss: 6.229e-04 | v=0: 2.906e-05, sxy=0: 6.834e-06, syz=0: 5.870e-04
[2025-07-17 16:12:11] DEBUG - PINN - Epoch 900 boundary bottom loss: 4.918e-03 | gn=0: 1.528e-03, t1=0: 1.707e-03, t2=0: 1.683e-03
[2025-07-17 16:12:11] DEBUG - PINN - Epoch 900 TOTALS -> PDE: 3.166e-02, Bcs: 1.043e-02, LOSS: 4.209e-02
[2025-07-17 16:12:16] DEBUG - PINN - Epoch 950 PDE terms: [1: 1.002e-04, 2: 3.297e-04, 3: 4.163e-03, 4: 2.538e-04, 5: 3.361e-04, 6: 1.468e-02, 7: 7.961e-05, 8: 9.220e-03, 9: 9.178e-03]
[2025-07-17 16:12:16] DEBUG - PINN - Epoch 950 boundary top    loss: 1.207e-03 | szz=pressure: 5.292e-04, syz=0: 3.511e-04, szx=0: 3.265e-04
[2025-07-17 16:12:16] DEBUG - PINN - Epoch 950 boundary front  loss: 8.876e-04 | sxx=0: 1.594e-04, sxy=0: 1.046e-05, szx=0: 7.177e-04
[2025-07-17 16:12:16] DEBUG - PINN - Epoch 950 boundary back   loss: 6.493e-04 | u=0: 2.739e-05, sxy=0: 1.255e-05, szx=0: 6.093e-04
[2025-07-17 16:12:16] DEBUG - PINN - Epoch 950 boundary right  loss: 8.471e-04 | syy=0: 1.185e-04, sxy=0: 1.724e-05, syz=0: 7.114e-04
[2025-07-17 16:12:16] DEBUG - PINN - Epoch 950 boundary left   loss: 6.093e-04 | v=0: 2.277e-05, sxy=0: 6.621e-06, syz=0: 5.799e-04
[2025-07-17 16:12:16] DEBUG - PINN - Epoch 950 boundary bottom loss: 4.864e-03 | gn=0: 1.160e-03, t1=0: 1.903e-03, t2=0: 1.800e-03
[2025-07-17 16:12:16] DEBUG - PINN - Epoch 950 TOTALS -> PDE: 3.834e-02, Bcs: 9.064e-03, LOSS: 4.740e-02
[2025-07-17 16:12:21] DEBUG - PINN - Epoch 1000 PDE terms: [1: 1.775e-04, 2: 1.090e-04, 3: 3.454e-03, 4: 1.996e-04, 5: 2.034e-04, 6: 7.529e-03, 7: 9.945e-05, 8: 8.921e-03, 9: 9.006e-03]
[2025-07-17 16:12:21] DEBUG - PINN - Epoch 1000 boundary top    loss: 5.685e-03 | szz=pressure: 5.073e-03, syz=0: 3.114e-04, szx=0: 3.000e-04
[2025-07-17 16:12:21] DEBUG - PINN - Epoch 1000 boundary front  loss: 7.724e-04 | sxx=0: 6.151e-05, sxy=0: 1.182e-05, szx=0: 6.991e-04
[2025-07-17 16:12:21] DEBUG - PINN - Epoch 1000 boundary back   loss: 5.926e-04 | u=0: 1.426e-05, sxy=0: 1.294e-05, szx=0: 5.654e-04
[2025-07-17 16:12:21] DEBUG - PINN - Epoch 1000 boundary right  loss: 7.805e-04 | syy=0: 4.720e-05, sxy=0: 1.965e-05, syz=0: 7.137e-04
[2025-07-17 16:12:21] DEBUG - PINN - Epoch 1000 boundary left   loss: 5.432e-04 | v=0: 1.609e-05, sxy=0: 4.639e-06, syz=0: 5.225e-04
[2025-07-17 16:12:21] DEBUG - PINN - Epoch 1000 boundary bottom loss: 4.285e-03 | gn=0: 1.249e-03, t1=0: 1.506e-03, t2=0: 1.531e-03
[2025-07-17 16:12:21] DEBUG - PINN - Epoch 1000 TOTALS -> PDE: 2.970e-02, Bcs: 1.266e-02, LOSS: 4.236e-02
[2025-07-17 16:12:21] DEBUG - PINN - Saved weights to log/pinn/weights/Step0_layer2_weight.pth
[2025-07-17 16:12:21] DEBUG - PINN - Switching to L-BFGS optimization...
[2025-07-17 16:33:11] DEBUG - PINN - Saved weights to log/pinn/weights/Step0_layer2_weight.pth
[2025-07-17 16:33:11] DEBUG - PINN - Layer 3 top-corner displacement: [0.24856972694396973, 0.2501501441001892, -0.9992901682853699]
[2025-07-17 16:33:11] INFO - PINN - Contact BC pressure: -1.000 from layer 2
[2025-07-17 16:33:11] DEBUG - PINN - Starting Adam training for layer 1 (1000 epochs, lr=1.0e-03)
[2025-07-17 16:33:11] DEBUG - PINN - Point counts: inside=512, top=256, bottom=256, front=256, back=256, right=256, left=256
[2025-07-17 16:33:11] DEBUG - PINN - Inside points shape: (512, 3)
[2025-07-17 16:33:11] DEBUG - PINN - Top points shape:    (256, 3)
[2025-07-17 16:33:11] DEBUG - PINN - Bottom points shape: (256, 3)
[2025-07-17 16:33:11] DEBUG - PINN - Front points shape:  (256, 3)
[2025-07-17 16:33:11] DEBUG - PINN - Back points shape:   (256, 3)
[2025-07-17 16:33:11] DEBUG - PINN - Right points shape:  (256, 3)
[2025-07-17 16:33:11] DEBUG - PINN - Left points shape:   (256, 3)
[2025-07-17 16:33:22] DEBUG - PINN - Epoch 50 PDE terms: [1: 1.909e-04, 2: 6.595e-05, 3: 2.114e-03, 4: 1.712e-03, 5: 6.487e-04, 6: 4.308e-03, 7: 5.186e-04, 8: 1.076e-03, 9: 2.803e-04]
[2025-07-17 16:33:22] DEBUG - PINN - Epoch  50 boundary top    loss: 2.606e-03 | szz=pressure: 2.330e-03, syz=0: 2.143e-04, szx=0: 6.203e-05
[2025-07-17 16:33:22] DEBUG - PINN - Epoch  50 boundary front  loss: 1.302e-03 | sxx=0: 8.092e-04, sxy=0: 4.282e-04, szx=0: 6.425e-05
[2025-07-17 16:33:22] DEBUG - PINN - Epoch  50 boundary back   loss: 1.377e-03 | u=0: 1.307e-03, sxy=0: 4.455e-05, szx=0: 2.527e-05
[2025-07-17 16:33:22] DEBUG - PINN - Epoch  50 boundary right  loss: 5.002e-03 | syy=0: 4.344e-03, sxy=0: 4.954e-04, syz=0: 1.625e-04
[2025-07-17 16:33:22] DEBUG - PINN - Epoch  50 boundary left   loss: 4.024e-03 | v=0: 3.857e-03, sxy=0: 4.423e-05, syz=0: 1.225e-04
[2025-07-17 16:33:22] DEBUG - PINN - Epoch  50 boundary bottom loss: 4.037e-03 | gn=0: 2.246e-03, t1=0: 1.569e-03, t2=0: 2.221e-04
[2025-07-17 16:33:22] DEBUG - PINN - Epoch 50 TOTALS -> PDE: 1.091e-02, Bcs: 1.835e-02, LOSS: 2.926e-02
[2025-07-17 16:33:33] DEBUG - PINN - Epoch 100 PDE terms: [1: 8.183e-05, 2: 4.504e-05, 3: 7.980e-04, 4: 1.480e-04, 5: 5.804e-05, 6: 8.209e-04, 7: 1.211e-04, 8: 1.246e-04, 9: 5.281e-04]
[2025-07-17 16:33:33] DEBUG - PINN - Epoch 100 boundary top    loss: 4.601e-04 | szz=pressure: 2.833e-04, syz=0: 1.124e-04, szx=0: 6.438e-05
[2025-07-17 16:33:33] DEBUG - PINN - Epoch 100 boundary front  loss: 5.415e-04 | sxx=0: 3.114e-04, sxy=0: 1.320e-04, szx=0: 9.807e-05
[2025-07-17 16:33:33] DEBUG - PINN - Epoch 100 boundary back   loss: 1.582e-04 | u=0: 7.424e-05, sxy=0: 5.985e-05, szx=0: 2.406e-05
[2025-07-17 16:33:33] DEBUG - PINN - Epoch 100 boundary right  loss: 5.765e-04 | syy=0: 2.265e-04, sxy=0: 1.642e-04, syz=0: 1.857e-04
[2025-07-17 16:33:33] DEBUG - PINN - Epoch 100 boundary left   loss: 1.410e-04 | v=0: 6.326e-05, sxy=0: 9.078e-06, syz=0: 6.862e-05
[2025-07-17 16:33:33] DEBUG - PINN - Epoch 100 boundary bottom loss: 7.343e-04 | gn=0: 4.928e-05, t1=0: 2.449e-04, t2=0: 4.401e-04
[2025-07-17 16:33:33] DEBUG - PINN - Epoch 100 TOTALS -> PDE: 2.726e-03, Bcs: 2.612e-03, LOSS: 5.337e-03
[2025-07-17 16:33:44] DEBUG - PINN - Epoch 150 PDE terms: [1: 6.992e-05, 2: 4.800e-05, 3: 5.138e-04, 4: 5.407e-05, 5: 4.968e-05, 6: 3.461e-04, 7: 5.060e-05, 8: 7.642e-05, 9: 1.513e-04]
[2025-07-17 16:33:44] DEBUG - PINN - Epoch 150 boundary top    loss: 2.239e-04 | szz=pressure: 1.499e-04, syz=0: 3.524e-05, szx=0: 3.876e-05
[2025-07-17 16:33:44] DEBUG - PINN - Epoch 150 boundary front  loss: 2.654e-04 | sxx=0: 1.386e-04, sxy=0: 6.226e-05, szx=0: 6.450e-05
[2025-07-17 16:33:44] DEBUG - PINN - Epoch 150 boundary back   loss: 9.159e-05 | u=0: 2.869e-05, sxy=0: 4.500e-05, szx=0: 1.790e-05
[2025-07-17 16:33:44] DEBUG - PINN - Epoch 150 boundary right  loss: 1.989e-04 | syy=0: 6.917e-05, sxy=0: 9.328e-05, syz=0: 3.644e-05
[2025-07-17 16:33:44] DEBUG - PINN - Epoch 150 boundary left   loss: 4.880e-05 | v=0: 2.508e-05, sxy=0: 1.275e-05, syz=0: 1.097e-05
[2025-07-17 16:33:44] DEBUG - PINN - Epoch 150 boundary bottom loss: 2.547e-04 | gn=0: 4.675e-05, t1=0: 8.282e-05, t2=0: 1.251e-04
[2025-07-17 16:33:44] DEBUG - PINN - Epoch 150 TOTALS -> PDE: 1.360e-03, Bcs: 1.083e-03, LOSS: 2.443e-03
[2025-07-17 16:33:55] DEBUG - PINN - Epoch 200 PDE terms: [1: 4.375e-05, 2: 4.764e-05, 3: 2.847e-04, 4: 1.591e-04, 5: 1.659e-04, 6: 1.265e-03, 7: 4.614e-05, 8: 5.184e-05, 9: 5.075e-05]
[2025-07-17 16:33:55] DEBUG - PINN - Epoch 200 boundary top    loss: 4.254e-04 | szz=pressure: 3.764e-04, syz=0: 2.314e-05, szx=0: 2.587e-05
[2025-07-17 16:33:55] DEBUG - PINN - Epoch 200 boundary front  loss: 4.313e-04 | sxx=0: 2.904e-04, sxy=0: 5.343e-05, szx=0: 8.744e-05
[2025-07-17 16:33:55] DEBUG - PINN - Epoch 200 boundary back   loss: 1.259e-04 | u=0: 5.403e-05, sxy=0: 3.831e-05, szx=0: 3.358e-05
[2025-07-17 16:33:55] DEBUG - PINN - Epoch 200 boundary right  loss: 3.622e-04 | syy=0: 2.410e-04, sxy=0: 7.766e-05, syz=0: 4.352e-05
[2025-07-17 16:33:55] DEBUG - PINN - Epoch 200 boundary left   loss: 1.230e-04 | v=0: 8.643e-05, sxy=0: 1.171e-05, syz=0: 2.483e-05
[2025-07-17 16:33:55] DEBUG - PINN - Epoch 200 boundary bottom loss: 9.641e-04 | gn=0: 8.859e-04, t1=0: 3.823e-05, t2=0: 3.998e-05
[2025-07-17 16:33:55] DEBUG - PINN - Epoch 200 TOTALS -> PDE: 2.115e-03, Bcs: 2.432e-03, LOSS: 4.547e-03
[2025-07-17 16:34:05] DEBUG - PINN - Epoch 250 PDE terms: [1: 2.274e-05, 2: 4.342e-05, 3: 1.461e-04, 4: 5.135e-05, 5: 4.167e-05, 6: 2.807e-04, 7: 2.531e-05, 8: 2.524e-05, 9: 3.356e-05]
[2025-07-17 16:34:05] DEBUG - PINN - Epoch 250 boundary top    loss: 2.174e-04 | szz=pressure: 1.610e-04, syz=0: 3.044e-05, szx=0: 2.599e-05
[2025-07-17 16:34:05] DEBUG - PINN - Epoch 250 boundary front  loss: 1.363e-04 | sxx=0: 7.153e-05, sxy=0: 3.928e-05, szx=0: 2.554e-05
[2025-07-17 16:34:05] DEBUG - PINN - Epoch 250 boundary back   loss: 7.016e-05 | u=0: 2.297e-05, sxy=0: 3.302e-05, szx=0: 1.417e-05
[2025-07-17 16:34:06] DEBUG - PINN - Epoch 250 boundary right  loss: 1.061e-04 | syy=0: 2.874e-05, sxy=0: 6.177e-05, syz=0: 1.556e-05
[2025-07-17 16:34:06] DEBUG - PINN - Epoch 250 boundary left   loss: 5.403e-05 | v=0: 2.342e-05, sxy=0: 1.384e-05, syz=0: 1.677e-05
[2025-07-17 16:34:06] DEBUG - PINN - Epoch 250 boundary bottom loss: 8.659e-05 | gn=0: 4.655e-05, t1=0: 1.930e-05, t2=0: 2.074e-05
[2025-07-17 16:34:06] DEBUG - PINN - Epoch 250 TOTALS -> PDE: 6.701e-04, Bcs: 6.706e-04, LOSS: 1.341e-03
[2025-07-17 16:34:16] DEBUG - PINN - Epoch 300 PDE terms: [1: 1.533e-05, 2: 2.974e-05, 3: 7.686e-05, 4: 5.247e-05, 5: 4.956e-05, 6: 2.179e-04, 7: 2.145e-05, 8: 1.942e-05, 9: 2.260e-05]
[2025-07-17 16:34:16] DEBUG - PINN - Epoch 300 boundary top    loss: 2.135e-04 | szz=pressure: 1.621e-04, syz=0: 2.693e-05, szx=0: 2.440e-05
[2025-07-17 16:34:16] DEBUG - PINN - Epoch 300 boundary front  loss: 9.658e-05 | sxx=0: 4.674e-05, sxy=0: 3.208e-05, szx=0: 1.776e-05
[2025-07-17 16:34:16] DEBUG - PINN - Epoch 300 boundary back   loss: 5.659e-05 | u=0: 1.643e-05, sxy=0: 2.702e-05, szx=0: 1.314e-05
[2025-07-17 16:34:16] DEBUG - PINN - Epoch 300 boundary right  loss: 8.086e-05 | syy=0: 1.713e-05, sxy=0: 4.956e-05, syz=0: 1.416e-05
[2025-07-17 16:34:16] DEBUG - PINN - Epoch 300 boundary left   loss: 4.805e-05 | v=0: 1.841e-05, sxy=0: 1.381e-05, syz=0: 1.582e-05
[2025-07-17 16:34:16] DEBUG - PINN - Epoch 300 boundary bottom loss: 7.207e-05 | gn=0: 5.180e-05, t1=0: 1.083e-05, t2=0: 9.441e-06
[2025-07-17 16:34:16] DEBUG - PINN - Epoch 300 TOTALS -> PDE: 5.053e-04, Bcs: 5.676e-04, LOSS: 1.073e-03
[2025-07-17 16:34:27] DEBUG - PINN - Epoch 350 PDE terms: [1: 1.165e-05, 2: 2.178e-05, 3: 4.223e-05, 4: 4.212e-05, 5: 3.372e-05, 6: 1.621e-04, 7: 1.644e-05, 8: 1.564e-05, 9: 1.279e-05]
[2025-07-17 16:34:27] DEBUG - PINN - Epoch 350 boundary top    loss: 1.120e-04 | szz=pressure: 7.775e-05, syz=0: 1.500e-05, szx=0: 1.928e-05
[2025-07-17 16:34:27] DEBUG - PINN - Epoch 350 boundary front  loss: 7.592e-05 | sxx=0: 3.593e-05, sxy=0: 2.445e-05, szx=0: 1.555e-05
[2025-07-17 16:34:27] DEBUG - PINN - Epoch 350 boundary back   loss: 4.488e-05 | u=0: 1.347e-05, sxy=0: 2.158e-05, szx=0: 9.828e-06
[2025-07-17 16:34:27] DEBUG - PINN - Epoch 350 boundary right  loss: 6.635e-05 | syy=0: 1.870e-05, sxy=0: 3.710e-05, syz=0: 1.056e-05
[2025-07-17 16:34:27] DEBUG - PINN - Epoch 350 boundary left   loss: 3.698e-05 | v=0: 1.370e-05, sxy=0: 1.218e-05, syz=0: 1.110e-05
[2025-07-17 16:34:27] DEBUG - PINN - Epoch 350 boundary bottom loss: 4.263e-05 | gn=0: 2.770e-05, t1=0: 8.236e-06, t2=0: 6.700e-06
[2025-07-17 16:34:27] DEBUG - PINN - Epoch 350 TOTALS -> PDE: 3.584e-04, Bcs: 3.788e-04, LOSS: 7.372e-04
[2025-07-17 16:34:37] DEBUG - PINN - Epoch 400 PDE terms: [1: 1.159e-05, 2: 1.752e-05, 3: 3.727e-05, 4: 1.946e-04, 5: 1.633e-04, 6: 1.358e-03, 7: 1.813e-05, 8: 2.826e-05, 9: 1.306e-05]
[2025-07-17 16:34:37] DEBUG - PINN - Epoch 400 boundary top    loss: 7.440e-04 | szz=pressure: 7.233e-04, syz=0: 7.833e-06, szx=0: 1.282e-05
[2025-07-17 16:34:37] DEBUG - PINN - Epoch 400 boundary front  loss: 1.831e-04 | sxx=0: 1.262e-04, sxy=0: 2.247e-05, szx=0: 3.445e-05
[2025-07-17 16:34:38] DEBUG - PINN - Epoch 400 boundary back   loss: 6.047e-05 | u=0: 2.775e-05, sxy=0: 1.899e-05, szx=0: 1.373e-05
[2025-07-17 16:34:38] DEBUG - PINN - Epoch 400 boundary right  loss: 1.629e-04 | syy=0: 1.167e-04, sxy=0: 3.259e-05, syz=0: 1.362e-05
[2025-07-17 16:34:38] DEBUG - PINN - Epoch 400 boundary left   loss: 5.288e-05 | v=0: 3.203e-05, sxy=0: 1.041e-05, syz=0: 1.045e-05
[2025-07-17 16:34:38] DEBUG - PINN - Epoch 400 boundary bottom loss: 4.209e-04 | gn=0: 4.037e-04, t1=0: 1.122e-05, t2=0: 5.932e-06
[2025-07-17 16:34:38] DEBUG - PINN - Epoch 400 TOTALS -> PDE: 1.842e-03, Bcs: 1.624e-03, LOSS: 3.466e-03
[2025-07-17 16:34:49] DEBUG - PINN - Epoch 450 PDE terms: [1: 9.489e-06, 2: 1.002e-05, 3: 2.005e-05, 4: 3.435e-05, 5: 2.970e-05, 6: 1.025e-04, 7: 1.086e-05, 8: 1.301e-05, 9: 7.214e-06]
[2025-07-17 16:34:49] DEBUG - PINN - Epoch 450 boundary top    loss: 7.587e-05 | szz=pressure: 5.307e-05, syz=0: 9.010e-06, szx=0: 1.379e-05
[2025-07-17 16:34:49] DEBUG - PINN - Epoch 450 boundary front  loss: 4.055e-05 | sxx=0: 1.691e-05, sxy=0: 1.527e-05, szx=0: 8.374e-06
[2025-07-17 16:34:49] DEBUG - PINN - Epoch 450 boundary back   loss: 3.197e-05 | u=0: 8.963e-06, sxy=0: 1.405e-05, szx=0: 8.955e-06
[2025-07-17 16:34:49] DEBUG - PINN - Epoch 450 boundary right  loss: 3.820e-05 | syy=0: 1.048e-05, sxy=0: 2.157e-05, syz=0: 6.156e-06
[2025-07-17 16:34:49] DEBUG - PINN - Epoch 450 boundary left   loss: 3.033e-05 | v=0: 9.993e-06, sxy=0: 1.114e-05, syz=0: 9.192e-06
[2025-07-17 16:34:49] DEBUG - PINN - Epoch 450 boundary bottom loss: 2.024e-05 | gn=0: 1.240e-05, t1=0: 4.625e-06, t2=0: 3.222e-06
[2025-07-17 16:34:49] DEBUG - PINN - Epoch 450 TOTALS -> PDE: 2.372e-04, Bcs: 2.372e-04, LOSS: 4.744e-04
[2025-07-17 16:34:59] DEBUG - PINN - Epoch 500 PDE terms: [1: 1.432e-05, 2: 9.543e-06, 3: 1.399e-05, 4: 2.830e-04, 5: 2.770e-04, 6: 2.374e-03, 7: 1.996e-05, 8: 3.373e-05, 9: 1.791e-05]
[2025-07-17 16:34:59] DEBUG - PINN - Epoch 500 boundary top    loss: 1.470e-03 | szz=pressure: 1.457e-03, syz=0: 6.448e-06, szx=0: 6.461e-06
[2025-07-17 16:34:59] DEBUG - PINN - Epoch 500 boundary front  loss: 3.390e-04 | sxx=0: 2.984e-04, sxy=0: 1.476e-05, szx=0: 2.585e-05
[2025-07-17 16:34:59] DEBUG - PINN - Epoch 500 boundary back   loss: 5.017e-05 | u=0: 2.626e-05, sxy=0: 1.098e-05, szx=0: 1.292e-05
[2025-07-17 16:34:59] DEBUG - PINN - Epoch 500 boundary right  loss: 3.073e-04 | syy=0: 2.800e-04, sxy=0: 1.815e-05, syz=0: 9.129e-06
[2025-07-17 16:34:59] DEBUG - PINN - Epoch 500 boundary left   loss: 5.832e-05 | v=0: 4.458e-05, sxy=0: 7.631e-06, syz=0: 6.103e-06
[2025-07-17 16:34:59] DEBUG - PINN - Epoch 500 boundary bottom loss: 5.261e-04 | gn=0: 5.151e-04, t1=0: 6.253e-06, t2=0: 4.783e-06
[2025-07-17 16:34:59] DEBUG - PINN - Epoch 500 TOTALS -> PDE: 3.044e-03, Bcs: 2.751e-03, LOSS: 5.794e-03
[2025-07-17 16:35:10] DEBUG - PINN - Epoch 550 PDE terms: [1: 7.851e-06, 2: 5.688e-06, 3: 1.123e-05, 4: 3.483e-05, 5: 3.136e-05, 6: 9.312e-05, 7: 9.800e-06, 8: 1.089e-05, 9: 5.136e-06]
[2025-07-17 16:35:10] DEBUG - PINN - Epoch 550 boundary top    loss: 7.298e-05 | szz=pressure: 5.731e-05, syz=0: 4.740e-06, szx=0: 1.094e-05
[2025-07-17 16:35:10] DEBUG - PINN - Epoch 550 boundary front  loss: 2.570e-05 | sxx=0: 1.101e-05, sxy=0: 1.099e-05, szx=0: 3.693e-06
[2025-07-17 16:35:10] DEBUG - PINN - Epoch 550 boundary back   loss: 2.377e-05 | u=0: 7.486e-06, sxy=0: 1.038e-05, szx=0: 5.900e-06
[2025-07-17 16:35:10] DEBUG - PINN - Epoch 550 boundary right  loss: 2.869e-05 | syy=0: 9.407e-06, sxy=0: 1.440e-05, syz=0: 4.879e-06
[2025-07-17 16:35:10] DEBUG - PINN - Epoch 550 boundary left   loss: 2.341e-05 | v=0: 7.880e-06, sxy=0: 9.737e-06, syz=0: 5.791e-06
[2025-07-17 16:35:10] DEBUG - PINN - Epoch 550 boundary bottom loss: 2.079e-05 | gn=0: 1.322e-05, t1=0: 5.174e-06, t2=0: 2.395e-06
[2025-07-17 16:35:10] DEBUG - PINN - Epoch 550 TOTALS -> PDE: 2.099e-04, Bcs: 1.953e-04, LOSS: 4.052e-04
[2025-07-17 16:35:21] DEBUG - PINN - Epoch 600 PDE terms: [1: 1.106e-05, 2: 5.477e-06, 3: 9.331e-06, 4: 2.700e-04, 5: 1.470e-04, 6: 1.559e-03, 7: 9.191e-06, 8: 2.867e-05, 9: 7.428e-06]
[2025-07-17 16:35:21] DEBUG - PINN - Epoch 600 boundary top    loss: 6.971e-04 | szz=pressure: 6.771e-04, syz=0: 8.135e-06, szx=0: 1.183e-05
[2025-07-17 16:35:21] DEBUG - PINN - Epoch 600 boundary front  loss: 1.663e-04 | sxx=0: 1.467e-04, sxy=0: 1.103e-05, szx=0: 8.559e-06
[2025-07-17 16:35:21] DEBUG - PINN - Epoch 600 boundary back   loss: 3.094e-05 | u=0: 1.853e-05, sxy=0: 8.534e-06, szx=0: 3.882e-06
[2025-07-17 16:35:21] DEBUG - PINN - Epoch 600 boundary right  loss: 1.421e-04 | syy=0: 1.176e-04, sxy=0: 1.294e-05, syz=0: 1.156e-05
[2025-07-17 16:35:21] DEBUG - PINN - Epoch 600 boundary left   loss: 4.970e-05 | v=0: 3.315e-05, sxy=0: 8.633e-06, syz=0: 7.920e-06
[2025-07-17 16:35:21] DEBUG - PINN - Epoch 600 boundary bottom loss: 4.659e-04 | gn=0: 4.542e-04, t1=0: 6.638e-06, t2=0: 5.017e-06
[2025-07-17 16:35:21] DEBUG - PINN - Epoch 600 TOTALS -> PDE: 2.047e-03, Bcs: 1.552e-03, LOSS: 3.599e-03
[2025-07-17 16:35:32] DEBUG - PINN - Epoch 650 PDE terms: [1: 6.437e-06, 2: 3.464e-06, 3: 8.086e-06, 4: 2.588e-05, 5: 2.416e-05, 6: 7.287e-05, 7: 7.923e-06, 8: 1.095e-05, 9: 3.908e-06]
[2025-07-17 16:35:32] DEBUG - PINN - Epoch 650 boundary top    loss: 4.607e-05 | szz=pressure: 3.479e-05, syz=0: 2.440e-06, szx=0: 8.833e-06
[2025-07-17 16:35:32] DEBUG - PINN - Epoch 650 boundary front  loss: 1.795e-05 | sxx=0: 7.766e-06, sxy=0: 7.713e-06, szx=0: 2.467e-06
[2025-07-17 16:35:32] DEBUG - PINN - Epoch 650 boundary back   loss: 1.779e-05 | u=0: 6.115e-06, sxy=0: 7.320e-06, szx=0: 4.351e-06
[2025-07-17 16:35:32] DEBUG - PINN - Epoch 650 boundary right  loss: 2.064e-05 | syy=0: 7.159e-06, sxy=0: 9.431e-06, syz=0: 4.049e-06
[2025-07-17 16:35:32] DEBUG - PINN - Epoch 650 boundary left   loss: 1.856e-05 | v=0: 5.494e-06, sxy=0: 7.891e-06, syz=0: 5.174e-06
[2025-07-17 16:35:32] DEBUG - PINN - Epoch 650 boundary bottom loss: 1.186e-05 | gn=0: 6.769e-06, t1=0: 3.480e-06, t2=0: 1.615e-06
[2025-07-17 16:35:32] DEBUG - PINN - Epoch 650 TOTALS -> PDE: 1.637e-04, Bcs: 1.329e-04, LOSS: 2.965e-04
[2025-07-17 16:35:42] DEBUG - PINN - Epoch 700 PDE terms: [1: 5.909e-06, 2: 2.942e-06, 3: 5.844e-06, 4: 3.329e-05, 5: 3.070e-05, 6: 9.361e-05, 7: 7.378e-06, 8: 1.195e-05, 9: 4.073e-06]
[2025-07-17 16:35:42] DEBUG - PINN - Epoch 700 boundary top    loss: 5.953e-05 | szz=pressure: 5.127e-05, syz=0: 1.928e-06, szx=0: 6.342e-06
[2025-07-17 16:35:42] DEBUG - PINN - Epoch 700 boundary front  loss: 2.174e-05 | sxx=0: 1.282e-05, sxy=0: 6.171e-06, szx=0: 2.744e-06
[2025-07-17 16:35:42] DEBUG - PINN - Epoch 700 boundary back   loss: 1.605e-05 | u=0: 5.297e-06, sxy=0: 6.003e-06, szx=0: 4.750e-06
[2025-07-17 16:35:42] DEBUG - PINN - Epoch 700 boundary right  loss: 2.404e-05 | syy=0: 1.177e-05, sxy=0: 7.175e-06, syz=0: 5.090e-06
[2025-07-17 16:35:43] DEBUG - PINN - Epoch 700 boundary left   loss: 1.682e-05 | v=0: 5.778e-06, sxy=0: 6.544e-06, syz=0: 4.499e-06
[2025-07-17 16:35:43] DEBUG - PINN - Epoch 700 boundary bottom loss: 1.537e-05 | gn=0: 1.151e-05, t1=0: 2.463e-06, t2=0: 1.399e-06
[2025-07-17 16:35:43] DEBUG - PINN - Epoch 700 TOTALS -> PDE: 1.957e-04, Bcs: 1.536e-04, LOSS: 3.492e-04
[2025-07-17 16:35:53] DEBUG - PINN - Epoch 750 PDE terms: [1: 6.370e-06, 2: 2.468e-06, 3: 7.734e-06, 4: 2.207e-05, 5: 1.952e-05, 6: 9.328e-05, 7: 8.162e-06, 8: 1.144e-05, 9: 3.426e-06]
[2025-07-17 16:35:53] DEBUG - PINN - Epoch 750 boundary top    loss: 4.109e-05 | szz=pressure: 3.032e-05, syz=0: 2.135e-06, szx=0: 8.633e-06
[2025-07-17 16:35:53] DEBUG - PINN - Epoch 750 boundary front  loss: 1.834e-05 | sxx=0: 7.616e-06, sxy=0: 6.892e-06, szx=0: 3.829e-06
[2025-07-17 16:35:53] DEBUG - PINN - Epoch 750 boundary back   loss: 1.546e-05 | u=0: 5.272e-06, sxy=0: 6.225e-06, szx=0: 3.965e-06
[2025-07-17 16:35:53] DEBUG - PINN - Epoch 750 boundary right  loss: 1.923e-05 | syy=0: 8.173e-06, sxy=0: 8.073e-06, syz=0: 2.985e-06
[2025-07-17 16:35:53] DEBUG - PINN - Epoch 750 boundary left   loss: 1.606e-05 | v=0: 5.704e-06, sxy=0: 6.906e-06, syz=0: 3.447e-06
[2025-07-17 16:35:53] DEBUG - PINN - Epoch 750 boundary bottom loss: 1.160e-05 | gn=0: 5.281e-06, t1=0: 3.327e-06, t2=0: 2.989e-06
[2025-07-17 16:35:53] DEBUG - PINN - Epoch 750 TOTALS -> PDE: 1.745e-04, Bcs: 1.218e-04, LOSS: 2.962e-04
[2025-07-17 16:36:04] DEBUG - PINN - Epoch 800 PDE terms: [1: 5.096e-06, 2: 2.181e-06, 3: 5.458e-06, 4: 2.391e-05, 5: 2.336e-05, 6: 6.304e-05, 7: 6.739e-06, 8: 1.045e-05, 9: 3.499e-06]
[2025-07-17 16:36:04] DEBUG - PINN - Epoch 800 boundary top    loss: 5.209e-05 | szz=pressure: 4.455e-05, syz=0: 1.568e-06, szx=0: 5.977e-06
[2025-07-17 16:36:04] DEBUG - PINN - Epoch 800 boundary front  loss: 1.363e-05 | sxx=0: 6.963e-06, sxy=0: 5.176e-06, szx=0: 1.493e-06
[2025-07-17 16:36:04] DEBUG - PINN - Epoch 800 boundary back   loss: 1.288e-05 | u=0: 4.965e-06, sxy=0: 4.634e-06, szx=0: 3.276e-06
[2025-07-17 16:36:04] DEBUG - PINN - Epoch 800 boundary right  loss: 1.695e-05 | syy=0: 6.349e-06, sxy=0: 5.902e-06, syz=0: 4.699e-06
[2025-07-17 16:36:04] DEBUG - PINN - Epoch 800 boundary left   loss: 1.467e-05 | v=0: 5.117e-06, sxy=0: 5.295e-06, syz=0: 4.254e-06
[2025-07-17 16:36:04] DEBUG - PINN - Epoch 800 boundary bottom loss: 1.148e-05 | gn=0: 8.148e-06, t1=0: 2.198e-06, t2=0: 1.140e-06
[2025-07-17 16:36:04] DEBUG - PINN - Epoch 800 TOTALS -> PDE: 1.437e-04, Bcs: 1.217e-04, LOSS: 2.654e-04
[2025-07-17 16:36:14] DEBUG - PINN - Epoch 850 PDE terms: [1: 5.719e-06, 2: 3.123e-06, 3: 3.763e-06, 4: 6.015e-04, 5: 4.959e-04, 6: 4.153e-03, 7: 2.159e-05, 8: 2.341e-05, 9: 2.330e-05]
[2025-07-17 16:36:14] DEBUG - PINN - Epoch 850 boundary top    loss: 1.979e-03 | szz=pressure: 1.972e-03, syz=0: 4.992e-06, szx=0: 2.482e-06
[2025-07-17 16:36:14] DEBUG - PINN - Epoch 850 boundary front  loss: 4.512e-04 | sxx=0: 4.370e-04, sxy=0: 5.238e-06, szx=0: 8.950e-06
[2025-07-17 16:36:14] DEBUG - PINN - Epoch 850 boundary back   loss: 3.883e-05 | u=0: 2.954e-05, sxy=0: 3.147e-06, szx=0: 6.149e-06
[2025-07-17 16:36:14] DEBUG - PINN - Epoch 850 boundary right  loss: 4.417e-04 | syy=0: 4.318e-04, sxy=0: 4.172e-06, syz=0: 5.709e-06
[2025-07-17 16:36:14] DEBUG - PINN - Epoch 850 boundary left   loss: 2.256e-05 | v=0: 1.605e-05, sxy=0: 3.316e-06, syz=0: 3.193e-06
[2025-07-17 16:36:14] DEBUG - PINN - Epoch 850 boundary bottom loss: 8.236e-04 | gn=0: 8.116e-04, t1=0: 2.797e-06, t2=0: 9.203e-06
[2025-07-17 16:36:14] DEBUG - PINN - Epoch 850 TOTALS -> PDE: 5.331e-03, Bcs: 3.757e-03, LOSS: 9.088e-03
[2025-07-17 16:36:25] DEBUG - PINN - Epoch 900 PDE terms: [1: 4.639e-06, 2: 1.740e-06, 3: 4.658e-06, 4: 1.886e-05, 5: 1.733e-05, 6: 4.800e-05, 7: 6.200e-06, 8: 8.348e-06, 9: 2.698e-06]
[2025-07-17 16:36:25] DEBUG - PINN - Epoch 900 boundary top    loss: 2.844e-05 | szz=pressure: 2.211e-05, syz=0: 9.770e-07, szx=0: 5.353e-06
[2025-07-17 16:36:25] DEBUG - PINN - Epoch 900 boundary front  loss: 1.003e-05 | sxx=0: 5.100e-06, sxy=0: 3.947e-06, szx=0: 9.801e-07
[2025-07-17 16:36:25] DEBUG - PINN - Epoch 900 boundary back   loss: 9.811e-06 | u=0: 4.110e-06, sxy=0: 3.413e-06, szx=0: 2.287e-06
[2025-07-17 16:36:25] DEBUG - PINN - Epoch 900 boundary right  loss: 1.280e-05 | syy=0: 5.003e-06, sxy=0: 4.339e-06, syz=0: 3.463e-06
[2025-07-17 16:36:25] DEBUG - PINN - Epoch 900 boundary left   loss: 1.135e-05 | v=0: 4.129e-06, sxy=0: 4.176e-06, syz=0: 3.048e-06
[2025-07-17 16:36:25] DEBUG - PINN - Epoch 900 boundary bottom loss: 7.909e-06 | gn=0: 3.901e-06, t1=0: 2.778e-06, t2=0: 1.230e-06
[2025-07-17 16:36:25] DEBUG - PINN - Epoch 900 TOTALS -> PDE: 1.125e-04, Bcs: 8.034e-05, LOSS: 1.928e-04
[2025-07-17 16:36:35] DEBUG - PINN - Epoch 950 PDE terms: [1: 4.599e-06, 2: 2.205e-06, 3: 4.720e-06, 4: 1.382e-04, 5: 1.200e-04, 6: 8.528e-04, 7: 9.610e-06, 8: 9.373e-06, 9: 5.416e-06]
[2025-07-17 16:36:35] DEBUG - PINN - Epoch 950 boundary top    loss: 6.619e-04 | szz=pressure: 6.512e-04, syz=0: 1.456e-06, szx=0: 9.282e-06
[2025-07-17 16:36:35] DEBUG - PINN - Epoch 950 boundary front  loss: 8.320e-05 | sxx=0: 7.914e-05, sxy=0: 3.665e-06, szx=0: 3.984e-07
[2025-07-17 16:36:35] DEBUG - PINN - Epoch 950 boundary back   loss: 1.601e-05 | u=0: 1.063e-05, sxy=0: 3.665e-06, szx=0: 1.712e-06
[2025-07-17 16:36:35] DEBUG - PINN - Epoch 950 boundary right  loss: 9.005e-05 | syy=0: 8.208e-05, sxy=0: 4.224e-06, syz=0: 3.748e-06
[2025-07-17 16:36:35] DEBUG - PINN - Epoch 950 boundary left   loss: 1.388e-05 | v=0: 6.308e-06, sxy=0: 4.893e-06, syz=0: 2.681e-06
[2025-07-17 16:36:35] DEBUG - PINN - Epoch 950 boundary bottom loss: 2.554e-04 | gn=0: 2.481e-04, t1=0: 5.225e-06, t2=0: 2.086e-06
[2025-07-17 16:36:35] DEBUG - PINN - Epoch 950 TOTALS -> PDE: 1.147e-03, Bcs: 1.120e-03, LOSS: 2.267e-03
[2025-07-17 16:36:46] DEBUG - PINN - Epoch 1000 PDE terms: [1: 4.061e-06, 2: 1.398e-06, 3: 3.545e-06, 4: 2.291e-05, 5: 2.096e-05, 6: 7.223e-05, 7: 5.133e-06, 8: 8.414e-06, 9: 2.743e-06]
[2025-07-17 16:36:46] DEBUG - PINN - Epoch 1000 boundary top    loss: 4.604e-05 | szz=pressure: 4.191e-05, syz=0: 6.830e-07, szx=0: 3.444e-06
[2025-07-17 16:36:46] DEBUG - PINN - Epoch 1000 boundary front  loss: 1.357e-05 | sxx=0: 9.442e-06, sxy=0: 2.811e-06, szx=0: 1.320e-06
[2025-07-17 16:36:46] DEBUG - PINN - Epoch 1000 boundary back   loss: 8.565e-06 | u=0: 3.898e-06, sxy=0: 2.256e-06, szx=0: 2.411e-06
[2025-07-17 16:36:46] DEBUG - PINN - Epoch 1000 boundary right  loss: 1.501e-05 | syy=0: 8.917e-06, sxy=0: 2.858e-06, syz=0: 3.238e-06
[2025-07-17 16:36:46] DEBUG - PINN - Epoch 1000 boundary left   loss: 9.250e-06 | v=0: 4.008e-06, sxy=0: 2.854e-06, syz=0: 2.388e-06
[2025-07-17 16:36:46] DEBUG - PINN - Epoch 1000 boundary bottom loss: 1.549e-05 | gn=0: 1.284e-05, t1=0: 1.614e-06, t2=0: 1.031e-06
[2025-07-17 16:36:46] DEBUG - PINN - Epoch 1000 TOTALS -> PDE: 1.414e-04, Bcs: 1.079e-04, LOSS: 2.493e-04
[2025-07-17 16:36:46] DEBUG - PINN - Saved weights to log/pinn/weights/Step0_layer1_weight.pth
[2025-07-17 16:36:46] DEBUG - PINN - Switching to L-BFGS optimization...
[2025-07-17 16:39:40] DEBUG - PINN - Saved weights to log/pinn/weights/Step0_layer1_weight.pth
[2025-07-17 16:39:40] DEBUG - PINN - Layer 2 top-corner displacement: [0.24924927949905396, 0.24897199869155884, -0.9981683492660522]
[2025-07-17 16:39:40] INFO - PINN - Contact BC pressure: -1.000 from layer 1
[2025-07-17 16:39:40] DEBUG - PINN - Starting Adam training for layer 0 (1000 epochs, lr=1.0e-03)
[2025-07-17 16:39:40] DEBUG - PINN - Point counts: inside=512, top=256, bottom=256, front=256, back=256, right=256, left=256
[2025-07-17 16:39:40] DEBUG - PINN - Inside points shape: (512, 3)
[2025-07-17 16:39:40] DEBUG - PINN - Top points shape:    (256, 3)
[2025-07-17 16:39:40] DEBUG - PINN - Bottom points shape: (256, 3)
[2025-07-17 16:39:40] DEBUG - PINN - Front points shape:  (256, 3)
[2025-07-17 16:39:40] DEBUG - PINN - Back points shape:   (256, 3)
[2025-07-17 16:39:40] DEBUG - PINN - Right points shape:  (256, 3)
[2025-07-17 16:39:40] DEBUG - PINN - Left points shape:   (256, 3)
[2025-07-17 16:39:50] DEBUG - PINN - Epoch 50 PDE terms: [1: 2.295e-04, 2: 5.075e-05, 3: 9.688e-04, 4: 4.167e-04, 5: 4.475e-04, 6: 2.982e-03, 7: 3.918e-04, 8: 1.376e-03, 9: 7.757e-04]
[2025-07-17 16:39:50] DEBUG - PINN - Epoch  50 boundary top    loss: 2.017e-03 | szz=pressure: 1.496e-03, syz=0: 1.813e-04, szx=0: 3.401e-04
[2025-07-17 16:39:50] DEBUG - PINN - Epoch  50 boundary front  loss: 1.486e-03 | sxx=0: 7.547e-04, sxy=0: 3.222e-04, szx=0: 4.092e-04
[2025-07-17 16:39:51] DEBUG - PINN - Epoch  50 boundary back   loss: 7.637e-04 | u=0: 5.288e-04, sxy=0: 5.830e-07, szx=0: 2.343e-04
[2025-07-17 16:39:51] DEBUG - PINN - Epoch  50 boundary right  loss: 1.822e-03 | syy=0: 1.426e-03, sxy=0: 2.316e-04, syz=0: 1.650e-04
[2025-07-17 16:39:51] DEBUG - PINN - Epoch  50 boundary left   loss: 1.752e-03 | v=0: 1.597e-03, sxy=0: 4.950e-05, syz=0: 1.051e-04
[2025-07-17 16:39:51] DEBUG - PINN - Epoch  50 boundary bottom loss: 3.015e-03 | gn=0: 4.927e-04, t1=0: 1.256e-03, t2=0: 1.266e-03
[2025-07-17 16:39:51] DEBUG - PINN - Epoch 50 TOTALS -> PDE: 7.639e-03, Bcs: 1.086e-02, LOSS: 1.849e-02
[2025-07-17 16:40:01] DEBUG - PINN - Epoch 100 PDE terms: [1: 5.536e-05, 2: 5.982e-05, 3: 5.026e-04, 4: 5.780e-04, 5: 4.290e-04, 6: 3.931e-03, 7: 6.478e-05, 8: 2.019e-04, 9: 1.315e-04]
[2025-07-17 16:40:01] DEBUG - PINN - Epoch 100 boundary top    loss: 3.640e-03 | szz=pressure: 3.424e-03, syz=0: 1.520e-04, szx=0: 6.469e-05
[2025-07-17 16:40:01] DEBUG - PINN - Epoch 100 boundary front  loss: 4.792e-04 | sxx=0: 3.912e-04, sxy=0: 6.169e-05, szx=0: 2.638e-05
[2025-07-17 16:40:01] DEBUG - PINN - Epoch 100 boundary back   loss: 1.374e-04 | u=0: 6.753e-05, sxy=0: 3.249e-05, szx=0: 3.742e-05
[2025-07-17 16:40:01] DEBUG - PINN - Epoch 100 boundary right  loss: 4.715e-04 | syy=0: 3.573e-04, sxy=0: 4.285e-05, syz=0: 7.135e-05
[2025-07-17 16:40:01] DEBUG - PINN - Epoch 100 boundary left   loss: 2.744e-04 | v=0: 1.223e-04, sxy=0: 1.278e-05, syz=0: 1.393e-04
[2025-07-17 16:40:01] DEBUG - PINN - Epoch 100 boundary bottom loss: 1.464e-03 | gn=0: 1.140e-03, t1=0: 1.830e-04, t2=0: 1.403e-04
[2025-07-17 16:40:01] DEBUG - PINN - Epoch 100 TOTALS -> PDE: 5.954e-03, Bcs: 6.467e-03, LOSS: 1.242e-02
[2025-07-17 16:40:12] DEBUG - PINN - Epoch 150 PDE terms: [1: 2.369e-05, 2: 3.671e-05, 3: 1.392e-04, 4: 3.810e-04, 5: 3.092e-04, 6: 2.957e-03, 7: 4.362e-05, 8: 8.289e-05, 9: 4.728e-05]
[2025-07-17 16:40:12] DEBUG - PINN - Epoch 150 boundary top    loss: 2.104e-03 | szz=pressure: 1.974e-03, syz=0: 9.232e-05, szx=0: 3.784e-05
[2025-07-17 16:40:12] DEBUG - PINN - Epoch 150 boundary front  loss: 3.013e-04 | sxx=0: 2.622e-04, sxy=0: 2.156e-05, szx=0: 1.752e-05
[2025-07-17 16:40:12] DEBUG - PINN - Epoch 150 boundary back   loss: 5.076e-05 | u=0: 2.264e-05, sxy=0: 1.591e-05, szx=0: 1.221e-05
[2025-07-17 16:40:12] DEBUG - PINN - Epoch 150 boundary right  loss: 2.917e-04 | syy=0: 2.526e-04, sxy=0: 1.549e-05, syz=0: 2.355e-05
[2025-07-17 16:40:12] DEBUG - PINN - Epoch 150 boundary left   loss: 1.337e-04 | v=0: 5.264e-05, sxy=0: 9.523e-06, syz=0: 7.153e-05
[2025-07-17 16:40:12] DEBUG - PINN - Epoch 150 boundary bottom loss: 7.930e-04 | gn=0: 7.339e-04, t1=0: 3.888e-05, t2=0: 2.025e-05
[2025-07-17 16:40:12] DEBUG - PINN - Epoch 150 TOTALS -> PDE: 4.021e-03, Bcs: 3.674e-03, LOSS: 7.695e-03
[2025-07-17 16:40:23] DEBUG - PINN - Epoch 200 PDE terms: [1: 1.222e-05, 2: 2.439e-05, 3: 8.859e-05, 4: 7.717e-04, 5: 6.110e-04, 6: 5.609e-03, 7: 4.203e-05, 8: 1.027e-04, 9: 2.771e-05]
[2025-07-17 16:40:23] DEBUG - PINN - Epoch 200 boundary top    loss: 2.364e-03 | szz=pressure: 2.300e-03, syz=0: 5.382e-05, szx=0: 1.058e-05
[2025-07-17 16:40:23] DEBUG - PINN - Epoch 200 boundary front  loss: 5.920e-04 | sxx=0: 5.353e-04, sxy=0: 1.941e-05, szx=0: 3.734e-05
[2025-07-17 16:40:23] DEBUG - PINN - Epoch 200 boundary back   loss: 6.148e-05 | u=0: 1.669e-05, sxy=0: 1.429e-05, szx=0: 3.050e-05
[2025-07-17 16:40:23] DEBUG - PINN - Epoch 200 boundary right  loss: 6.290e-04 | syy=0: 5.507e-04, sxy=0: 9.023e-06, syz=0: 6.927e-05
[2025-07-17 16:40:23] DEBUG - PINN - Epoch 200 boundary left   loss: 1.318e-04 | v=0: 3.636e-05, sxy=0: 1.435e-05, syz=0: 8.107e-05
[2025-07-17 16:40:23] DEBUG - PINN - Epoch 200 boundary bottom loss: 9.478e-04 | gn=0: 9.238e-04, t1=0: 2.033e-05, t2=0: 3.659e-06
[2025-07-17 16:40:23] DEBUG - PINN - Epoch 200 TOTALS -> PDE: 7.289e-03, Bcs: 4.726e-03, LOSS: 1.202e-02
[2025-07-17 16:40:33] DEBUG - PINN - Epoch 250 PDE terms: [1: 7.748e-06, 2: 2.045e-05, 3: 6.115e-05, 4: 6.383e-05, 5: 4.600e-05, 6: 4.469e-04, 7: 3.110e-05, 8: 3.005e-05, 9: 2.278e-05]
[2025-07-17 16:40:33] DEBUG - PINN - Epoch 250 boundary top    loss: 1.878e-04 | szz=pressure: 1.526e-04, syz=0: 2.532e-05, szx=0: 9.910e-06
[2025-07-17 16:40:33] DEBUG - PINN - Epoch 250 boundary front  loss: 7.893e-05 | sxx=0: 4.708e-05, sxy=0: 1.569e-05, szx=0: 1.615e-05
[2025-07-17 16:40:33] DEBUG - PINN - Epoch 250 boundary back   loss: 3.414e-05 | u=0: 7.736e-06, sxy=0: 1.150e-05, szx=0: 1.490e-05
[2025-07-17 16:40:33] DEBUG - PINN - Epoch 250 boundary right  loss: 1.133e-04 | syy=0: 8.771e-05, sxy=0: 9.341e-06, syz=0: 1.629e-05
[2025-07-17 16:40:33] DEBUG - PINN - Epoch 250 boundary left   loss: 6.046e-05 | v=0: 1.619e-05, sxy=0: 1.127e-05, syz=0: 3.300e-05
[2025-07-17 16:40:33] DEBUG - PINN - Epoch 250 boundary bottom loss: 5.328e-05 | gn=0: 4.718e-05, t1=0: 4.910e-06, t2=0: 1.193e-06
[2025-07-17 16:40:33] DEBUG - PINN - Epoch 250 TOTALS -> PDE: 7.300e-04, Bcs: 5.279e-04, LOSS: 1.258e-03
[2025-07-17 16:40:44] DEBUG - PINN - Epoch 300 PDE terms: [1: 7.189e-06, 2: 1.891e-05, 3: 4.569e-05, 4: 4.905e-05, 5: 4.201e-05, 6: 3.733e-04, 7: 2.678e-05, 8: 2.231e-05, 9: 1.854e-05]
[2025-07-17 16:40:44] DEBUG - PINN - Epoch 300 boundary top    loss: 2.279e-04 | szz=pressure: 1.967e-04, syz=0: 1.954e-05, szx=0: 1.161e-05
[2025-07-17 16:40:44] DEBUG - PINN - Epoch 300 boundary front  loss: 5.625e-05 | sxx=0: 2.976e-05, sxy=0: 1.350e-05, szx=0: 1.299e-05
[2025-07-17 16:40:44] DEBUG - PINN - Epoch 300 boundary back   loss: 2.756e-05 | u=0: 8.153e-06, sxy=0: 9.557e-06, szx=0: 9.852e-06
[2025-07-17 16:40:44] DEBUG - PINN - Epoch 300 boundary right  loss: 8.693e-05 | syy=0: 7.120e-05, sxy=0: 8.859e-06, syz=0: 6.873e-06
[2025-07-17 16:40:44] DEBUG - PINN - Epoch 300 boundary left   loss: 4.373e-05 | v=0: 1.426e-05, sxy=0: 9.720e-06, syz=0: 1.974e-05
[2025-07-17 16:40:44] DEBUG - PINN - Epoch 300 boundary bottom loss: 3.938e-05 | gn=0: 3.404e-05, t1=0: 3.215e-06, t2=0: 2.127e-06
[2025-07-17 16:40:44] DEBUG - PINN - Epoch 300 TOTALS -> PDE: 6.038e-04, Bcs: 4.817e-04, LOSS: 1.085e-03
[2025-07-17 16:40:55] DEBUG - PINN - Epoch 350 PDE terms: [1: 6.736e-06, 2: 1.552e-05, 3: 3.648e-05, 4: 3.289e-05, 5: 2.654e-05, 6: 1.651e-04, 7: 2.212e-05, 8: 1.682e-05, 9: 1.558e-05]
[2025-07-17 16:40:55] DEBUG - PINN - Epoch 350 boundary top    loss: 7.095e-05 | szz=pressure: 4.526e-05, syz=0: 1.238e-05, szx=0: 1.332e-05
[2025-07-17 16:40:55] DEBUG - PINN - Epoch 350 boundary front  loss: 3.470e-05 | sxx=0: 1.218e-05, sxy=0: 1.117e-05, szx=0: 1.134e-05
[2025-07-17 16:40:55] DEBUG - PINN - Epoch 350 boundary back   loss: 2.205e-05 | u=0: 5.897e-06, sxy=0: 8.517e-06, szx=0: 7.633e-06
[2025-07-17 16:40:55] DEBUG - PINN - Epoch 350 boundary right  loss: 6.565e-05 | syy=0: 5.230e-05, sxy=0: 6.695e-06, syz=0: 6.649e-06
[2025-07-17 16:40:55] DEBUG - PINN - Epoch 350 boundary left   loss: 3.248e-05 | v=0: 8.300e-06, sxy=0: 8.874e-06, syz=0: 1.531e-05
[2025-07-17 16:40:55] DEBUG - PINN - Epoch 350 boundary bottom loss: 2.193e-05 | gn=0: 1.662e-05, t1=0: 1.787e-06, t2=0: 3.517e-06
[2025-07-17 16:40:55] DEBUG - PINN - Epoch 350 TOTALS -> PDE: 3.378e-04, Bcs: 2.478e-04, LOSS: 5.855e-04
[2025-07-17 16:41:06] DEBUG - PINN - Epoch 400 PDE terms: [1: 6.837e-06, 2: 1.366e-05, 3: 3.002e-05, 4: 1.297e-04, 5: 1.170e-04, 6: 1.051e-03, 7: 1.868e-05, 8: 2.034e-05, 9: 1.659e-05]
[2025-07-17 16:41:06] DEBUG - PINN - Epoch 400 boundary top    loss: 4.745e-04 | szz=pressure: 4.550e-04, syz=0: 1.144e-05, szx=0: 8.051e-06
[2025-07-17 16:41:06] DEBUG - PINN - Epoch 400 boundary front  loss: 1.193e-04 | sxx=0: 9.919e-05, sxy=0: 9.008e-06, szx=0: 1.115e-05
[2025-07-17 16:41:06] DEBUG - PINN - Epoch 400 boundary back   loss: 2.255e-05 | u=0: 5.825e-06, sxy=0: 7.167e-06, szx=0: 9.554e-06
[2025-07-17 16:41:06] DEBUG - PINN - Epoch 400 boundary right  loss: 1.452e-04 | syy=0: 1.295e-04, sxy=0: 5.748e-06, syz=0: 9.868e-06
[2025-07-17 16:41:06] DEBUG - PINN - Epoch 400 boundary left   loss: 2.815e-05 | v=0: 6.141e-06, sxy=0: 7.404e-06, syz=0: 1.460e-05
[2025-07-17 16:41:06] DEBUG - PINN - Epoch 400 boundary bottom loss: 1.376e-04 | gn=0: 1.340e-04, t1=0: 2.683e-06, t2=0: 9.863e-07
[2025-07-17 16:41:06] DEBUG - PINN - Epoch 400 TOTALS -> PDE: 1.403e-03, Bcs: 9.273e-04, LOSS: 2.331e-03
[2025-07-17 16:41:17] DEBUG - PINN - Epoch 450 PDE terms: [1: 9.187e-06, 2: 1.365e-05, 3: 3.430e-05, 4: 2.108e-04, 5: 2.084e-04, 6: 2.020e-03, 7: 1.944e-05, 8: 2.110e-05, 9: 1.218e-05]
[2025-07-17 16:41:17] DEBUG - PINN - Epoch 450 boundary top    loss: 1.158e-03 | szz=pressure: 1.135e-03, syz=0: 1.027e-05, szx=0: 1.191e-05
[2025-07-17 16:41:17] DEBUG - PINN - Epoch 450 boundary front  loss: 2.357e-04 | sxx=0: 2.006e-04, sxy=0: 8.569e-06, szx=0: 2.648e-05
[2025-07-17 16:41:17] DEBUG - PINN - Epoch 450 boundary back   loss: 3.036e-05 | u=0: 1.030e-05, sxy=0: 6.404e-06, szx=0: 1.365e-05
[2025-07-17 16:41:17] DEBUG - PINN - Epoch 450 boundary right  loss: 2.273e-04 | syy=0: 2.097e-04, sxy=0: 5.146e-06, syz=0: 1.246e-05
[2025-07-17 16:41:17] DEBUG - PINN - Epoch 450 boundary left   loss: 3.067e-05 | v=0: 1.021e-05, sxy=0: 6.573e-06, syz=0: 1.388e-05
[2025-07-17 16:41:17] DEBUG - PINN - Epoch 450 boundary bottom loss: 3.267e-04 | gn=0: 3.100e-04, t1=0: 6.930e-06, t2=0: 9.826e-06
[2025-07-17 16:41:17] DEBUG - PINN - Epoch 450 TOTALS -> PDE: 2.550e-03, Bcs: 2.008e-03, LOSS: 4.558e-03
[2025-07-17 16:41:28] DEBUG - PINN - Epoch 500 PDE terms: [1: 6.990e-06, 2: 1.089e-05, 3: 2.502e-05, 4: 2.360e-05, 5: 2.123e-05, 6: 9.492e-05, 7: 1.423e-05, 8: 1.127e-05, 9: 1.292e-05]
[2025-07-17 16:41:28] DEBUG - PINN - Epoch 500 boundary top    loss: 4.685e-05 | szz=pressure: 3.425e-05, syz=0: 6.972e-06, szx=0: 5.630e-06
[2025-07-17 16:41:28] DEBUG - PINN - Epoch 500 boundary front  loss: 2.117e-05 | sxx=0: 6.513e-06, sxy=0: 7.058e-06, szx=0: 7.600e-06
[2025-07-17 16:41:28] DEBUG - PINN - Epoch 500 boundary back   loss: 1.913e-05 | u=0: 3.720e-06, sxy=0: 5.060e-06, szx=0: 1.035e-05
[2025-07-17 16:41:28] DEBUG - PINN - Epoch 500 boundary right  loss: 4.598e-05 | syy=0: 3.739e-05, sxy=0: 4.867e-06, syz=0: 3.718e-06
[2025-07-17 16:41:28] DEBUG - PINN - Epoch 500 boundary left   loss: 1.535e-05 | v=0: 2.014e-06, sxy=0: 5.817e-06, syz=0: 7.516e-06
[2025-07-17 16:41:28] DEBUG - PINN - Epoch 500 boundary bottom loss: 7.742e-06 | gn=0: 5.980e-06, t1=0: 9.504e-07, t2=0: 8.120e-07
[2025-07-17 16:41:28] DEBUG - PINN - Epoch 500 TOTALS -> PDE: 2.211e-04, Bcs: 1.562e-04, LOSS: 3.773e-04
[2025-07-17 16:41:39] DEBUG - PINN - Epoch 550 PDE terms: [1: 7.145e-06, 2: 9.092e-06, 3: 2.110e-05, 4: 2.068e-04, 5: 1.964e-04, 6: 1.477e-03, 7: 1.179e-05, 8: 1.596e-05, 9: 1.094e-05]
[2025-07-17 16:41:39] DEBUG - PINN - Epoch 550 boundary top    loss: 9.322e-04 | szz=pressure: 9.186e-04, syz=0: 7.920e-06, szx=0: 5.596e-06
[2025-07-17 16:41:39] DEBUG - PINN - Epoch 550 boundary front  loss: 1.293e-04 | sxx=0: 1.167e-04, sxy=0: 6.337e-06, szx=0: 6.286e-06
[2025-07-17 16:41:39] DEBUG - PINN - Epoch 550 boundary back   loss: 1.502e-05 | u=0: 3.266e-06, sxy=0: 4.074e-06, szx=0: 7.683e-06
[2025-07-17 16:41:39] DEBUG - PINN - Epoch 550 boundary right  loss: 1.500e-04 | syy=0: 1.420e-04, sxy=0: 3.792e-06, syz=0: 4.296e-06
[2025-07-17 16:41:39] DEBUG - PINN - Epoch 550 boundary left   loss: 1.891e-05 | v=0: 7.695e-06, sxy=0: 5.335e-06, syz=0: 5.881e-06
[2025-07-17 16:41:39] DEBUG - PINN - Epoch 550 boundary bottom loss: 1.773e-04 | gn=0: 1.718e-04, t1=0: 1.320e-06, t2=0: 4.144e-06
[2025-07-17 16:41:39] DEBUG - PINN - Epoch 550 TOTALS -> PDE: 1.956e-03, Bcs: 1.423e-03, LOSS: 3.379e-03
[2025-07-17 16:41:49] DEBUG - PINN - Epoch 600 PDE terms: [1: 6.491e-06, 2: 7.687e-06, 3: 1.921e-05, 4: 2.402e-05, 5: 2.441e-05, 6: 1.003e-04, 7: 1.095e-05, 8: 9.275e-06, 9: 9.435e-06]
[2025-07-17 16:41:49] DEBUG - PINN - Epoch 600 boundary top    loss: 7.018e-05 | szz=pressure: 6.041e-05, syz=0: 4.797e-06, szx=0: 4.970e-06
[2025-07-17 16:41:49] DEBUG - PINN - Epoch 600 boundary front  loss: 1.723e-05 | sxx=0: 5.413e-06, sxy=0: 5.615e-06, szx=0: 6.206e-06
[2025-07-17 16:41:49] DEBUG - PINN - Epoch 600 boundary back   loss: 1.428e-05 | u=0: 3.256e-06, sxy=0: 3.389e-06, szx=0: 7.640e-06
[2025-07-17 16:41:49] DEBUG - PINN - Epoch 600 boundary right  loss: 3.601e-05 | syy=0: 2.966e-05, sxy=0: 3.864e-06, syz=0: 2.485e-06
[2025-07-17 16:41:49] DEBUG - PINN - Epoch 600 boundary left   loss: 1.033e-05 | v=0: 1.352e-06, sxy=0: 4.380e-06, syz=0: 4.599e-06
[2025-07-17 16:41:49] DEBUG - PINN - Epoch 600 boundary bottom loss: 1.014e-05 | gn=0: 8.106e-06, t1=0: 8.849e-07, t2=0: 1.146e-06
[2025-07-17 16:41:49] DEBUG - PINN - Epoch 600 TOTALS -> PDE: 2.118e-04, Bcs: 1.582e-04, LOSS: 3.699e-04
[2025-07-17 16:42:00] DEBUG - PINN - Epoch 650 PDE terms: [1: 7.434e-06, 2: 6.572e-06, 3: 1.801e-05, 4: 5.655e-04, 5: 5.504e-04, 6: 4.538e-03, 7: 1.127e-05, 8: 2.787e-05, 9: 1.582e-05]
[2025-07-17 16:42:00] DEBUG - PINN - Epoch 650 boundary top    loss: 2.253e-03 | szz=pressure: 2.235e-03, syz=0: 1.082e-05, szx=0: 6.624e-06
[2025-07-17 16:42:00] DEBUG - PINN - Epoch 650 boundary front  loss: 3.878e-04 | sxx=0: 3.784e-04, sxy=0: 4.491e-06, szx=0: 4.912e-06
[2025-07-17 16:42:00] DEBUG - PINN - Epoch 650 boundary back   loss: 1.615e-05 | u=0: 7.080e-06, sxy=0: 3.075e-06, szx=0: 5.997e-06
[2025-07-17 16:42:00] DEBUG - PINN - Epoch 650 boundary right  loss: 4.365e-04 | syy=0: 4.211e-04, sxy=0: 2.864e-06, syz=0: 1.244e-05
[2025-07-17 16:42:00] DEBUG - PINN - Epoch 650 boundary left   loss: 4.301e-05 | v=0: 2.821e-05, sxy=0: 3.971e-06, syz=0: 1.082e-05
[2025-07-17 16:42:00] DEBUG - PINN - Epoch 650 boundary bottom loss: 4.932e-04 | gn=0: 4.867e-04, t1=0: 4.035e-06, t2=0: 2.435e-06
[2025-07-17 16:42:00] DEBUG - PINN - Epoch 650 TOTALS -> PDE: 5.741e-03, Bcs: 3.629e-03, LOSS: 9.371e-03
[2025-07-17 16:42:11] DEBUG - PINN - Epoch 700 PDE terms: [1: 7.526e-06, 2: 7.835e-06, 3: 1.634e-05, 4: 3.875e-05, 5: 3.058e-05, 6: 2.380e-04, 7: 1.108e-05, 8: 9.195e-06, 9: 8.705e-06]
[2025-07-17 16:42:11] DEBUG - PINN - Epoch 700 boundary top    loss: 8.132e-05 | szz=pressure: 7.157e-05, syz=0: 5.146e-06, szx=0: 4.604e-06
[2025-07-17 16:42:11] DEBUG - PINN - Epoch 700 boundary front  loss: 3.841e-05 | sxx=0: 2.709e-05, sxy=0: 5.558e-06, szx=0: 5.769e-06
[2025-07-17 16:42:11] DEBUG - PINN - Epoch 700 boundary back   loss: 1.142e-05 | u=0: 3.874e-06, sxy=0: 2.391e-06, szx=0: 5.160e-06
[2025-07-17 16:42:11] DEBUG - PINN - Epoch 700 boundary right  loss: 6.245e-05 | syy=0: 5.562e-05, sxy=0: 2.854e-06, syz=0: 3.970e-06
[2025-07-17 16:42:11] DEBUG - PINN - Epoch 700 boundary left   loss: 1.021e-05 | v=0: 1.456e-06, sxy=0: 3.723e-06, syz=0: 5.026e-06
[2025-07-17 16:42:11] DEBUG - PINN - Epoch 700 boundary bottom loss: 3.608e-05 | gn=0: 3.318e-05, t1=0: 1.436e-06, t2=0: 1.459e-06
[2025-07-17 16:42:11] DEBUG - PINN - Epoch 700 TOTALS -> PDE: 3.680e-04, Bcs: 2.399e-04, LOSS: 6.079e-04
[2025-07-17 16:42:22] DEBUG - PINN - Epoch 750 PDE terms: [1: 6.542e-06, 2: 4.941e-06, 3: 1.533e-05, 4: 1.667e-05, 5: 1.743e-05, 6: 5.533e-05, 7: 8.233e-06, 8: 7.340e-06, 9: 9.461e-06]
[2025-07-17 16:42:22] DEBUG - PINN - Epoch 750 boundary top    loss: 3.482e-05 | szz=pressure: 2.512e-05, syz=0: 4.113e-06, szx=0: 5.587e-06
[2025-07-17 16:42:22] DEBUG - PINN - Epoch 750 boundary front  loss: 1.242e-05 | sxx=0: 4.018e-06, sxy=0: 4.605e-06, szx=0: 3.794e-06
[2025-07-17 16:42:22] DEBUG - PINN - Epoch 750 boundary back   loss: 9.877e-06 | u=0: 2.349e-06, sxy=0: 2.010e-06, szx=0: 5.519e-06
[2025-07-17 16:42:22] DEBUG - PINN - Epoch 750 boundary right  loss: 2.582e-05 | syy=0: 2.168e-05, sxy=0: 1.977e-06, syz=0: 2.168e-06
[2025-07-17 16:42:22] DEBUG - PINN - Epoch 750 boundary left   loss: 7.616e-06 | v=0: 6.739e-07, sxy=0: 3.553e-06, syz=0: 3.390e-06
[2025-07-17 16:42:22] DEBUG - PINN - Epoch 750 boundary bottom loss: 6.371e-06 | gn=0: 5.458e-06, t1=0: 3.310e-07, t2=0: 5.816e-07
[2025-07-17 16:42:22] DEBUG - PINN - Epoch 750 TOTALS -> PDE: 1.413e-04, Bcs: 9.692e-05, LOSS: 2.382e-04
[2025-07-17 16:42:32] DEBUG - PINN - Epoch 800 PDE terms: [1: 6.783e-06, 2: 4.436e-06, 3: 1.478e-05, 4: 1.832e-05, 5: 1.867e-05, 6: 3.743e-05, 7: 6.929e-06, 8: 6.085e-06, 9: 7.140e-06]
[2025-07-17 16:42:32] DEBUG - PINN - Epoch 800 boundary top    loss: 3.428e-05 | szz=pressure: 2.649e-05, syz=0: 3.137e-06, szx=0: 4.652e-06
[2025-07-17 16:42:32] DEBUG - PINN - Epoch 800 boundary front  loss: 1.169e-05 | sxx=0: 3.972e-06, sxy=0: 4.094e-06, szx=0: 3.621e-06
[2025-07-17 16:42:32] DEBUG - PINN - Epoch 800 boundary back   loss: 1.048e-05 | u=0: 2.836e-06, sxy=0: 1.915e-06, szx=0: 5.727e-06
[2025-07-17 16:42:32] DEBUG - PINN - Epoch 800 boundary right  loss: 1.953e-05 | syy=0: 1.614e-05, sxy=0: 1.783e-06, syz=0: 1.602e-06
[2025-07-17 16:42:32] DEBUG - PINN - Epoch 800 boundary left   loss: 6.370e-06 | v=0: 4.192e-07, sxy=0: 3.144e-06, syz=0: 2.807e-06
[2025-07-17 16:42:32] DEBUG - PINN - Epoch 800 boundary bottom loss: 4.898e-06 | gn=0: 3.459e-06, t1=0: 4.352e-07, t2=0: 1.003e-06
[2025-07-17 16:42:32] DEBUG - PINN - Epoch 800 TOTALS -> PDE: 1.206e-04, Bcs: 8.724e-05, LOSS: 2.078e-04
[2025-07-17 16:42:43] DEBUG - PINN - Epoch 850 PDE terms: [1: 6.039e-06, 2: 3.706e-06, 3: 1.286e-05, 4: 2.840e-05, 5: 3.071e-05, 6: 1.448e-04, 7: 6.800e-06, 8: 5.388e-06, 9: 5.975e-06]
[2025-07-17 16:42:43] DEBUG - PINN - Epoch 850 boundary top    loss: 7.723e-05 | szz=pressure: 6.877e-05, syz=0: 3.097e-06, szx=0: 5.364e-06
[2025-07-17 16:42:43] DEBUG - PINN - Epoch 850 boundary front  loss: 1.107e-05 | sxx=0: 3.651e-06, sxy=0: 3.550e-06, szx=0: 3.872e-06
[2025-07-17 16:42:43] DEBUG - PINN - Epoch 850 boundary back   loss: 6.429e-06 | u=0: 2.146e-06, sxy=0: 1.733e-06, szx=0: 2.550e-06
[2025-07-17 16:42:43] DEBUG - PINN - Epoch 850 boundary right  loss: 2.306e-05 | syy=0: 2.034e-05, sxy=0: 1.683e-06, syz=0: 1.030e-06
[2025-07-17 16:42:43] DEBUG - PINN - Epoch 850 boundary left   loss: 6.270e-06 | v=0: 7.129e-07, sxy=0: 2.578e-06, syz=0: 2.979e-06
[2025-07-17 16:42:43] DEBUG - PINN - Epoch 850 boundary bottom loss: 4.341e-05 | gn=0: 4.035e-05, t1=0: 1.320e-06, t2=0: 1.732e-06
[2025-07-17 16:42:43] DEBUG - PINN - Epoch 850 TOTALS -> PDE: 2.447e-04, Bcs: 1.675e-04, LOSS: 4.122e-04
[2025-07-17 16:42:53] DEBUG - PINN - Epoch 900 PDE terms: [1: 6.202e-06, 2: 3.332e-06, 3: 1.213e-05, 4: 1.417e-04, 5: 1.487e-04, 6: 1.168e-03, 7: 7.078e-06, 8: 6.904e-06, 9: 8.500e-06]
[2025-07-17 16:42:53] DEBUG - PINN - Epoch 900 boundary top    loss: 6.132e-04 | szz=pressure: 6.061e-04, syz=0: 2.932e-06, szx=0: 4.167e-06
[2025-07-17 16:42:53] DEBUG - PINN - Epoch 900 boundary front  loss: 1.085e-04 | sxx=0: 1.026e-04, sxy=0: 3.137e-06, szx=0: 2.800e-06
[2025-07-17 16:42:53] DEBUG - PINN - Epoch 900 boundary back   loss: 8.152e-06 | u=0: 2.862e-06, sxy=0: 1.481e-06, szx=0: 3.808e-06
[2025-07-17 16:42:53] DEBUG - PINN - Epoch 900 boundary right  loss: 1.204e-04 | syy=0: 1.163e-04, sxy=0: 1.430e-06, syz=0: 2.689e-06
[2025-07-17 16:42:53] DEBUG - PINN - Epoch 900 boundary left   loss: 9.636e-06 | v=0: 4.534e-06, sxy=0: 2.310e-06, syz=0: 2.792e-06
[2025-07-17 16:42:54] DEBUG - PINN - Epoch 900 boundary bottom loss: 1.194e-04 | gn=0: 1.177e-04, t1=0: 5.570e-07, t2=0: 1.176e-06
[2025-07-17 16:42:54] DEBUG - PINN - Epoch 900 TOTALS -> PDE: 1.502e-03, Bcs: 9.794e-04, LOSS: 2.482e-03
[2025-07-17 16:43:04] DEBUG - PINN - Epoch 950 PDE terms: [1: 6.053e-06, 2: 2.762e-06, 3: 1.130e-05, 4: 1.272e-05, 5: 1.503e-05, 6: 3.902e-05, 7: 5.592e-06, 8: 4.552e-06, 9: 4.848e-06]
[2025-07-17 16:43:04] DEBUG - PINN - Epoch 950 boundary top    loss: 2.492e-05 | szz=pressure: 2.037e-05, syz=0: 1.904e-06, szx=0: 2.643e-06
[2025-07-17 16:43:04] DEBUG - PINN - Epoch 950 boundary front  loss: 8.864e-06 | sxx=0: 2.848e-06, sxy=0: 3.188e-06, szx=0: 2.828e-06
[2025-07-17 16:43:04] DEBUG - PINN - Epoch 950 boundary back   loss: 7.636e-06 | u=0: 1.849e-06, sxy=0: 1.190e-06, szx=0: 4.596e-06
[2025-07-17 16:43:04] DEBUG - PINN - Epoch 950 boundary right  loss: 1.604e-05 | syy=0: 1.355e-05, sxy=0: 1.287e-06, syz=0: 1.209e-06
[2025-07-17 16:43:04] DEBUG - PINN - Epoch 950 boundary left   loss: 4.343e-06 | v=0: 4.918e-07, sxy=0: 2.191e-06, syz=0: 1.660e-06
[2025-07-17 16:43:04] DEBUG - PINN - Epoch 950 boundary bottom loss: 3.769e-06 | gn=0: 1.921e-06, t1=0: 5.744e-07, t2=0: 1.274e-06
[2025-07-17 16:43:04] DEBUG - PINN - Epoch 950 TOTALS -> PDE: 1.019e-04, Bcs: 6.557e-05, LOSS: 1.674e-04
[2025-07-17 16:43:15] DEBUG - PINN - Epoch 1000 PDE terms: [1: 6.079e-06, 2: 5.433e-06, 3: 1.243e-05, 4: 1.013e-04, 5: 1.472e-04, 6: 8.389e-04, 7: 7.625e-06, 8: 5.390e-06, 9: 8.636e-06]
[2025-07-17 16:43:15] DEBUG - PINN - Epoch 1000 boundary top    loss: 5.724e-04 | szz=pressure: 5.627e-04, syz=0: 4.227e-06, szx=0: 5.527e-06
[2025-07-17 16:43:15] DEBUG - PINN - Epoch 1000 boundary front  loss: 7.477e-05 | sxx=0: 6.804e-05, sxy=0: 3.283e-06, szx=0: 3.448e-06
[2025-07-17 16:43:15] DEBUG - PINN - Epoch 1000 boundary back   loss: 6.522e-06 | u=0: 3.816e-06, sxy=0: 1.050e-06, szx=0: 1.656e-06
[2025-07-17 16:43:15] DEBUG - PINN - Epoch 1000 boundary right  loss: 8.648e-05 | syy=0: 8.403e-05, sxy=0: 1.424e-06, syz=0: 1.026e-06
[2025-07-17 16:43:15] DEBUG - PINN - Epoch 1000 boundary left   loss: 7.193e-06 | v=0: 7.173e-07, sxy=0: 2.350e-06, syz=0: 4.126e-06
[2025-07-17 16:43:15] DEBUG - PINN - Epoch 1000 boundary bottom loss: 3.837e-04 | gn=0: 3.766e-04, t1=0: 2.125e-06, t2=0: 4.986e-06
[2025-07-17 16:43:15] DEBUG - PINN - Epoch 1000 TOTALS -> PDE: 1.133e-03, Bcs: 1.131e-03, LOSS: 2.264e-03
[2025-07-17 16:43:15] DEBUG - PINN - Saved weights to log/pinn/weights/Step0_layer0_weight.pth
[2025-07-17 16:43:15] DEBUG - PINN - Switching to L-BFGS optimization...
[2025-07-17 16:45:45] DEBUG - PINN - Saved weights to log/pinn/weights/Step0_layer0_weight.pth
[2025-07-17 16:45:45] DEBUG - PINN - Layer 1 top-corner displacement: [0.2483578771352768, 0.24815304577350616, -0.9978535175323486]
[2025-07-17 16:46:17] DEBUG - PINN - Done. Elapsed time: 70.99 minutes.
