[2025-07-21 21:16:14] DEBUG - PINN_Graph - Using device: cuda
[2025-07-21 21:16:14] INFO - PINN_Graph - Geometry parameters: lx=22.500, ly=22.500, lz=15.000
[2025-07-21 21:16:14] INFO - PINN_Graph - NN architecture layers: GraphSAGE(
  (conv1): SAGEConv(3, 64, aggr=mean)
  (conv2): SAGEConv(64, 64, aggr=mean)
  (conv3): SAGEConv(64, 64, aggr=mean)
  (act): GELU(approximate='none')
  (lin): Linear(in_features=64, out_features=9, bias=True)
)
[2025-07-21 21:16:14] INFO - PINN_Graph - PDE material: E=1.000, nu=0.250
[2025-07-21 21:16:14] INFO - PINN_Graph - Contact BC pressure: -1.000 from layer 11
[2025-07-21 21:16:14] DEBUG - PINN_Graph - Starting Adam training for layer 10 (1000 epochs, lr=1.0e-03)
[2025-07-21 21:16:14] DEBUG - PINN_Graph - Point counts: inside=512, top=256, bottom=256, front=256, back=256, right=256, left=256
[2025-07-21 21:16:14] DEBUG - PINN_Graph - Inside points shape: (512, 3)
[2025-07-21 21:16:14] DEBUG - PINN_Graph - Top points shape:    (256, 3)
[2025-07-21 21:16:14] DEBUG - PINN_Graph - Bottom points shape: (256, 3)
[2025-07-21 21:16:14] DEBUG - PINN_Graph - Front points shape:  (256, 3)
[2025-07-21 21:16:14] DEBUG - PINN_Graph - Back points shape:   (256, 3)
[2025-07-21 21:16:14] DEBUG - PINN_Graph - Right points shape:  (256, 3)
[2025-07-21 21:16:14] DEBUG - PINN_Graph - Left points shape:   (256, 3)
[2025-07-21 21:16:20] DEBUG - PINN_Graph - Epoch 50 PDE terms: [1: 1.302e-04, 2: 1.110e-04, 3: 1.154e-03, 4: 8.129e-04, 5: 9.733e-04, 6: 4.703e-03, 7: 9.680e-05, 8: 1.962e-03, 9: 2.198e-03]
[2025-07-21 21:16:20] DEBUG - PINN_Graph - Epoch  50 boundary top    loss: 2.455e-03 | szz=pressure: 1.370e-03, syz=0: 6.711e-04, szx=0: 4.140e-04
[2025-07-21 21:16:20] DEBUG - PINN_Graph - Epoch  50 boundary front  loss: 5.079e-04 | sxx=0: 2.698e-04, sxy=0: 1.241e-04, szx=0: 1.139e-04
[2025-07-21 21:16:20] DEBUG - PINN_Graph - Epoch  50 boundary back   loss: 7.630e-04 | u=0: 7.766e-05, sxy=0: 3.498e-04, szx=0: 3.355e-04
[2025-07-21 21:16:20] DEBUG - PINN_Graph - Epoch  50 boundary right  loss: 6.114e-04 | syy=0: 4.350e-04, sxy=0: 2.699e-05, syz=0: 1.494e-04
[2025-07-21 21:16:20] DEBUG - PINN_Graph - Epoch  50 boundary left   loss: 8.912e-04 | v=0: 7.250e-05, sxy=0: 1.239e-04, syz=0: 6.948e-04
[2025-07-21 21:16:20] DEBUG - PINN_Graph - Epoch  50 boundary bottom loss: 3.302e-03 | gn=0: 3.648e-04, t1=0: 1.850e-03, t2=0: 1.087e-03
[2025-07-21 21:16:20] DEBUG - PINN_Graph - Epoch 50 TOTALS -> PDE: 1.214e-02, Bcs: 8.530e-03, LOSS: 2.067e-02
[2025-07-21 21:16:25] DEBUG - PINN_Graph - Epoch 100 PDE terms: [1: 8.698e-05, 2: 5.281e-05, 3: 3.512e-04, 4: 1.275e-04, 5: 1.162e-04, 6: 9.237e-04, 7: 6.906e-05, 8: 5.617e-04, 9: 7.573e-04]
[2025-07-21 21:16:25] DEBUG - PINN_Graph - Epoch 100 boundary top    loss: 5.398e-04 | szz=pressure: 4.077e-04, syz=0: 7.245e-05, szx=0: 5.961e-05
[2025-07-21 21:16:25] DEBUG - PINN_Graph - Epoch 100 boundary front  loss: 1.710e-04 | sxx=0: 1.102e-04, sxy=0: 1.807e-05, szx=0: 4.276e-05
[2025-07-21 21:16:25] DEBUG - PINN_Graph - Epoch 100 boundary back   loss: 1.720e-04 | u=0: 3.494e-05, sxy=0: 2.021e-05, szx=0: 1.169e-04
[2025-07-21 21:16:25] DEBUG - PINN_Graph - Epoch 100 boundary right  loss: 1.389e-04 | syy=0: 6.904e-05, sxy=0: 1.192e-05, syz=0: 5.792e-05
[2025-07-21 21:16:25] DEBUG - PINN_Graph - Epoch 100 boundary left   loss: 1.419e-04 | v=0: 2.649e-05, sxy=0: 2.658e-05, syz=0: 8.884e-05
[2025-07-21 21:16:25] DEBUG - PINN_Graph - Epoch 100 boundary bottom loss: 7.366e-04 | gn=0: 7.353e-05, t1=0: 4.255e-04, t2=0: 2.376e-04
[2025-07-21 21:16:25] DEBUG - PINN_Graph - Epoch 100 TOTALS -> PDE: 3.047e-03, Bcs: 1.900e-03, LOSS: 4.947e-03
[2025-07-21 21:16:31] DEBUG - PINN_Graph - Epoch 150 PDE terms: [1: 7.978e-05, 2: 5.220e-05, 3: 2.957e-04, 4: 1.226e-04, 5: 6.773e-05, 6: 2.942e-04, 7: 5.241e-05, 8: 8.119e-05, 9: 1.691e-04]
[2025-07-21 21:16:31] DEBUG - PINN_Graph - Epoch 150 boundary top    loss: 3.983e-04 | szz=pressure: 3.247e-04, syz=0: 4.107e-05, szx=0: 3.258e-05
[2025-07-21 21:16:31] DEBUG - PINN_Graph - Epoch 150 boundary front  loss: 1.798e-04 | sxx=0: 1.397e-04, sxy=0: 2.057e-05, szx=0: 1.947e-05
[2025-07-21 21:16:31] DEBUG - PINN_Graph - Epoch 150 boundary back   loss: 8.451e-05 | u=0: 2.904e-05, sxy=0: 1.168e-05, szx=0: 4.379e-05
[2025-07-21 21:16:31] DEBUG - PINN_Graph - Epoch 150 boundary right  loss: 1.263e-04 | syy=0: 8.185e-05, sxy=0: 1.859e-05, syz=0: 2.581e-05
[2025-07-21 21:16:31] DEBUG - PINN_Graph - Epoch 150 boundary left   loss: 7.720e-05 | v=0: 2.398e-05, sxy=0: 2.704e-05, syz=0: 2.618e-05
[2025-07-21 21:16:31] DEBUG - PINN_Graph - Epoch 150 boundary bottom loss: 7.869e-05 | gn=0: 3.355e-05, t1=0: 4.056e-05, t2=0: 4.577e-06
[2025-07-21 21:16:31] DEBUG - PINN_Graph - Epoch 150 TOTALS -> PDE: 1.215e-03, Bcs: 9.447e-04, LOSS: 2.160e-03
[2025-07-21 21:16:36] DEBUG - PINN_Graph - Epoch 200 PDE terms: [1: 6.762e-05, 2: 4.705e-05, 3: 2.827e-04, 4: 9.364e-05, 5: 5.428e-05, 6: 2.123e-04, 7: 3.426e-05, 8: 3.262e-05, 9: 9.076e-05]
[2025-07-21 21:16:36] DEBUG - PINN_Graph - Epoch 200 boundary top    loss: 3.448e-04 | szz=pressure: 2.810e-04, syz=0: 3.389e-05, szx=0: 2.985e-05
[2025-07-21 21:16:36] DEBUG - PINN_Graph - Epoch 200 boundary front  loss: 1.227e-04 | sxx=0: 9.165e-05, sxy=0: 1.372e-05, szx=0: 1.729e-05
[2025-07-21 21:16:36] DEBUG - PINN_Graph - Epoch 200 boundary back   loss: 5.685e-05 | u=0: 2.117e-05, sxy=0: 7.257e-06, szx=0: 2.842e-05
[2025-07-21 21:16:36] DEBUG - PINN_Graph - Epoch 200 boundary right  loss: 9.560e-05 | syy=0: 6.348e-05, sxy=0: 1.412e-05, syz=0: 1.799e-05
[2025-07-21 21:16:36] DEBUG - PINN_Graph - Epoch 200 boundary left   loss: 5.257e-05 | v=0: 1.834e-05, sxy=0: 1.414e-05, syz=0: 2.010e-05
[2025-07-21 21:16:36] DEBUG - PINN_Graph - Epoch 200 boundary bottom loss: 3.941e-05 | gn=0: 2.548e-05, t1=0: 8.703e-06, t2=0: 5.234e-06
[2025-07-21 21:16:36] DEBUG - PINN_Graph - Epoch 200 TOTALS -> PDE: 9.152e-04, Bcs: 7.119e-04, LOSS: 1.627e-03
[2025-07-21 21:16:41] DEBUG - PINN_Graph - Epoch 250 PDE terms: [1: 5.830e-05, 2: 3.903e-05, 3: 3.054e-04, 4: 8.048e-05, 5: 4.684e-05, 6: 1.676e-04, 7: 2.043e-05, 8: 2.577e-05, 9: 5.059e-05]
[2025-07-21 21:16:41] DEBUG - PINN_Graph - Epoch 250 boundary top    loss: 3.014e-04 | szz=pressure: 2.328e-04, syz=0: 3.568e-05, szx=0: 3.300e-05
[2025-07-21 21:16:41] DEBUG - PINN_Graph - Epoch 250 boundary front  loss: 1.253e-04 | sxx=0: 9.692e-05, sxy=0: 9.193e-06, szx=0: 1.923e-05
[2025-07-21 21:16:41] DEBUG - PINN_Graph - Epoch 250 boundary back   loss: 4.133e-05 | u=0: 1.469e-05, sxy=0: 5.475e-06, szx=0: 2.117e-05
[2025-07-21 21:16:41] DEBUG - PINN_Graph - Epoch 250 boundary right  loss: 8.149e-05 | syy=0: 5.616e-05, sxy=0: 1.105e-05, syz=0: 1.428e-05
[2025-07-21 21:16:41] DEBUG - PINN_Graph - Epoch 250 boundary left   loss: 3.786e-05 | v=0: 1.221e-05, sxy=0: 1.003e-05, syz=0: 1.563e-05
[2025-07-21 21:16:41] DEBUG - PINN_Graph - Epoch 250 boundary bottom loss: 3.073e-05 | gn=0: 1.889e-05, t1=0: 5.884e-06, t2=0: 5.956e-06
[2025-07-21 21:16:41] DEBUG - PINN_Graph - Epoch 250 TOTALS -> PDE: 7.944e-04, Bcs: 6.182e-04, LOSS: 1.413e-03
[2025-07-21 21:16:47] DEBUG - PINN_Graph - Epoch 300 PDE terms: [1: 5.283e-05, 2: 3.650e-05, 3: 2.922e-04, 4: 7.045e-05, 5: 4.842e-05, 6: 1.624e-04, 7: 1.630e-05, 8: 2.037e-05, 9: 4.049e-05]
[2025-07-21 21:16:47] DEBUG - PINN_Graph - Epoch 300 boundary top    loss: 4.063e-04 | szz=pressure: 3.359e-04, syz=0: 3.415e-05, szx=0: 3.627e-05
[2025-07-21 21:16:47] DEBUG - PINN_Graph - Epoch 300 boundary front  loss: 1.128e-04 | sxx=0: 8.364e-05, sxy=0: 8.593e-06, szx=0: 2.055e-05
[2025-07-21 21:16:47] DEBUG - PINN_Graph - Epoch 300 boundary back   loss: 3.251e-05 | u=0: 1.085e-05, sxy=0: 4.368e-06, szx=0: 1.729e-05
[2025-07-21 21:16:47] DEBUG - PINN_Graph - Epoch 300 boundary right  loss: 7.017e-05 | syy=0: 4.686e-05, sxy=0: 7.433e-06, syz=0: 1.588e-05
[2025-07-21 21:16:47] DEBUG - PINN_Graph - Epoch 300 boundary left   loss: 3.141e-05 | v=0: 9.942e-06, sxy=0: 6.395e-06, syz=0: 1.508e-05
[2025-07-21 21:16:47] DEBUG - PINN_Graph - Epoch 300 boundary bottom loss: 2.371e-05 | gn=0: 1.455e-05, t1=0: 3.562e-06, t2=0: 5.603e-06
[2025-07-21 21:16:47] DEBUG - PINN_Graph - Epoch 300 TOTALS -> PDE: 7.400e-04, Bcs: 6.769e-04, LOSS: 1.417e-03
[2025-07-21 21:16:52] DEBUG - PINN_Graph - Epoch 350 PDE terms: [1: 5.233e-05, 2: 3.412e-05, 3: 2.695e-04, 4: 6.585e-05, 5: 4.754e-05, 6: 1.727e-04, 7: 1.339e-05, 8: 2.027e-05, 9: 3.099e-05]
[2025-07-21 21:16:52] DEBUG - PINN_Graph - Epoch 350 boundary top    loss: 3.744e-04 | szz=pressure: 3.068e-04, syz=0: 3.453e-05, szx=0: 3.304e-05
[2025-07-21 21:16:52] DEBUG - PINN_Graph - Epoch 350 boundary front  loss: 1.139e-04 | sxx=0: 8.962e-05, sxy=0: 6.783e-06, szx=0: 1.750e-05
[2025-07-21 21:16:52] DEBUG - PINN_Graph - Epoch 350 boundary back   loss: 2.578e-05 | u=0: 6.792e-06, sxy=0: 3.660e-06, szx=0: 1.533e-05
[2025-07-21 21:16:52] DEBUG - PINN_Graph - Epoch 350 boundary right  loss: 7.725e-05 | syy=0: 5.311e-05, sxy=0: 6.924e-06, syz=0: 1.721e-05
[2025-07-21 21:16:52] DEBUG - PINN_Graph - Epoch 350 boundary left   loss: 2.914e-05 | v=0: 6.506e-06, sxy=0: 7.043e-06, syz=0: 1.559e-05
[2025-07-21 21:16:52] DEBUG - PINN_Graph - Epoch 350 boundary bottom loss: 1.527e-05 | gn=0: 8.594e-06, t1=0: 2.619e-06, t2=0: 4.058e-06
[2025-07-21 21:16:52] DEBUG - PINN_Graph - Epoch 350 TOTALS -> PDE: 7.067e-04, Bcs: 6.357e-04, LOSS: 1.342e-03
[2025-07-21 21:16:57] DEBUG - PINN_Graph - Epoch 400 PDE terms: [1: 5.201e-05, 2: 3.255e-05, 3: 3.080e-04, 4: 5.784e-05, 5: 4.651e-05, 6: 1.660e-04, 7: 1.179e-05, 8: 1.860e-05, 9: 2.793e-05]
[2025-07-21 21:16:57] DEBUG - PINN_Graph - Epoch 400 boundary top    loss: 3.724e-04 | szz=pressure: 3.041e-04, syz=0: 3.165e-05, szx=0: 3.660e-05
[2025-07-21 21:16:57] DEBUG - PINN_Graph - Epoch 400 boundary front  loss: 1.168e-04 | sxx=0: 8.893e-05, sxy=0: 7.402e-06, szx=0: 2.050e-05
[2025-07-21 21:16:57] DEBUG - PINN_Graph - Epoch 400 boundary back   loss: 2.563e-05 | u=0: 6.056e-06, sxy=0: 3.667e-06, szx=0: 1.591e-05
[2025-07-21 21:16:57] DEBUG - PINN_Graph - Epoch 400 boundary right  loss: 6.228e-05 | syy=0: 4.014e-05, sxy=0: 6.292e-06, syz=0: 1.585e-05
[2025-07-21 21:16:57] DEBUG - PINN_Graph - Epoch 400 boundary left   loss: 2.402e-05 | v=0: 4.716e-06, sxy=0: 5.249e-06, syz=0: 1.406e-05
[2025-07-21 21:16:57] DEBUG - PINN_Graph - Epoch 400 boundary bottom loss: 1.277e-05 | gn=0: 7.345e-06, t1=0: 2.344e-06, t2=0: 3.079e-06
[2025-07-21 21:16:57] DEBUG - PINN_Graph - Epoch 400 TOTALS -> PDE: 7.212e-04, Bcs: 6.139e-04, LOSS: 1.335e-03
[2025-07-21 21:17:03] DEBUG - PINN_Graph - Epoch 450 PDE terms: [1: 5.004e-05, 2: 3.216e-05, 3: 2.799e-04, 4: 6.278e-05, 5: 4.468e-05, 6: 1.686e-04, 7: 1.116e-05, 8: 1.703e-05, 9: 2.458e-05]
[2025-07-21 21:17:03] DEBUG - PINN_Graph - Epoch 450 boundary top    loss: 3.768e-04 | szz=pressure: 3.029e-04, syz=0: 3.390e-05, szx=0: 4.003e-05
[2025-07-21 21:17:03] DEBUG - PINN_Graph - Epoch 450 boundary front  loss: 1.145e-04 | sxx=0: 8.660e-05, sxy=0: 8.123e-06, szx=0: 1.973e-05
[2025-07-21 21:17:03] DEBUG - PINN_Graph - Epoch 450 boundary back   loss: 2.322e-05 | u=0: 4.633e-06, sxy=0: 2.806e-06, szx=0: 1.578e-05
[2025-07-21 21:17:03] DEBUG - PINN_Graph - Epoch 450 boundary right  loss: 6.684e-05 | syy=0: 4.546e-05, sxy=0: 5.645e-06, syz=0: 1.574e-05
[2025-07-21 21:17:03] DEBUG - PINN_Graph - Epoch 450 boundary left   loss: 2.200e-05 | v=0: 3.508e-06, sxy=0: 4.815e-06, syz=0: 1.367e-05
[2025-07-21 21:17:03] DEBUG - PINN_Graph - Epoch 450 boundary bottom loss: 8.824e-06 | gn=0: 4.839e-06, t1=0: 1.698e-06, t2=0: 2.287e-06
[2025-07-21 21:17:03] DEBUG - PINN_Graph - Epoch 450 TOTALS -> PDE: 6.910e-04, Bcs: 6.121e-04, LOSS: 1.303e-03
[2025-07-21 21:17:09] DEBUG - PINN_Graph - Epoch 500 PDE terms: [1: 4.597e-05, 2: 3.201e-05, 3: 2.725e-04, 4: 5.689e-05, 5: 4.305e-05, 6: 1.491e-04, 7: 9.777e-06, 8: 1.745e-05, 9: 2.208e-05]
[2025-07-21 21:17:09] DEBUG - PINN_Graph - Epoch 500 boundary top    loss: 3.551e-04 | szz=pressure: 2.832e-04, syz=0: 3.367e-05, szx=0: 3.829e-05
[2025-07-21 21:17:09] DEBUG - PINN_Graph - Epoch 500 boundary front  loss: 1.036e-04 | sxx=0: 7.677e-05, sxy=0: 7.334e-06, szx=0: 1.952e-05
[2025-07-21 21:17:09] DEBUG - PINN_Graph - Epoch 500 boundary back   loss: 2.077e-05 | u=0: 4.668e-06, sxy=0: 3.137e-06, szx=0: 1.296e-05
[2025-07-21 21:17:09] DEBUG - PINN_Graph - Epoch 500 boundary right  loss: 6.238e-05 | syy=0: 4.190e-05, sxy=0: 6.146e-06, syz=0: 1.433e-05
[2025-07-21 21:17:09] DEBUG - PINN_Graph - Epoch 500 boundary left   loss: 2.259e-05 | v=0: 3.829e-06, sxy=0: 4.501e-06, syz=0: 1.426e-05
[2025-07-21 21:17:09] DEBUG - PINN_Graph - Epoch 500 boundary bottom loss: 8.488e-06 | gn=0: 4.434e-06, t1=0: 2.065e-06, t2=0: 1.989e-06
[2025-07-21 21:17:09] DEBUG - PINN_Graph - Epoch 500 TOTALS -> PDE: 6.488e-04, Bcs: 5.730e-04, LOSS: 1.222e-03
[2025-07-21 21:17:15] DEBUG - PINN_Graph - Epoch 550 PDE terms: [1: 4.792e-05, 2: 3.157e-05, 3: 2.822e-04, 4: 6.238e-05, 5: 4.783e-05, 6: 1.638e-04, 7: 1.001e-05, 8: 1.763e-05, 9: 2.155e-05]
[2025-07-21 21:17:15] DEBUG - PINN_Graph - Epoch 550 boundary top    loss: 3.845e-04 | szz=pressure: 3.136e-04, syz=0: 3.321e-05, szx=0: 3.773e-05
[2025-07-21 21:17:15] DEBUG - PINN_Graph - Epoch 550 boundary front  loss: 9.983e-05 | sxx=0: 7.474e-05, sxy=0: 8.303e-06, szx=0: 1.678e-05
[2025-07-21 21:17:15] DEBUG - PINN_Graph - Epoch 550 boundary back   loss: 2.167e-05 | u=0: 3.154e-06, sxy=0: 2.878e-06, szx=0: 1.564e-05
[2025-07-21 21:17:15] DEBUG - PINN_Graph - Epoch 550 boundary right  loss: 6.700e-05 | syy=0: 4.788e-05, sxy=0: 5.809e-06, syz=0: 1.331e-05
[2025-07-21 21:17:15] DEBUG - PINN_Graph - Epoch 550 boundary left   loss: 1.947e-05 | v=0: 2.630e-06, sxy=0: 3.714e-06, syz=0: 1.312e-05
[2025-07-21 21:17:15] DEBUG - PINN_Graph - Epoch 550 boundary bottom loss: 6.886e-06 | gn=0: 4.602e-06, t1=0: 1.083e-06, t2=0: 1.201e-06
[2025-07-21 21:17:15] DEBUG - PINN_Graph - Epoch 550 TOTALS -> PDE: 6.848e-04, Bcs: 5.994e-04, LOSS: 1.284e-03
[2025-07-21 21:17:21] DEBUG - PINN_Graph - Epoch 600 PDE terms: [1: 4.633e-05, 2: 3.161e-05, 3: 2.839e-04, 4: 6.115e-05, 5: 4.990e-05, 6: 1.792e-04, 7: 1.028e-05, 8: 1.872e-05, 9: 2.137e-05]
[2025-07-21 21:17:21] DEBUG - PINN_Graph - Epoch 600 boundary top    loss: 3.780e-04 | szz=pressure: 3.139e-04, syz=0: 3.360e-05, szx=0: 3.046e-05
[2025-07-21 21:17:21] DEBUG - PINN_Graph - Epoch 600 boundary front  loss: 1.047e-04 | sxx=0: 7.597e-05, sxy=0: 6.478e-06, szx=0: 2.223e-05
[2025-07-21 21:17:21] DEBUG - PINN_Graph - Epoch 600 boundary back   loss: 1.955e-05 | u=0: 2.789e-06, sxy=0: 2.617e-06, szx=0: 1.414e-05
[2025-07-21 21:17:21] DEBUG - PINN_Graph - Epoch 600 boundary right  loss: 7.264e-05 | syy=0: 5.047e-05, sxy=0: 6.146e-06, syz=0: 1.603e-05
[2025-07-21 21:17:21] DEBUG - PINN_Graph - Epoch 600 boundary left   loss: 2.349e-05 | v=0: 2.911e-06, sxy=0: 3.915e-06, syz=0: 1.666e-05
[2025-07-21 21:17:21] DEBUG - PINN_Graph - Epoch 600 boundary bottom loss: 5.619e-06 | gn=0: 3.526e-06, t1=0: 1.085e-06, t2=0: 1.008e-06
[2025-07-21 21:17:21] DEBUG - PINN_Graph - Epoch 600 TOTALS -> PDE: 7.025e-04, Bcs: 6.040e-04, LOSS: 1.306e-03
[2025-07-21 21:17:27] DEBUG - PINN_Graph - Epoch 650 PDE terms: [1: 4.644e-05, 2: 2.934e-05, 3: 2.905e-04, 4: 5.635e-05, 5: 4.041e-05, 6: 1.489e-04, 7: 9.145e-06, 8: 1.828e-05, 9: 2.174e-05]
[2025-07-21 21:17:27] DEBUG - PINN_Graph - Epoch 650 boundary top    loss: 3.170e-04 | szz=pressure: 2.462e-04, syz=0: 3.191e-05, szx=0: 3.883e-05
[2025-07-21 21:17:27] DEBUG - PINN_Graph - Epoch 650 boundary front  loss: 1.085e-04 | sxx=0: 8.103e-05, sxy=0: 7.829e-06, szx=0: 1.964e-05
[2025-07-21 21:17:27] DEBUG - PINN_Graph - Epoch 650 boundary back   loss: 2.038e-05 | u=0: 2.260e-06, sxy=0: 3.100e-06, szx=0: 1.502e-05
[2025-07-21 21:17:27] DEBUG - PINN_Graph - Epoch 650 boundary right  loss: 5.958e-05 | syy=0: 3.766e-05, sxy=0: 6.346e-06, syz=0: 1.557e-05
[2025-07-21 21:17:27] DEBUG - PINN_Graph - Epoch 650 boundary left   loss: 2.140e-05 | v=0: 1.831e-06, sxy=0: 4.722e-06, syz=0: 1.484e-05
[2025-07-21 21:17:27] DEBUG - PINN_Graph - Epoch 650 boundary bottom loss: 4.918e-06 | gn=0: 2.901e-06, t1=0: 1.283e-06, t2=0: 7.342e-07
[2025-07-21 21:17:27] DEBUG - PINN_Graph - Epoch 650 TOTALS -> PDE: 6.611e-04, Bcs: 5.318e-04, LOSS: 1.193e-03
[2025-07-21 21:17:33] DEBUG - PINN_Graph - Epoch 700 PDE terms: [1: 4.244e-05, 2: 3.220e-05, 3: 2.875e-04, 4: 5.560e-05, 5: 4.142e-05, 6: 1.483e-04, 7: 9.393e-06, 8: 1.812e-05, 9: 2.055e-05]
[2025-07-21 21:17:33] DEBUG - PINN_Graph - Epoch 700 boundary top    loss: 4.060e-04 | szz=pressure: 3.381e-04, syz=0: 3.604e-05, szx=0: 3.189e-05
[2025-07-21 21:17:33] DEBUG - PINN_Graph - Epoch 700 boundary front  loss: 1.021e-04 | sxx=0: 7.504e-05, sxy=0: 7.557e-06, szx=0: 1.946e-05
[2025-07-21 21:17:33] DEBUG - PINN_Graph - Epoch 700 boundary back   loss: 1.852e-05 | u=0: 2.329e-06, sxy=0: 2.692e-06, szx=0: 1.350e-05
[2025-07-21 21:17:33] DEBUG - PINN_Graph - Epoch 700 boundary right  loss: 6.719e-05 | syy=0: 4.612e-05, sxy=0: 6.767e-06, syz=0: 1.431e-05
[2025-07-21 21:17:33] DEBUG - PINN_Graph - Epoch 700 boundary left   loss: 2.158e-05 | v=0: 1.512e-06, sxy=0: 4.379e-06, syz=0: 1.569e-05
[2025-07-21 21:17:33] DEBUG - PINN_Graph - Epoch 700 boundary bottom loss: 4.603e-06 | gn=0: 2.260e-06, t1=0: 1.672e-06, t2=0: 6.715e-07
[2025-07-21 21:17:33] DEBUG - PINN_Graph - Epoch 700 TOTALS -> PDE: 6.555e-04, Bcs: 6.199e-04, LOSS: 1.275e-03
[2025-07-21 21:17:40] DEBUG - PINN_Graph - Epoch 750 PDE terms: [1: 4.264e-05, 2: 2.969e-05, 3: 2.786e-04, 4: 6.044e-05, 5: 5.005e-05, 6: 1.718e-04, 7: 8.497e-06, 8: 1.649e-05, 9: 1.961e-05]
[2025-07-21 21:17:40] DEBUG - PINN_Graph - Epoch 750 boundary top    loss: 3.817e-04 | szz=pressure: 3.037e-04, syz=0: 3.498e-05, szx=0: 4.305e-05
[2025-07-21 21:17:40] DEBUG - PINN_Graph - Epoch 750 boundary front  loss: 1.150e-04 | sxx=0: 8.842e-05, sxy=0: 8.583e-06, szx=0: 1.802e-05
[2025-07-21 21:17:40] DEBUG - PINN_Graph - Epoch 750 boundary back   loss: 1.969e-05 | u=0: 2.611e-06, sxy=0: 2.629e-06, szx=0: 1.445e-05
[2025-07-21 21:17:40] DEBUG - PINN_Graph - Epoch 750 boundary right  loss: 6.795e-05 | syy=0: 4.749e-05, sxy=0: 6.328e-06, syz=0: 1.413e-05
[2025-07-21 21:17:40] DEBUG - PINN_Graph - Epoch 750 boundary left   loss: 1.868e-05 | v=0: 1.278e-06, sxy=0: 3.997e-06, syz=0: 1.340e-05
[2025-07-21 21:17:40] DEBUG - PINN_Graph - Epoch 750 boundary bottom loss: 3.478e-06 | gn=0: 1.539e-06, t1=0: 1.107e-06, t2=0: 8.320e-07
[2025-07-21 21:17:40] DEBUG - PINN_Graph - Epoch 750 TOTALS -> PDE: 6.778e-04, Bcs: 6.065e-04, LOSS: 1.284e-03
[2025-07-21 21:17:46] DEBUG - PINN_Graph - Epoch 800 PDE terms: [1: 4.389e-05, 2: 2.916e-05, 3: 2.731e-04, 4: 5.112e-05, 5: 3.506e-05, 6: 1.343e-04, 7: 8.669e-06, 8: 1.732e-05, 9: 1.851e-05]
[2025-07-21 21:17:46] DEBUG - PINN_Graph - Epoch 800 boundary top    loss: 3.387e-04 | szz=pressure: 2.703e-04, syz=0: 3.084e-05, szx=0: 3.755e-05
[2025-07-21 21:17:46] DEBUG - PINN_Graph - Epoch 800 boundary front  loss: 9.606e-05 | sxx=0: 6.849e-05, sxy=0: 7.377e-06, szx=0: 2.019e-05
[2025-07-21 21:17:46] DEBUG - PINN_Graph - Epoch 800 boundary back   loss: 1.538e-05 | u=0: 1.741e-06, sxy=0: 2.398e-06, szx=0: 1.124e-05
[2025-07-21 21:17:46] DEBUG - PINN_Graph - Epoch 800 boundary right  loss: 6.327e-05 | syy=0: 3.933e-05, sxy=0: 6.040e-06, syz=0: 1.790e-05
[2025-07-21 21:17:46] DEBUG - PINN_Graph - Epoch 800 boundary left   loss: 1.970e-05 | v=0: 1.467e-06, sxy=0: 4.458e-06, syz=0: 1.378e-05
[2025-07-21 21:17:46] DEBUG - PINN_Graph - Epoch 800 boundary bottom loss: 3.132e-06 | gn=0: 1.637e-06, t1=0: 9.054e-07, t2=0: 5.897e-07
[2025-07-21 21:17:46] DEBUG - PINN_Graph - Epoch 800 TOTALS -> PDE: 6.111e-04, Bcs: 5.362e-04, LOSS: 1.147e-03
[2025-07-21 21:17:52] DEBUG - PINN_Graph - Epoch 850 PDE terms: [1: 3.973e-05, 2: 2.800e-05, 3: 2.925e-04, 4: 5.206e-05, 5: 3.780e-05, 6: 1.387e-04, 7: 7.394e-06, 8: 1.667e-05, 9: 1.819e-05]
[2025-07-21 21:17:52] DEBUG - PINN_Graph - Epoch 850 boundary top    loss: 3.406e-04 | szz=pressure: 2.742e-04, syz=0: 2.974e-05, szx=0: 3.662e-05
[2025-07-21 21:17:52] DEBUG - PINN_Graph - Epoch 850 boundary front  loss: 9.949e-05 | sxx=0: 7.321e-05, sxy=0: 6.621e-06, szx=0: 1.966e-05
[2025-07-21 21:17:52] DEBUG - PINN_Graph - Epoch 850 boundary back   loss: 1.294e-05 | u=0: 1.171e-06, sxy=0: 2.699e-06, szx=0: 9.066e-06
[2025-07-21 21:17:52] DEBUG - PINN_Graph - Epoch 850 boundary right  loss: 6.291e-05 | syy=0: 4.336e-05, sxy=0: 6.002e-06, syz=0: 1.355e-05
[2025-07-21 21:17:52] DEBUG - PINN_Graph - Epoch 850 boundary left   loss: 1.938e-05 | v=0: 1.805e-06, sxy=0: 4.146e-06, syz=0: 1.343e-05
[2025-07-21 21:17:52] DEBUG - PINN_Graph - Epoch 850 boundary bottom loss: 2.738e-06 | gn=0: 1.787e-06, t1=0: 6.054e-07, t2=0: 3.456e-07
[2025-07-21 21:17:52] DEBUG - PINN_Graph - Epoch 850 TOTALS -> PDE: 6.310e-04, Bcs: 5.380e-04, LOSS: 1.169e-03
[2025-07-21 21:17:58] DEBUG - PINN_Graph - Epoch 900 PDE terms: [1: 4.487e-05, 2: 2.687e-05, 3: 2.754e-04, 4: 5.241e-05, 5: 3.889e-05, 6: 1.356e-04, 7: 8.092e-06, 8: 1.528e-05, 9: 1.858e-05]
[2025-07-21 21:17:58] DEBUG - PINN_Graph - Epoch 900 boundary top    loss: 3.553e-04 | szz=pressure: 2.781e-04, syz=0: 4.199e-05, szx=0: 3.516e-05
[2025-07-21 21:17:58] DEBUG - PINN_Graph - Epoch 900 boundary front  loss: 8.538e-05 | sxx=0: 6.202e-05, sxy=0: 7.239e-06, szx=0: 1.613e-05
[2025-07-21 21:17:58] DEBUG - PINN_Graph - Epoch 900 boundary back   loss: 1.577e-05 | u=0: 1.005e-06, sxy=0: 2.295e-06, szx=0: 1.247e-05
[2025-07-21 21:17:58] DEBUG - PINN_Graph - Epoch 900 boundary right  loss: 6.801e-05 | syy=0: 4.489e-05, sxy=0: 6.119e-06, syz=0: 1.700e-05
[2025-07-21 21:17:58] DEBUG - PINN_Graph - Epoch 900 boundary left   loss: 1.881e-05 | v=0: 7.419e-07, sxy=0: 3.929e-06, syz=0: 1.414e-05
[2025-07-21 21:17:58] DEBUG - PINN_Graph - Epoch 900 boundary bottom loss: 2.898e-06 | gn=0: 1.483e-06, t1=0: 7.510e-07, t2=0: 6.637e-07
[2025-07-21 21:17:58] DEBUG - PINN_Graph - Epoch 900 TOTALS -> PDE: 6.159e-04, Bcs: 5.461e-04, LOSS: 1.162e-03
[2025-07-21 21:18:04] DEBUG - PINN_Graph - Epoch 950 PDE terms: [1: 4.293e-05, 2: 2.919e-05, 3: 2.776e-04, 4: 5.721e-05, 5: 4.151e-05, 6: 1.365e-04, 7: 8.021e-06, 8: 1.611e-05, 9: 1.920e-05]
[2025-07-21 21:18:04] DEBUG - PINN_Graph - Epoch 950 boundary top    loss: 3.540e-04 | szz=pressure: 2.895e-04, syz=0: 3.008e-05, szx=0: 3.443e-05
[2025-07-21 21:18:04] DEBUG - PINN_Graph - Epoch 950 boundary front  loss: 1.059e-04 | sxx=0: 7.434e-05, sxy=0: 7.934e-06, szx=0: 2.360e-05
[2025-07-21 21:18:04] DEBUG - PINN_Graph - Epoch 950 boundary back   loss: 1.627e-05 | u=0: 1.103e-06, sxy=0: 2.006e-06, szx=0: 1.316e-05
[2025-07-21 21:18:04] DEBUG - PINN_Graph - Epoch 950 boundary right  loss: 5.993e-05 | syy=0: 3.983e-05, sxy=0: 5.149e-06, syz=0: 1.496e-05
[2025-07-21 21:18:04] DEBUG - PINN_Graph - Epoch 950 boundary left   loss: 1.989e-05 | v=0: 6.749e-07, sxy=0: 4.031e-06, syz=0: 1.519e-05
[2025-07-21 21:18:04] DEBUG - PINN_Graph - Epoch 950 boundary bottom loss: 2.071e-06 | gn=0: 1.142e-06, t1=0: 7.375e-07, t2=0: 1.911e-07
[2025-07-21 21:18:04] DEBUG - PINN_Graph - Epoch 950 TOTALS -> PDE: 6.283e-04, Bcs: 5.581e-04, LOSS: 1.186e-03
[2025-07-21 21:18:10] DEBUG - PINN_Graph - Epoch 1000 PDE terms: [1: 3.999e-05, 2: 2.961e-05, 3: 2.828e-04, 4: 5.252e-05, 5: 3.589e-05, 6: 1.350e-04, 7: 8.303e-06, 8: 1.573e-05, 9: 1.779e-05]
[2025-07-21 21:18:10] DEBUG - PINN_Graph - Epoch 1000 boundary top    loss: 3.754e-04 | szz=pressure: 3.139e-04, syz=0: 3.226e-05, szx=0: 2.925e-05
[2025-07-21 21:18:10] DEBUG - PINN_Graph - Epoch 1000 boundary front  loss: 1.104e-04 | sxx=0: 8.461e-05, sxy=0: 7.879e-06, szx=0: 1.791e-05
[2025-07-21 21:18:10] DEBUG - PINN_Graph - Epoch 1000 boundary back   loss: 1.498e-05 | u=0: 9.460e-07, sxy=0: 2.600e-06, szx=0: 1.144e-05
[2025-07-21 21:18:10] DEBUG - PINN_Graph - Epoch 1000 boundary right  loss: 5.431e-05 | syy=0: 3.462e-05, sxy=0: 6.019e-06, syz=0: 1.367e-05
[2025-07-21 21:18:10] DEBUG - PINN_Graph - Epoch 1000 boundary left   loss: 2.037e-05 | v=0: 5.658e-07, sxy=0: 3.910e-06, syz=0: 1.589e-05
[2025-07-21 21:18:10] DEBUG - PINN_Graph - Epoch 1000 boundary bottom loss: 2.014e-06 | gn=0: 9.369e-07, t1=0: 6.513e-07, t2=0: 4.257e-07
[2025-07-21 21:18:10] DEBUG - PINN_Graph - Epoch 1000 TOTALS -> PDE: 6.177e-04, Bcs: 5.774e-04, LOSS: 1.195e-03
[2025-07-21 21:18:10] DEBUG - PINN_Graph - Saved weights to log/graph/weights/Step0_layer10_weight.pth
[2025-07-21 21:18:10] DEBUG - PINN_Graph - Switching to L-BFGS optimization...
[2025-07-21 21:18:11] DEBUG - PINN_Graph - Saved weights to log/graph/weights/Step0_layer10_weight.pth
[2025-07-21 21:18:11] DEBUG - PINN_Graph - Layer 11 top-corner displacement: [0.2334648072719574, 0.23370403051376343, -1.003401756286621]
[2025-07-21 21:18:11] INFO - PINN_Graph - Contact BC pressure: -1.003 from layer 10
[2025-07-21 21:18:11] DEBUG - PINN_Graph - Starting Adam training for layer 9 (1000 epochs, lr=1.0e-03)
[2025-07-21 21:18:11] DEBUG - PINN_Graph - Point counts: inside=512, top=256, bottom=256, front=256, back=256, right=256, left=256
[2025-07-21 21:18:11] DEBUG - PINN_Graph - Inside points shape: (512, 3)
[2025-07-21 21:18:11] DEBUG - PINN_Graph - Top points shape:    (256, 3)
[2025-07-21 21:18:11] DEBUG - PINN_Graph - Bottom points shape: (256, 3)
[2025-07-21 21:18:11] DEBUG - PINN_Graph - Front points shape:  (256, 3)
[2025-07-21 21:18:11] DEBUG - PINN_Graph - Back points shape:   (256, 3)
[2025-07-21 21:18:11] DEBUG - PINN_Graph - Right points shape:  (256, 3)
[2025-07-21 21:18:11] DEBUG - PINN_Graph - Left points shape:   (256, 3)
[2025-07-21 21:18:16] DEBUG - PINN_Graph - Epoch 50 PDE terms: [1: 6.285e-05, 2: 2.708e-05, 3: 3.128e-04, 4: 7.857e-05, 5: 6.201e-05, 6: 1.842e-04, 7: 3.444e-05, 8: 4.514e-05, 9: 3.164e-05]
[2025-07-21 21:18:16] DEBUG - PINN_Graph - Epoch  50 boundary top    loss: 4.115e-04 | szz=pressure: 3.465e-04, syz=0: 3.306e-05, szx=0: 3.193e-05
[2025-07-21 21:18:16] DEBUG - PINN_Graph - Epoch  50 boundary front  loss: 1.139e-04 | sxx=0: 8.112e-05, sxy=0: 8.414e-06, szx=0: 2.441e-05
[2025-07-21 21:18:16] DEBUG - PINN_Graph - Epoch  50 boundary back   loss: 1.838e-05 | u=0: 1.896e-06, sxy=0: 2.449e-06, szx=0: 1.404e-05
[2025-07-21 21:18:16] DEBUG - PINN_Graph - Epoch  50 boundary right  loss: 7.309e-05 | syy=0: 4.923e-05, sxy=0: 4.738e-06, syz=0: 1.912e-05
[2025-07-21 21:18:16] DEBUG - PINN_Graph - Epoch  50 boundary left   loss: 1.694e-05 | v=0: 2.996e-06, sxy=0: 4.107e-06, syz=0: 9.834e-06
[2025-07-21 21:18:16] DEBUG - PINN_Graph - Epoch  50 boundary bottom loss: 3.704e-05 | gn=0: 4.723e-06, t1=0: 1.402e-05, t2=0: 1.830e-05
[2025-07-21 21:18:16] DEBUG - PINN_Graph - Epoch 50 TOTALS -> PDE: 8.387e-04, Bcs: 6.709e-04, LOSS: 1.510e-03
[2025-07-21 21:18:22] DEBUG - PINN_Graph - Epoch 100 PDE terms: [1: 3.661e-05, 2: 2.513e-05, 3: 2.476e-04, 4: 4.635e-05, 5: 3.337e-05, 6: 1.238e-04, 7: 7.070e-06, 8: 1.787e-05, 9: 1.848e-05]
[2025-07-21 21:18:22] DEBUG - PINN_Graph - Epoch 100 boundary top    loss: 3.624e-04 | szz=pressure: 2.930e-04, syz=0: 3.617e-05, szx=0: 3.321e-05
[2025-07-21 21:18:22] DEBUG - PINN_Graph - Epoch 100 boundary front  loss: 8.569e-05 | sxx=0: 6.096e-05, sxy=0: 7.261e-06, szx=0: 1.747e-05
[2025-07-21 21:18:22] DEBUG - PINN_Graph - Epoch 100 boundary back   loss: 1.483e-05 | u=0: 1.547e-06, sxy=0: 2.207e-06, szx=0: 1.107e-05
[2025-07-21 21:18:22] DEBUG - PINN_Graph - Epoch 100 boundary right  loss: 5.204e-05 | syy=0: 3.494e-05, sxy=0: 4.926e-06, syz=0: 1.217e-05
[2025-07-21 21:18:22] DEBUG - PINN_Graph - Epoch 100 boundary left   loss: 1.672e-05 | v=0: 1.067e-06, sxy=0: 4.372e-06, syz=0: 1.128e-05
[2025-07-21 21:18:22] DEBUG - PINN_Graph - Epoch 100 boundary bottom loss: 2.511e-06 | gn=0: 9.164e-07, t1=0: 1.011e-06, t2=0: 5.833e-07
[2025-07-21 21:18:22] DEBUG - PINN_Graph - Epoch 100 TOTALS -> PDE: 5.563e-04, Bcs: 5.342e-04, LOSS: 1.090e-03
[2025-07-21 21:18:28] DEBUG - PINN_Graph - Epoch 150 PDE terms: [1: 3.554e-05, 2: 2.483e-05, 3: 2.639e-04, 4: 4.899e-05, 5: 3.526e-05, 6: 1.383e-04, 7: 6.346e-06, 8: 1.624e-05, 9: 1.817e-05]
[2025-07-21 21:18:28] DEBUG - PINN_Graph - Epoch 150 boundary top    loss: 4.109e-04 | szz=pressure: 3.380e-04, syz=0: 3.071e-05, szx=0: 4.225e-05
[2025-07-21 21:18:28] DEBUG - PINN_Graph - Epoch 150 boundary front  loss: 1.008e-04 | sxx=0: 7.568e-05, sxy=0: 6.934e-06, szx=0: 1.822e-05
[2025-07-21 21:18:28] DEBUG - PINN_Graph - Epoch 150 boundary back   loss: 1.319e-05 | u=0: 9.403e-07, sxy=0: 2.472e-06, szx=0: 9.782e-06
[2025-07-21 21:18:28] DEBUG - PINN_Graph - Epoch 150 boundary right  loss: 5.541e-05 | syy=0: 3.485e-05, sxy=0: 4.758e-06, syz=0: 1.580e-05
[2025-07-21 21:18:28] DEBUG - PINN_Graph - Epoch 150 boundary left   loss: 1.483e-05 | v=0: 8.478e-07, sxy=0: 3.559e-06, syz=0: 1.043e-05
[2025-07-21 21:18:28] DEBUG - PINN_Graph - Epoch 150 boundary bottom loss: 1.861e-06 | gn=0: 6.736e-07, t1=0: 7.609e-07, t2=0: 4.269e-07
[2025-07-21 21:18:28] DEBUG - PINN_Graph - Epoch 150 TOTALS -> PDE: 5.876e-04, Bcs: 5.971e-04, LOSS: 1.185e-03
[2025-07-21 21:18:33] DEBUG - PINN_Graph - Epoch 200 PDE terms: [1: 3.593e-05, 2: 2.260e-05, 3: 2.750e-04, 4: 4.186e-05, 5: 3.151e-05, 6: 1.193e-04, 7: 6.842e-06, 8: 1.694e-05, 9: 1.797e-05]
[2025-07-21 21:18:34] DEBUG - PINN_Graph - Epoch 200 boundary top    loss: 3.409e-04 | szz=pressure: 2.608e-04, syz=0: 3.423e-05, szx=0: 4.584e-05
[2025-07-21 21:18:34] DEBUG - PINN_Graph - Epoch 200 boundary front  loss: 7.803e-05 | sxx=0: 5.730e-05, sxy=0: 7.317e-06, szx=0: 1.341e-05
[2025-07-21 21:18:34] DEBUG - PINN_Graph - Epoch 200 boundary back   loss: 1.485e-05 | u=0: 1.010e-06, sxy=0: 2.172e-06, szx=0: 1.166e-05
[2025-07-21 21:18:34] DEBUG - PINN_Graph - Epoch 200 boundary right  loss: 5.265e-05 | syy=0: 3.320e-05, sxy=0: 5.036e-06, syz=0: 1.441e-05
[2025-07-21 21:18:34] DEBUG - PINN_Graph - Epoch 200 boundary left   loss: 1.587e-05 | v=0: 5.584e-07, sxy=0: 3.857e-06, syz=0: 1.145e-05
[2025-07-21 21:18:34] DEBUG - PINN_Graph - Epoch 200 boundary bottom loss: 1.676e-06 | gn=0: 6.481e-07, t1=0: 6.826e-07, t2=0: 3.454e-07
[2025-07-21 21:18:34] DEBUG - PINN_Graph - Epoch 200 TOTALS -> PDE: 5.680e-04, Bcs: 5.040e-04, LOSS: 1.072e-03
[2025-07-21 21:18:39] DEBUG - PINN_Graph - Epoch 250 PDE terms: [1: 3.628e-05, 2: 2.472e-05, 3: 2.526e-04, 4: 5.096e-05, 5: 3.612e-05, 6: 1.308e-04, 7: 6.590e-06, 8: 1.551e-05, 9: 1.732e-05]
[2025-07-21 21:18:39] DEBUG - PINN_Graph - Epoch 250 boundary top    loss: 3.611e-04 | szz=pressure: 2.949e-04, syz=0: 3.248e-05, szx=0: 3.373e-05
[2025-07-21 21:18:39] DEBUG - PINN_Graph - Epoch 250 boundary front  loss: 9.309e-05 | sxx=0: 6.903e-05, sxy=0: 8.019e-06, szx=0: 1.604e-05
[2025-07-21 21:18:39] DEBUG - PINN_Graph - Epoch 250 boundary back   loss: 1.464e-05 | u=0: 8.499e-07, sxy=0: 2.697e-06, szx=0: 1.110e-05
[2025-07-21 21:18:39] DEBUG - PINN_Graph - Epoch 250 boundary right  loss: 6.043e-05 | syy=0: 3.894e-05, sxy=0: 5.603e-06, syz=0: 1.588e-05
[2025-07-21 21:18:39] DEBUG - PINN_Graph - Epoch 250 boundary left   loss: 1.656e-05 | v=0: 7.196e-07, sxy=0: 3.189e-06, syz=0: 1.265e-05
[2025-07-21 21:18:39] DEBUG - PINN_Graph - Epoch 250 boundary bottom loss: 1.602e-06 | gn=0: 6.375e-07, t1=0: 7.443e-07, t2=0: 2.205e-07
[2025-07-21 21:18:39] DEBUG - PINN_Graph - Epoch 250 TOTALS -> PDE: 5.709e-04, Bcs: 5.474e-04, LOSS: 1.118e-03
[2025-07-21 21:18:45] DEBUG - PINN_Graph - Epoch 300 PDE terms: [1: 3.655e-05, 2: 2.520e-05, 3: 2.533e-04, 4: 4.634e-05, 5: 3.466e-05, 6: 1.246e-04, 7: 6.473e-06, 8: 1.576e-05, 9: 1.709e-05]
[2025-07-21 21:18:45] DEBUG - PINN_Graph - Epoch 300 boundary top    loss: 3.676e-04 | szz=pressure: 3.022e-04, syz=0: 3.028e-05, szx=0: 3.503e-05
[2025-07-21 21:18:45] DEBUG - PINN_Graph - Epoch 300 boundary front  loss: 8.329e-05 | sxx=0: 5.831e-05, sxy=0: 6.974e-06, szx=0: 1.801e-05
[2025-07-21 21:18:45] DEBUG - PINN_Graph - Epoch 300 boundary back   loss: 1.481e-05 | u=0: 6.625e-07, sxy=0: 2.282e-06, szx=0: 1.187e-05
[2025-07-21 21:18:45] DEBUG - PINN_Graph - Epoch 300 boundary right  loss: 6.572e-05 | syy=0: 4.618e-05, sxy=0: 4.970e-06, syz=0: 1.457e-05
[2025-07-21 21:18:45] DEBUG - PINN_Graph - Epoch 300 boundary left   loss: 1.318e-05 | v=0: 3.950e-07, sxy=0: 3.548e-06, syz=0: 9.236e-06
[2025-07-21 21:18:45] DEBUG - PINN_Graph - Epoch 300 boundary bottom loss: 1.405e-06 | gn=0: 7.757e-07, t1=0: 4.818e-07, t2=0: 1.475e-07
[2025-07-21 21:18:45] DEBUG - PINN_Graph - Epoch 300 TOTALS -> PDE: 5.599e-04, Bcs: 5.460e-04, LOSS: 1.106e-03
[2025-07-21 21:18:51] DEBUG - PINN_Graph - Epoch 350 PDE terms: [1: 3.422e-05, 2: 2.366e-05, 3: 2.735e-04, 4: 4.632e-05, 5: 3.288e-05, 6: 1.248e-04, 7: 5.937e-06, 8: 1.603e-05, 9: 1.736e-05]
[2025-07-21 21:18:51] DEBUG - PINN_Graph - Epoch 350 boundary top    loss: 4.077e-04 | szz=pressure: 3.368e-04, syz=0: 3.059e-05, szx=0: 4.030e-05
[2025-07-21 21:18:51] DEBUG - PINN_Graph - Epoch 350 boundary front  loss: 9.650e-05 | sxx=0: 6.730e-05, sxy=0: 7.864e-06, szx=0: 2.134e-05
[2025-07-21 21:18:51] DEBUG - PINN_Graph - Epoch 350 boundary back   loss: 1.322e-05 | u=0: 6.816e-07, sxy=0: 2.048e-06, szx=0: 1.049e-05
[2025-07-21 21:18:51] DEBUG - PINN_Graph - Epoch 350 boundary right  loss: 6.007e-05 | syy=0: 4.043e-05, sxy=0: 4.946e-06, syz=0: 1.469e-05
[2025-07-21 21:18:51] DEBUG - PINN_Graph - Epoch 350 boundary left   loss: 1.742e-05 | v=0: 5.108e-07, sxy=0: 3.743e-06, syz=0: 1.316e-05
[2025-07-21 21:18:51] DEBUG - PINN_Graph - Epoch 350 boundary bottom loss: 1.056e-06 | gn=0: 5.238e-07, t1=0: 3.803e-07, t2=0: 1.522e-07
[2025-07-21 21:18:51] DEBUG - PINN_Graph - Epoch 350 TOTALS -> PDE: 5.747e-04, Bcs: 5.959e-04, LOSS: 1.171e-03
[2025-07-21 21:18:57] DEBUG - PINN_Graph - Epoch 400 PDE terms: [1: 3.513e-05, 2: 2.375e-05, 3: 2.596e-04, 4: 5.151e-05, 5: 3.582e-05, 6: 1.431e-04, 7: 6.684e-06, 8: 1.662e-05, 9: 1.699e-05]
[2025-07-21 21:18:57] DEBUG - PINN_Graph - Epoch 400 boundary top    loss: 3.839e-04 | szz=pressure: 3.154e-04, syz=0: 3.275e-05, szx=0: 3.574e-05
[2025-07-21 21:18:57] DEBUG - PINN_Graph - Epoch 400 boundary front  loss: 9.250e-05 | sxx=0: 6.652e-05, sxy=0: 6.654e-06, szx=0: 1.933e-05
[2025-07-21 21:18:57] DEBUG - PINN_Graph - Epoch 400 boundary back   loss: 1.223e-05 | u=0: 6.332e-07, sxy=0: 2.246e-06, szx=0: 9.353e-06
[2025-07-21 21:18:57] DEBUG - PINN_Graph - Epoch 400 boundary right  loss: 5.935e-05 | syy=0: 3.926e-05, sxy=0: 5.616e-06, syz=0: 1.448e-05
[2025-07-21 21:18:57] DEBUG - PINN_Graph - Epoch 400 boundary left   loss: 1.489e-05 | v=0: 3.628e-07, sxy=0: 3.562e-06, syz=0: 1.097e-05
[2025-07-21 21:18:57] DEBUG - PINN_Graph - Epoch 400 boundary bottom loss: 9.112e-07 | gn=0: 3.767e-07, t1=0: 4.288e-07, t2=0: 1.056e-07
[2025-07-21 21:18:57] DEBUG - PINN_Graph - Epoch 400 TOTALS -> PDE: 5.893e-04, Bcs: 5.638e-04, LOSS: 1.153e-03
[2025-07-21 21:19:03] DEBUG - PINN_Graph - Epoch 450 PDE terms: [1: 3.449e-05, 2: 2.311e-05, 3: 2.673e-04, 4: 4.638e-05, 5: 3.380e-05, 6: 1.322e-04, 7: 6.015e-06, 8: 1.541e-05, 9: 1.656e-05]
[2025-07-21 21:19:03] DEBUG - PINN_Graph - Epoch 450 boundary top    loss: 3.878e-04 | szz=pressure: 3.207e-04, syz=0: 3.064e-05, szx=0: 3.654e-05
[2025-07-21 21:19:03] DEBUG - PINN_Graph - Epoch 450 boundary front  loss: 8.784e-05 | sxx=0: 6.323e-05, sxy=0: 7.521e-06, szx=0: 1.710e-05
[2025-07-21 21:19:03] DEBUG - PINN_Graph - Epoch 450 boundary back   loss: 1.459e-05 | u=0: 6.454e-07, sxy=0: 2.142e-06, szx=0: 1.180e-05
[2025-07-21 21:19:03] DEBUG - PINN_Graph - Epoch 450 boundary right  loss: 5.297e-05 | syy=0: 3.376e-05, sxy=0: 6.500e-06, syz=0: 1.271e-05
[2025-07-21 21:19:03] DEBUG - PINN_Graph - Epoch 450 boundary left   loss: 1.445e-05 | v=0: 4.123e-07, sxy=0: 3.227e-06, syz=0: 1.081e-05
[2025-07-21 21:19:03] DEBUG - PINN_Graph - Epoch 450 boundary bottom loss: 7.016e-07 | gn=0: 2.963e-07, t1=0: 2.965e-07, t2=0: 1.089e-07
[2025-07-21 21:19:03] DEBUG - PINN_Graph - Epoch 450 TOTALS -> PDE: 5.752e-04, Bcs: 5.584e-04, LOSS: 1.134e-03
[2025-07-21 21:19:09] DEBUG - PINN_Graph - Epoch 500 PDE terms: [1: 3.342e-05, 2: 2.455e-05, 3: 2.619e-04, 4: 4.781e-05, 5: 3.409e-05, 6: 1.365e-04, 7: 5.926e-06, 8: 1.692e-05, 9: 1.736e-05]
[2025-07-21 21:19:09] DEBUG - PINN_Graph - Epoch 500 boundary top    loss: 3.458e-04 | szz=pressure: 2.792e-04, syz=0: 3.347e-05, szx=0: 3.310e-05
[2025-07-21 21:19:09] DEBUG - PINN_Graph - Epoch 500 boundary front  loss: 7.992e-05 | sxx=0: 5.598e-05, sxy=0: 6.303e-06, szx=0: 1.764e-05
[2025-07-21 21:19:09] DEBUG - PINN_Graph - Epoch 500 boundary back   loss: 1.579e-05 | u=0: 6.907e-07, sxy=0: 1.636e-06, szx=0: 1.346e-05
[2025-07-21 21:19:09] DEBUG - PINN_Graph - Epoch 500 boundary right  loss: 5.676e-05 | syy=0: 3.595e-05, sxy=0: 5.182e-06, syz=0: 1.563e-05
[2025-07-21 21:19:09] DEBUG - PINN_Graph - Epoch 500 boundary left   loss: 1.662e-05 | v=0: 3.840e-07, sxy=0: 3.621e-06, syz=0: 1.261e-05
[2025-07-21 21:19:09] DEBUG - PINN_Graph - Epoch 500 boundary bottom loss: 1.889e-06 | gn=0: 1.253e-06, t1=0: 5.246e-07, t2=0: 1.118e-07
[2025-07-21 21:19:09] DEBUG - PINN_Graph - Epoch 500 TOTALS -> PDE: 5.785e-04, Bcs: 5.168e-04, LOSS: 1.095e-03
[2025-07-21 21:19:15] DEBUG - PINN_Graph - Epoch 550 PDE terms: [1: 3.412e-05, 2: 2.249e-05, 3: 2.696e-04, 4: 4.442e-05, 5: 3.328e-05, 6: 1.291e-04, 7: 6.633e-06, 8: 1.532e-05, 9: 1.800e-05]
[2025-07-21 21:19:15] DEBUG - PINN_Graph - Epoch 550 boundary top    loss: 3.721e-04 | szz=pressure: 2.974e-04, syz=0: 3.527e-05, szx=0: 3.945e-05
[2025-07-21 21:19:15] DEBUG - PINN_Graph - Epoch 550 boundary front  loss: 8.475e-05 | sxx=0: 5.548e-05, sxy=0: 6.622e-06, szx=0: 2.264e-05
[2025-07-21 21:19:15] DEBUG - PINN_Graph - Epoch 550 boundary back   loss: 1.542e-05 | u=0: 9.350e-07, sxy=0: 2.017e-06, szx=0: 1.246e-05
[2025-07-21 21:19:15] DEBUG - PINN_Graph - Epoch 550 boundary right  loss: 6.017e-05 | syy=0: 3.817e-05, sxy=0: 4.727e-06, syz=0: 1.727e-05
[2025-07-21 21:19:15] DEBUG - PINN_Graph - Epoch 550 boundary left   loss: 1.545e-05 | v=0: 3.984e-07, sxy=0: 3.530e-06, syz=0: 1.152e-05
[2025-07-21 21:19:15] DEBUG - PINN_Graph - Epoch 550 boundary bottom loss: 1.704e-06 | gn=0: 1.193e-06, t1=0: 4.167e-07, t2=0: 9.361e-08
[2025-07-21 21:19:15] DEBUG - PINN_Graph - Epoch 550 TOTALS -> PDE: 5.730e-04, Bcs: 5.496e-04, LOSS: 1.123e-03
[2025-07-21 21:19:21] DEBUG - PINN_Graph - Epoch 600 PDE terms: [1: 3.234e-05, 2: 2.228e-05, 3: 2.635e-04, 4: 4.593e-05, 5: 3.710e-05, 6: 1.342e-04, 7: 6.192e-06, 8: 1.639e-05, 9: 1.774e-05]
[2025-07-21 21:19:21] DEBUG - PINN_Graph - Epoch 600 boundary top    loss: 2.799e-04 | szz=pressure: 2.158e-04, syz=0: 2.951e-05, szx=0: 3.461e-05
[2025-07-21 21:19:21] DEBUG - PINN_Graph - Epoch 600 boundary front  loss: 8.803e-05 | sxx=0: 6.415e-05, sxy=0: 6.824e-06, szx=0: 1.706e-05
[2025-07-21 21:19:21] DEBUG - PINN_Graph - Epoch 600 boundary back   loss: 1.554e-05 | u=0: 1.225e-06, sxy=0: 2.022e-06, szx=0: 1.229e-05
[2025-07-21 21:19:21] DEBUG - PINN_Graph - Epoch 600 boundary right  loss: 6.830e-05 | syy=0: 4.697e-05, sxy=0: 5.566e-06, syz=0: 1.577e-05
[2025-07-21 21:19:21] DEBUG - PINN_Graph - Epoch 600 boundary left   loss: 1.705e-05 | v=0: 2.915e-07, sxy=0: 3.908e-06, syz=0: 1.285e-05
[2025-07-21 21:19:21] DEBUG - PINN_Graph - Epoch 600 boundary bottom loss: 1.016e-06 | gn=0: 4.687e-07, t1=0: 4.196e-07, t2=0: 1.272e-07
[2025-07-21 21:19:21] DEBUG - PINN_Graph - Epoch 600 TOTALS -> PDE: 5.757e-04, Bcs: 4.698e-04, LOSS: 1.046e-03
[2025-07-21 21:19:27] DEBUG - PINN_Graph - Epoch 650 PDE terms: [1: 3.327e-05, 2: 2.372e-05, 3: 2.762e-04, 4: 4.374e-05, 5: 3.253e-05, 6: 1.296e-04, 7: 6.158e-06, 8: 1.474e-05, 9: 1.658e-05]
[2025-07-21 21:19:27] DEBUG - PINN_Graph - Epoch 650 boundary top    loss: 3.996e-04 | szz=pressure: 3.313e-04, syz=0: 3.597e-05, szx=0: 3.240e-05
[2025-07-21 21:19:27] DEBUG - PINN_Graph - Epoch 650 boundary front  loss: 7.856e-05 | sxx=0: 5.515e-05, sxy=0: 7.494e-06, szx=0: 1.591e-05
[2025-07-21 21:19:27] DEBUG - PINN_Graph - Epoch 650 boundary back   loss: 1.233e-05 | u=0: 5.942e-07, sxy=0: 1.716e-06, szx=0: 1.002e-05
[2025-07-21 21:19:27] DEBUG - PINN_Graph - Epoch 650 boundary right  loss: 4.889e-05 | syy=0: 3.225e-05, sxy=0: 4.787e-06, syz=0: 1.186e-05
[2025-07-21 21:19:27] DEBUG - PINN_Graph - Epoch 650 boundary left   loss: 1.612e-05 | v=0: 4.025e-07, sxy=0: 4.438e-06, syz=0: 1.128e-05
[2025-07-21 21:19:27] DEBUG - PINN_Graph - Epoch 650 boundary bottom loss: 9.800e-07 | gn=0: 3.643e-07, t1=0: 5.150e-07, t2=0: 1.007e-07
[2025-07-21 21:19:27] DEBUG - PINN_Graph - Epoch 650 TOTALS -> PDE: 5.765e-04, Bcs: 5.565e-04, LOSS: 1.133e-03
[2025-07-21 21:19:33] DEBUG - PINN_Graph - Epoch 700 PDE terms: [1: 3.202e-05, 2: 2.220e-05, 3: 2.806e-04, 4: 4.361e-05, 5: 3.170e-05, 6: 1.200e-04, 7: 5.969e-06, 8: 1.472e-05, 9: 1.569e-05]
[2025-07-21 21:19:33] DEBUG - PINN_Graph - Epoch 700 boundary top    loss: 3.174e-04 | szz=pressure: 2.565e-04, syz=0: 2.856e-05, szx=0: 3.233e-05
[2025-07-21 21:19:33] DEBUG - PINN_Graph - Epoch 700 boundary front  loss: 8.672e-05 | sxx=0: 6.615e-05, sxy=0: 6.301e-06, szx=0: 1.427e-05
[2025-07-21 21:19:33] DEBUG - PINN_Graph - Epoch 700 boundary back   loss: 1.460e-05 | u=0: 4.507e-07, sxy=0: 2.113e-06, szx=0: 1.204e-05
[2025-07-21 21:19:33] DEBUG - PINN_Graph - Epoch 700 boundary right  loss: 5.271e-05 | syy=0: 3.063e-05, sxy=0: 5.111e-06, syz=0: 1.697e-05
[2025-07-21 21:19:33] DEBUG - PINN_Graph - Epoch 700 boundary left   loss: 1.534e-05 | v=0: 4.433e-07, sxy=0: 3.474e-06, syz=0: 1.142e-05
[2025-07-21 21:19:33] DEBUG - PINN_Graph - Epoch 700 boundary bottom loss: 1.129e-06 | gn=0: 2.825e-07, t1=0: 7.616e-07, t2=0: 8.454e-08
[2025-07-21 21:19:33] DEBUG - PINN_Graph - Epoch 700 TOTALS -> PDE: 5.665e-04, Bcs: 4.879e-04, LOSS: 1.054e-03
[2025-07-21 21:19:39] DEBUG - PINN_Graph - Epoch 750 PDE terms: [1: 3.034e-05, 2: 2.201e-05, 3: 2.608e-04, 4: 4.091e-05, 5: 3.064e-05, 6: 1.170e-04, 7: 5.664e-06, 8: 1.471e-05, 9: 1.795e-05]
[2025-07-21 21:19:39] DEBUG - PINN_Graph - Epoch 750 boundary top    loss: 3.491e-04 | szz=pressure: 2.858e-04, syz=0: 3.334e-05, szx=0: 2.989e-05
[2025-07-21 21:19:39] DEBUG - PINN_Graph - Epoch 750 boundary front  loss: 7.831e-05 | sxx=0: 5.458e-05, sxy=0: 6.703e-06, szx=0: 1.702e-05
[2025-07-21 21:19:39] DEBUG - PINN_Graph - Epoch 750 boundary back   loss: 1.300e-05 | u=0: 6.335e-07, sxy=0: 1.890e-06, szx=0: 1.048e-05
[2025-07-21 21:19:39] DEBUG - PINN_Graph - Epoch 750 boundary right  loss: 5.527e-05 | syy=0: 3.653e-05, sxy=0: 5.829e-06, syz=0: 1.291e-05
[2025-07-21 21:19:39] DEBUG - PINN_Graph - Epoch 750 boundary left   loss: 1.646e-05 | v=0: 4.350e-07, sxy=0: 3.768e-06, syz=0: 1.226e-05
[2025-07-21 21:19:39] DEBUG - PINN_Graph - Epoch 750 boundary bottom loss: 1.122e-06 | gn=0: 6.517e-07, t1=0: 4.032e-07, t2=0: 6.738e-08
[2025-07-21 21:19:39] DEBUG - PINN_Graph - Epoch 750 TOTALS -> PDE: 5.400e-04, Bcs: 5.132e-04, LOSS: 1.053e-03
[2025-07-21 21:19:45] DEBUG - PINN_Graph - Epoch 800 PDE terms: [1: 3.147e-05, 2: 2.050e-05, 3: 2.712e-04, 4: 4.337e-05, 5: 2.882e-05, 6: 1.149e-04, 7: 5.351e-06, 8: 1.588e-05, 9: 1.638e-05]
[2025-07-21 21:19:45] DEBUG - PINN_Graph - Epoch 800 boundary top    loss: 3.654e-04 | szz=pressure: 2.966e-04, syz=0: 3.566e-05, szx=0: 3.320e-05
[2025-07-21 21:19:45] DEBUG - PINN_Graph - Epoch 800 boundary front  loss: 7.460e-05 | sxx=0: 5.289e-05, sxy=0: 6.307e-06, szx=0: 1.540e-05
[2025-07-21 21:19:45] DEBUG - PINN_Graph - Epoch 800 boundary back   loss: 1.308e-05 | u=0: 4.529e-07, sxy=0: 1.955e-06, szx=0: 1.067e-05
[2025-07-21 21:19:45] DEBUG - PINN_Graph - Epoch 800 boundary right  loss: 5.653e-05 | syy=0: 3.846e-05, sxy=0: 4.738e-06, syz=0: 1.334e-05
[2025-07-21 21:19:45] DEBUG - PINN_Graph - Epoch 800 boundary left   loss: 1.308e-05 | v=0: 2.730e-07, sxy=0: 3.056e-06, syz=0: 9.751e-06
[2025-07-21 21:19:45] DEBUG - PINN_Graph - Epoch 800 boundary bottom loss: 1.012e-06 | gn=0: 4.822e-07, t1=0: 3.500e-07, t2=0: 1.794e-07
[2025-07-21 21:19:45] DEBUG - PINN_Graph - Epoch 800 TOTALS -> PDE: 5.478e-04, Bcs: 5.238e-04, LOSS: 1.072e-03
[2025-07-21 21:19:51] DEBUG - PINN_Graph - Epoch 850 PDE terms: [1: 3.118e-05, 2: 2.014e-05, 3: 2.699e-04, 4: 4.195e-05, 5: 2.936e-05, 6: 1.222e-04, 7: 6.142e-06, 8: 1.511e-05, 9: 1.597e-05]
[2025-07-21 21:19:51] DEBUG - PINN_Graph - Epoch 850 boundary top    loss: 3.637e-04 | szz=pressure: 2.917e-04, syz=0: 3.756e-05, szx=0: 3.445e-05
[2025-07-21 21:19:51] DEBUG - PINN_Graph - Epoch 850 boundary front  loss: 8.006e-05 | sxx=0: 5.705e-05, sxy=0: 6.427e-06, szx=0: 1.658e-05
[2025-07-21 21:19:51] DEBUG - PINN_Graph - Epoch 850 boundary back   loss: 1.305e-05 | u=0: 4.406e-07, sxy=0: 1.785e-06, szx=0: 1.083e-05
[2025-07-21 21:19:51] DEBUG - PINN_Graph - Epoch 850 boundary right  loss: 5.694e-05 | syy=0: 3.634e-05, sxy=0: 6.223e-06, syz=0: 1.438e-05
[2025-07-21 21:19:51] DEBUG - PINN_Graph - Epoch 850 boundary left   loss: 1.545e-05 | v=0: 2.812e-07, sxy=0: 2.993e-06, syz=0: 1.217e-05
[2025-07-21 21:19:51] DEBUG - PINN_Graph - Epoch 850 boundary bottom loss: 9.632e-07 | gn=0: 5.837e-07, t1=0: 2.620e-07, t2=0: 1.174e-07
[2025-07-21 21:19:51] DEBUG - PINN_Graph - Epoch 850 TOTALS -> PDE: 5.519e-04, Bcs: 5.302e-04, LOSS: 1.082e-03
[2025-07-21 21:19:57] DEBUG - PINN_Graph - Epoch 900 PDE terms: [1: 3.092e-05, 2: 2.072e-05, 3: 2.605e-04, 4: 4.418e-05, 5: 3.281e-05, 6: 1.333e-04, 7: 5.593e-06, 8: 1.495e-05, 9: 1.569e-05]
[2025-07-21 21:19:57] DEBUG - PINN_Graph - Epoch 900 boundary top    loss: 3.836e-04 | szz=pressure: 3.112e-04, syz=0: 3.228e-05, szx=0: 4.010e-05
[2025-07-21 21:19:57] DEBUG - PINN_Graph - Epoch 900 boundary front  loss: 8.131e-05 | sxx=0: 5.920e-05, sxy=0: 5.101e-06, szx=0: 1.702e-05
[2025-07-21 21:19:57] DEBUG - PINN_Graph - Epoch 900 boundary back   loss: 1.320e-05 | u=0: 3.837e-07, sxy=0: 1.807e-06, szx=0: 1.100e-05
[2025-07-21 21:19:57] DEBUG - PINN_Graph - Epoch 900 boundary right  loss: 5.255e-05 | syy=0: 3.406e-05, sxy=0: 4.254e-06, syz=0: 1.424e-05
[2025-07-21 21:19:57] DEBUG - PINN_Graph - Epoch 900 boundary left   loss: 1.510e-05 | v=0: 1.968e-07, sxy=0: 2.993e-06, syz=0: 1.191e-05
[2025-07-21 21:19:57] DEBUG - PINN_Graph - Epoch 900 boundary bottom loss: 7.882e-07 | gn=0: 2.547e-07, t1=0: 4.535e-07, t2=0: 7.999e-08
[2025-07-21 21:19:57] DEBUG - PINN_Graph - Epoch 900 TOTALS -> PDE: 5.587e-04, Bcs: 5.465e-04, LOSS: 1.105e-03
[2025-07-21 21:20:03] DEBUG - PINN_Graph - Epoch 950 PDE terms: [1: 3.134e-05, 2: 1.954e-05, 3: 2.594e-04, 4: 4.368e-05, 5: 3.639e-05, 6: 1.133e-04, 7: 5.663e-06, 8: 1.363e-05, 9: 1.508e-05]
[2025-07-21 21:20:03] DEBUG - PINN_Graph - Epoch 950 boundary top    loss: 3.147e-04 | szz=pressure: 2.488e-04, syz=0: 3.121e-05, szx=0: 3.468e-05
[2025-07-21 21:20:03] DEBUG - PINN_Graph - Epoch 950 boundary front  loss: 7.515e-05 | sxx=0: 5.405e-05, sxy=0: 6.622e-06, szx=0: 1.448e-05
[2025-07-21 21:20:03] DEBUG - PINN_Graph - Epoch 950 boundary back   loss: 1.228e-05 | u=0: 6.045e-07, sxy=0: 2.033e-06, szx=0: 9.647e-06
[2025-07-21 21:20:03] DEBUG - PINN_Graph - Epoch 950 boundary right  loss: 6.544e-05 | syy=0: 4.715e-05, sxy=0: 4.893e-06, syz=0: 1.340e-05
[2025-07-21 21:20:03] DEBUG - PINN_Graph - Epoch 950 boundary left   loss: 1.307e-05 | v=0: 3.029e-07, sxy=0: 3.390e-06, syz=0: 9.379e-06
[2025-07-21 21:20:03] DEBUG - PINN_Graph - Epoch 950 boundary bottom loss: 8.589e-07 | gn=0: 2.627e-07, t1=0: 3.020e-07, t2=0: 2.943e-07
[2025-07-21 21:20:03] DEBUG - PINN_Graph - Epoch 950 TOTALS -> PDE: 5.381e-04, Bcs: 4.816e-04, LOSS: 1.020e-03
[2025-07-21 21:20:08] DEBUG - PINN_Graph - Epoch 1000 PDE terms: [1: 2.993e-05, 2: 2.011e-05, 3: 2.635e-04, 4: 4.169e-05, 5: 3.079e-05, 6: 1.167e-04, 7: 5.514e-06, 8: 1.330e-05, 9: 1.612e-05]
[2025-07-21 21:20:08] DEBUG - PINN_Graph - Epoch 1000 boundary top    loss: 3.094e-04 | szz=pressure: 2.501e-04, syz=0: 2.700e-05, szx=0: 3.229e-05
[2025-07-21 21:20:08] DEBUG - PINN_Graph - Epoch 1000 boundary front  loss: 7.458e-05 | sxx=0: 5.361e-05, sxy=0: 6.203e-06, szx=0: 1.477e-05
[2025-07-21 21:20:08] DEBUG - PINN_Graph - Epoch 1000 boundary back   loss: 1.284e-05 | u=0: 1.013e-06, sxy=0: 1.857e-06, szx=0: 9.973e-06
[2025-07-21 21:20:08] DEBUG - PINN_Graph - Epoch 1000 boundary right  loss: 5.153e-05 | syy=0: 3.416e-05, sxy=0: 5.470e-06, syz=0: 1.190e-05
[2025-07-21 21:20:08] DEBUG - PINN_Graph - Epoch 1000 boundary left   loss: 1.450e-05 | v=0: 2.082e-07, sxy=0: 3.144e-06, syz=0: 1.114e-05
[2025-07-21 21:20:08] DEBUG - PINN_Graph - Epoch 1000 boundary bottom loss: 7.396e-07 | gn=0: 2.014e-07, t1=0: 2.257e-07, t2=0: 3.125e-07
[2025-07-21 21:20:08] DEBUG - PINN_Graph - Epoch 1000 TOTALS -> PDE: 5.376e-04, Bcs: 4.636e-04, LOSS: 1.001e-03
[2025-07-21 21:20:09] DEBUG - PINN_Graph - Saved weights to log/graph/weights/Step0_layer9_weight.pth
[2025-07-21 21:20:09] DEBUG - PINN_Graph - Switching to L-BFGS optimization...
[2025-07-21 21:20:10] DEBUG - PINN_Graph - Saved weights to log/graph/weights/Step0_layer9_weight.pth
[2025-07-21 21:20:10] DEBUG - PINN_Graph - Layer 10 top-corner displacement: [0.23314926028251648, 0.23582005500793457, -1.0052992105484009]
[2025-07-21 21:20:10] INFO - PINN_Graph - Contact BC pressure: -1.005 from layer 9
[2025-07-21 21:20:10] DEBUG - PINN_Graph - Starting Adam training for layer 8 (1000 epochs, lr=1.0e-03)
[2025-07-21 21:20:10] DEBUG - PINN_Graph - Point counts: inside=512, top=256, bottom=256, front=256, back=256, right=256, left=256
[2025-07-21 21:20:10] DEBUG - PINN_Graph - Inside points shape: (512, 3)
[2025-07-21 21:20:10] DEBUG - PINN_Graph - Top points shape:    (256, 3)
[2025-07-21 21:20:10] DEBUG - PINN_Graph - Bottom points shape: (256, 3)
[2025-07-21 21:20:10] DEBUG - PINN_Graph - Front points shape:  (256, 3)
[2025-07-21 21:20:10] DEBUG - PINN_Graph - Back points shape:   (256, 3)
[2025-07-21 21:20:10] DEBUG - PINN_Graph - Right points shape:  (256, 3)
[2025-07-21 21:20:10] DEBUG - PINN_Graph - Left points shape:   (256, 3)
[2025-07-21 21:20:16] DEBUG - PINN_Graph - Epoch 50 PDE terms: [1: 3.056e-05, 2: 1.824e-05, 3: 2.617e-04, 4: 4.017e-05, 5: 3.255e-05, 6: 1.178e-04, 7: 6.222e-06, 8: 2.484e-05, 9: 3.230e-05]
[2025-07-21 21:20:16] DEBUG - PINN_Graph - Epoch  50 boundary top    loss: 3.076e-04 | szz=pressure: 2.423e-04, syz=0: 3.531e-05, szx=0: 2.998e-05
[2025-07-21 21:20:16] DEBUG - PINN_Graph - Epoch  50 boundary front  loss: 8.324e-05 | sxx=0: 6.232e-05, sxy=0: 6.607e-06, szx=0: 1.431e-05
[2025-07-21 21:20:16] DEBUG - PINN_Graph - Epoch  50 boundary back   loss: 1.420e-05 | u=0: 1.608e-06, sxy=0: 2.314e-06, szx=0: 1.027e-05
[2025-07-21 21:20:16] DEBUG - PINN_Graph - Epoch  50 boundary right  loss: 5.168e-05 | syy=0: 3.179e-05, sxy=0: 4.598e-06, syz=0: 1.529e-05
[2025-07-21 21:20:16] DEBUG - PINN_Graph - Epoch  50 boundary left   loss: 1.806e-05 | v=0: 3.906e-06, sxy=0: 2.806e-06, syz=0: 1.135e-05
[2025-07-21 21:20:16] DEBUG - PINN_Graph - Epoch  50 boundary bottom loss: 1.891e-05 | gn=0: 6.023e-06, t1=0: 8.406e-06, t2=0: 4.477e-06
[2025-07-21 21:20:16] DEBUG - PINN_Graph - Epoch 50 TOTALS -> PDE: 5.643e-04, Bcs: 4.937e-04, LOSS: 1.058e-03
[2025-07-21 21:20:22] DEBUG - PINN_Graph - Epoch 100 PDE terms: [1: 2.758e-05, 2: 2.002e-05, 3: 2.352e-04, 4: 4.300e-05, 5: 3.377e-05, 6: 1.182e-04, 7: 6.013e-06, 8: 1.440e-05, 9: 1.591e-05]
[2025-07-21 21:20:22] DEBUG - PINN_Graph - Epoch 100 boundary top    loss: 3.090e-04 | szz=pressure: 2.438e-04, syz=0: 3.331e-05, szx=0: 3.195e-05
[2025-07-21 21:20:22] DEBUG - PINN_Graph - Epoch 100 boundary front  loss: 8.016e-05 | sxx=0: 5.961e-05, sxy=0: 7.052e-06, szx=0: 1.350e-05
[2025-07-21 21:20:22] DEBUG - PINN_Graph - Epoch 100 boundary back   loss: 1.628e-05 | u=0: 6.117e-07, sxy=0: 1.504e-06, szx=0: 1.417e-05
[2025-07-21 21:20:22] DEBUG - PINN_Graph - Epoch 100 boundary right  loss: 4.650e-05 | syy=0: 3.056e-05, sxy=0: 5.415e-06, syz=0: 1.052e-05
[2025-07-21 21:20:22] DEBUG - PINN_Graph - Epoch 100 boundary left   loss: 1.524e-05 | v=0: 5.625e-07, sxy=0: 3.194e-06, syz=0: 1.149e-05
[2025-07-21 21:20:22] DEBUG - PINN_Graph - Epoch 100 boundary bottom loss: 8.445e-07 | gn=0: 2.003e-07, t1=0: 4.832e-07, t2=0: 1.610e-07
[2025-07-21 21:20:22] DEBUG - PINN_Graph - Epoch 100 TOTALS -> PDE: 5.141e-04, Bcs: 4.681e-04, LOSS: 9.821e-04
[2025-07-21 21:20:27] DEBUG - PINN_Graph - Epoch 150 PDE terms: [1: 2.583e-05, 2: 1.888e-05, 3: 2.548e-04, 4: 3.847e-05, 5: 3.009e-05, 6: 1.183e-04, 7: 5.622e-06, 8: 1.502e-05, 9: 1.471e-05]
[2025-07-21 21:20:27] DEBUG - PINN_Graph - Epoch 150 boundary top    loss: 3.708e-04 | szz=pressure: 3.079e-04, syz=0: 3.268e-05, szx=0: 3.022e-05
[2025-07-21 21:20:27] DEBUG - PINN_Graph - Epoch 150 boundary front  loss: 7.627e-05 | sxx=0: 5.427e-05, sxy=0: 6.074e-06, szx=0: 1.592e-05
[2025-07-21 21:20:27] DEBUG - PINN_Graph - Epoch 150 boundary back   loss: 1.294e-05 | u=0: 4.225e-07, sxy=0: 1.981e-06, szx=0: 1.053e-05
[2025-07-21 21:20:27] DEBUG - PINN_Graph - Epoch 150 boundary right  loss: 5.755e-05 | syy=0: 3.993e-05, sxy=0: 4.872e-06, syz=0: 1.275e-05
[2025-07-21 21:20:27] DEBUG - PINN_Graph - Epoch 150 boundary left   loss: 1.428e-05 | v=0: 3.048e-07, sxy=0: 3.200e-06, syz=0: 1.078e-05
[2025-07-21 21:20:27] DEBUG - PINN_Graph - Epoch 150 boundary bottom loss: 5.748e-07 | gn=0: 1.943e-07, t1=0: 2.090e-07, t2=0: 1.716e-07
[2025-07-21 21:20:27] DEBUG - PINN_Graph - Epoch 150 TOTALS -> PDE: 5.217e-04, Bcs: 5.324e-04, LOSS: 1.054e-03
[2025-07-21 21:20:33] DEBUG - PINN_Graph - Epoch 200 PDE terms: [1: 2.590e-05, 2: 1.919e-05, 3: 2.447e-04, 4: 4.260e-05, 5: 3.059e-05, 6: 1.206e-04, 7: 5.401e-06, 8: 1.412e-05, 9: 1.547e-05]
[2025-07-21 21:20:33] DEBUG - PINN_Graph - Epoch 200 boundary top    loss: 3.096e-04 | szz=pressure: 2.515e-04, syz=0: 2.818e-05, szx=0: 2.993e-05
[2025-07-21 21:20:33] DEBUG - PINN_Graph - Epoch 200 boundary front  loss: 7.705e-05 | sxx=0: 5.698e-05, sxy=0: 5.156e-06, szx=0: 1.492e-05
[2025-07-21 21:20:33] DEBUG - PINN_Graph - Epoch 200 boundary back   loss: 1.424e-05 | u=0: 5.325e-07, sxy=0: 1.988e-06, szx=0: 1.172e-05
[2025-07-21 21:20:33] DEBUG - PINN_Graph - Epoch 200 boundary right  loss: 5.576e-05 | syy=0: 3.614e-05, sxy=0: 5.547e-06, syz=0: 1.407e-05
[2025-07-21 21:20:33] DEBUG - PINN_Graph - Epoch 200 boundary left   loss: 1.491e-05 | v=0: 2.232e-07, sxy=0: 3.430e-06, syz=0: 1.126e-05
[2025-07-21 21:20:33] DEBUG - PINN_Graph - Epoch 200 boundary bottom loss: 6.148e-07 | gn=0: 3.310e-07, t1=0: 1.746e-07, t2=0: 1.092e-07
[2025-07-21 21:20:33] DEBUG - PINN_Graph - Epoch 200 TOTALS -> PDE: 5.185e-04, Bcs: 4.721e-04, LOSS: 9.907e-04
[2025-07-21 21:20:39] DEBUG - PINN_Graph - Epoch 250 PDE terms: [1: 2.684e-05, 2: 1.828e-05, 3: 2.557e-04, 4: 3.987e-05, 5: 2.982e-05, 6: 1.210e-04, 7: 5.149e-06, 8: 1.523e-05, 9: 1.609e-05]
[2025-07-21 21:20:39] DEBUG - PINN_Graph - Epoch 250 boundary top    loss: 3.757e-04 | szz=pressure: 3.084e-04, syz=0: 3.432e-05, szx=0: 3.298e-05
[2025-07-21 21:20:39] DEBUG - PINN_Graph - Epoch 250 boundary front  loss: 8.373e-05 | sxx=0: 6.157e-05, sxy=0: 6.338e-06, szx=0: 1.581e-05
[2025-07-21 21:20:39] DEBUG - PINN_Graph - Epoch 250 boundary back   loss: 1.083e-05 | u=0: 4.400e-07, sxy=0: 1.790e-06, szx=0: 8.601e-06
[2025-07-21 21:20:39] DEBUG - PINN_Graph - Epoch 250 boundary right  loss: 5.569e-05 | syy=0: 3.928e-05, sxy=0: 4.657e-06, syz=0: 1.175e-05
[2025-07-21 21:20:39] DEBUG - PINN_Graph - Epoch 250 boundary left   loss: 1.423e-05 | v=0: 2.224e-07, sxy=0: 3.443e-06, syz=0: 1.057e-05
[2025-07-21 21:20:39] DEBUG - PINN_Graph - Epoch 250 boundary bottom loss: 6.247e-07 | gn=0: 2.183e-07, t1=0: 3.243e-07, t2=0: 8.211e-08
[2025-07-21 21:20:39] DEBUG - PINN_Graph - Epoch 250 TOTALS -> PDE: 5.280e-04, Bcs: 5.408e-04, LOSS: 1.069e-03
[2025-07-21 21:20:45] DEBUG - PINN_Graph - Epoch 300 PDE terms: [1: 2.677e-05, 2: 1.836e-05, 3: 2.763e-04, 4: 4.140e-05, 5: 3.112e-05, 6: 1.194e-04, 7: 5.181e-06, 8: 1.431e-05, 9: 1.602e-05]
[2025-07-21 21:20:45] DEBUG - PINN_Graph - Epoch 300 boundary top    loss: 3.525e-04 | szz=pressure: 2.944e-04, syz=0: 2.923e-05, szx=0: 2.891e-05
[2025-07-21 21:20:45] DEBUG - PINN_Graph - Epoch 300 boundary front  loss: 7.966e-05 | sxx=0: 5.780e-05, sxy=0: 6.073e-06, szx=0: 1.579e-05
[2025-07-21 21:20:45] DEBUG - PINN_Graph - Epoch 300 boundary back   loss: 1.256e-05 | u=0: 2.931e-07, sxy=0: 1.864e-06, szx=0: 1.041e-05
[2025-07-21 21:20:45] DEBUG - PINN_Graph - Epoch 300 boundary right  loss: 5.516e-05 | syy=0: 3.849e-05, sxy=0: 5.702e-06, syz=0: 1.096e-05
[2025-07-21 21:20:45] DEBUG - PINN_Graph - Epoch 300 boundary left   loss: 1.522e-05 | v=0: 1.973e-07, sxy=0: 3.057e-06, syz=0: 1.196e-05
[2025-07-21 21:20:45] DEBUG - PINN_Graph - Epoch 300 boundary bottom loss: 1.338e-06 | gn=0: 7.440e-07, t1=0: 1.684e-07, t2=0: 4.259e-07
[2025-07-21 21:20:45] DEBUG - PINN_Graph - Epoch 300 TOTALS -> PDE: 5.488e-04, Bcs: 5.165e-04, LOSS: 1.065e-03
[2025-07-21 21:20:51] DEBUG - PINN_Graph - Epoch 350 PDE terms: [1: 2.655e-05, 2: 1.868e-05, 3: 2.590e-04, 4: 4.112e-05, 5: 2.972e-05, 6: 1.215e-04, 7: 4.990e-06, 8: 1.662e-05, 9: 1.519e-05]
[2025-07-21 21:20:51] DEBUG - PINN_Graph - Epoch 350 boundary top    loss: 3.270e-04 | szz=pressure: 2.667e-04, syz=0: 2.865e-05, szx=0: 3.166e-05
[2025-07-21 21:20:51] DEBUG - PINN_Graph - Epoch 350 boundary front  loss: 8.042e-05 | sxx=0: 5.753e-05, sxy=0: 5.929e-06, szx=0: 1.696e-05
[2025-07-21 21:20:51] DEBUG - PINN_Graph - Epoch 350 boundary back   loss: 1.280e-05 | u=0: 4.259e-07, sxy=0: 1.692e-06, szx=0: 1.068e-05
[2025-07-21 21:20:51] DEBUG - PINN_Graph - Epoch 350 boundary right  loss: 4.886e-05 | syy=0: 3.098e-05, sxy=0: 5.566e-06, syz=0: 1.231e-05
[2025-07-21 21:20:51] DEBUG - PINN_Graph - Epoch 350 boundary left   loss: 1.423e-05 | v=0: 2.925e-07, sxy=0: 2.812e-06, syz=0: 1.113e-05
[2025-07-21 21:20:51] DEBUG - PINN_Graph - Epoch 350 boundary bottom loss: 1.132e-06 | gn=0: 2.460e-07, t1=0: 3.339e-07, t2=0: 5.522e-07
[2025-07-21 21:20:51] DEBUG - PINN_Graph - Epoch 350 TOTALS -> PDE: 5.333e-04, Bcs: 4.844e-04, LOSS: 1.018e-03
[2025-07-21 21:20:57] DEBUG - PINN_Graph - Epoch 400 PDE terms: [1: 2.771e-05, 2: 1.779e-05, 3: 2.631e-04, 4: 3.827e-05, 5: 2.898e-05, 6: 1.226e-04, 7: 4.947e-06, 8: 1.476e-05, 9: 1.569e-05]
[2025-07-21 21:20:57] DEBUG - PINN_Graph - Epoch 400 boundary top    loss: 3.170e-04 | szz=pressure: 2.558e-04, syz=0: 2.862e-05, szx=0: 3.265e-05
[2025-07-21 21:20:57] DEBUG - PINN_Graph - Epoch 400 boundary front  loss: 7.959e-05 | sxx=0: 5.816e-05, sxy=0: 6.261e-06, szx=0: 1.517e-05
[2025-07-21 21:20:57] DEBUG - PINN_Graph - Epoch 400 boundary back   loss: 1.225e-05 | u=0: 6.286e-07, sxy=0: 2.097e-06, szx=0: 9.524e-06
[2025-07-21 21:20:57] DEBUG - PINN_Graph - Epoch 400 boundary right  loss: 4.988e-05 | syy=0: 3.165e-05, sxy=0: 5.033e-06, syz=0: 1.319e-05
[2025-07-21 21:20:57] DEBUG - PINN_Graph - Epoch 400 boundary left   loss: 1.471e-05 | v=0: 2.072e-07, sxy=0: 3.108e-06, syz=0: 1.139e-05
[2025-07-21 21:20:57] DEBUG - PINN_Graph - Epoch 400 boundary bottom loss: 7.188e-07 | gn=0: 3.053e-07, t1=0: 3.190e-07, t2=0: 9.453e-08
[2025-07-21 21:20:57] DEBUG - PINN_Graph - Epoch 400 TOTALS -> PDE: 5.339e-04, Bcs: 4.742e-04, LOSS: 1.008e-03
[2025-07-21 21:21:03] DEBUG - PINN_Graph - Epoch 450 PDE terms: [1: 2.650e-05, 2: 1.655e-05, 3: 2.533e-04, 4: 3.937e-05, 5: 3.228e-05, 6: 1.093e-04, 7: 4.914e-06, 8: 1.491e-05, 9: 1.507e-05]
[2025-07-21 21:21:03] DEBUG - PINN_Graph - Epoch 450 boundary top    loss: 2.485e-04 | szz=pressure: 1.873e-04, syz=0: 2.865e-05, szx=0: 3.254e-05
[2025-07-21 21:21:03] DEBUG - PINN_Graph - Epoch 450 boundary front  loss: 7.899e-05 | sxx=0: 5.847e-05, sxy=0: 5.762e-06, szx=0: 1.475e-05
[2025-07-21 21:21:03] DEBUG - PINN_Graph - Epoch 450 boundary back   loss: 1.217e-05 | u=0: 3.027e-07, sxy=0: 1.534e-06, szx=0: 1.033e-05
[2025-07-21 21:21:03] DEBUG - PINN_Graph - Epoch 450 boundary right  loss: 5.605e-05 | syy=0: 3.536e-05, sxy=0: 4.831e-06, syz=0: 1.586e-05
[2025-07-21 21:21:03] DEBUG - PINN_Graph - Epoch 450 boundary left   loss: 1.516e-05 | v=0: 5.145e-07, sxy=0: 3.307e-06, syz=0: 1.134e-05
[2025-07-21 21:21:03] DEBUG - PINN_Graph - Epoch 450 boundary bottom loss: 8.543e-07 | gn=0: 5.894e-07, t1=0: 1.810e-07, t2=0: 8.394e-08
[2025-07-21 21:21:03] DEBUG - PINN_Graph - Epoch 450 TOTALS -> PDE: 5.122e-04, Bcs: 4.117e-04, LOSS: 9.240e-04
[2025-07-21 21:21:08] DEBUG - PINN_Graph - Epoch 500 PDE terms: [1: 2.858e-05, 2: 1.697e-05, 3: 2.497e-04, 4: 3.837e-05, 5: 2.778e-05, 6: 1.121e-04, 7: 5.160e-06, 8: 1.394e-05, 9: 1.415e-05]
[2025-07-21 21:21:08] DEBUG - PINN_Graph - Epoch 500 boundary top    loss: 3.190e-04 | szz=pressure: 2.599e-04, syz=0: 3.286e-05, szx=0: 2.625e-05
[2025-07-21 21:21:08] DEBUG - PINN_Graph - Epoch 500 boundary front  loss: 8.133e-05 | sxx=0: 5.990e-05, sxy=0: 5.559e-06, szx=0: 1.586e-05
[2025-07-21 21:21:08] DEBUG - PINN_Graph - Epoch 500 boundary back   loss: 1.179e-05 | u=0: 5.600e-07, sxy=0: 1.511e-06, szx=0: 9.721e-06
[2025-07-21 21:21:08] DEBUG - PINN_Graph - Epoch 500 boundary right  loss: 5.893e-05 | syy=0: 3.631e-05, sxy=0: 5.455e-06, syz=0: 1.717e-05
[2025-07-21 21:21:08] DEBUG - PINN_Graph - Epoch 500 boundary left   loss: 1.607e-05 | v=0: 3.087e-07, sxy=0: 2.756e-06, syz=0: 1.300e-05
[2025-07-21 21:21:08] DEBUG - PINN_Graph - Epoch 500 boundary bottom loss: 1.331e-06 | gn=0: 7.404e-07, t1=0: 3.020e-07, t2=0: 2.889e-07
[2025-07-21 21:21:08] DEBUG - PINN_Graph - Epoch 500 TOTALS -> PDE: 5.067e-04, Bcs: 4.884e-04, LOSS: 9.951e-04
[2025-07-21 21:21:14] DEBUG - PINN_Graph - Epoch 550 PDE terms: [1: 2.593e-05, 2: 1.740e-05, 3: 2.558e-04, 4: 3.976e-05, 5: 2.904e-05, 6: 1.252e-04, 7: 4.893e-06, 8: 1.379e-05, 9: 1.434e-05]
[2025-07-21 21:21:14] DEBUG - PINN_Graph - Epoch 550 boundary top    loss: 3.257e-04 | szz=pressure: 2.608e-04, syz=0: 3.084e-05, szx=0: 3.409e-05
[2025-07-21 21:21:14] DEBUG - PINN_Graph - Epoch 550 boundary front  loss: 7.831e-05 | sxx=0: 5.387e-05, sxy=0: 6.228e-06, szx=0: 1.821e-05
[2025-07-21 21:21:14] DEBUG - PINN_Graph - Epoch 550 boundary back   loss: 1.317e-05 | u=0: 4.333e-07, sxy=0: 1.872e-06, szx=0: 1.086e-05
[2025-07-21 21:21:14] DEBUG - PINN_Graph - Epoch 550 boundary right  loss: 5.834e-05 | syy=0: 3.968e-05, sxy=0: 4.805e-06, syz=0: 1.386e-05
[2025-07-21 21:21:14] DEBUG - PINN_Graph - Epoch 550 boundary left   loss: 1.443e-05 | v=0: 2.922e-07, sxy=0: 2.937e-06, syz=0: 1.120e-05
[2025-07-21 21:21:14] DEBUG - PINN_Graph - Epoch 550 boundary bottom loss: 1.711e-06 | gn=0: 1.387e-06, t1=0: 2.420e-07, t2=0: 8.235e-08
[2025-07-21 21:21:14] DEBUG - PINN_Graph - Epoch 550 TOTALS -> PDE: 5.262e-04, Bcs: 4.917e-04, LOSS: 1.018e-03
[2025-07-21 21:21:20] DEBUG - PINN_Graph - Epoch 600 PDE terms: [1: 2.613e-05, 2: 1.699e-05, 3: 2.537e-04, 4: 3.915e-05, 5: 2.942e-05, 6: 1.164e-04, 7: 5.185e-06, 8: 1.467e-05, 9: 1.506e-05]
[2025-07-21 21:21:20] DEBUG - PINN_Graph - Epoch 600 boundary top    loss: 3.073e-04 | szz=pressure: 2.486e-04, syz=0: 2.783e-05, szx=0: 3.084e-05
[2025-07-21 21:21:20] DEBUG - PINN_Graph - Epoch 600 boundary front  loss: 8.245e-05 | sxx=0: 6.273e-05, sxy=0: 6.611e-06, szx=0: 1.310e-05
[2025-07-21 21:21:20] DEBUG - PINN_Graph - Epoch 600 boundary back   loss: 1.123e-05 | u=0: 3.878e-07, sxy=0: 1.669e-06, szx=0: 9.169e-06
[2025-07-21 21:21:20] DEBUG - PINN_Graph - Epoch 600 boundary right  loss: 4.877e-05 | syy=0: 3.099e-05, sxy=0: 4.744e-06, syz=0: 1.303e-05
[2025-07-21 21:21:20] DEBUG - PINN_Graph - Epoch 600 boundary left   loss: 1.424e-05 | v=0: 4.282e-07, sxy=0: 2.683e-06, syz=0: 1.112e-05
[2025-07-21 21:21:20] DEBUG - PINN_Graph - Epoch 600 boundary bottom loss: 1.357e-06 | gn=0: 4.432e-07, t1=0: 4.829e-07, t2=0: 4.314e-07
[2025-07-21 21:21:20] DEBUG - PINN_Graph - Epoch 600 TOTALS -> PDE: 5.167e-04, Bcs: 4.653e-04, LOSS: 9.820e-04
[2025-07-21 21:21:25] DEBUG - PINN_Graph - Epoch 650 PDE terms: [1: 2.511e-05, 2: 1.686e-05, 3: 2.613e-04, 4: 3.892e-05, 5: 2.911e-05, 6: 1.124e-04, 7: 5.010e-06, 8: 1.450e-05, 9: 1.494e-05]
[2025-07-21 21:21:25] DEBUG - PINN_Graph - Epoch 650 boundary top    loss: 3.247e-04 | szz=pressure: 2.554e-04, syz=0: 3.547e-05, szx=0: 3.383e-05
[2025-07-21 21:21:25] DEBUG - PINN_Graph - Epoch 650 boundary front  loss: 8.555e-05 | sxx=0: 6.640e-05, sxy=0: 5.139e-06, szx=0: 1.401e-05
[2025-07-21 21:21:25] DEBUG - PINN_Graph - Epoch 650 boundary back   loss: 1.163e-05 | u=0: 5.503e-07, sxy=0: 1.730e-06, szx=0: 9.350e-06
[2025-07-21 21:21:25] DEBUG - PINN_Graph - Epoch 650 boundary right  loss: 5.017e-05 | syy=0: 3.153e-05, sxy=0: 5.282e-06, syz=0: 1.336e-05
[2025-07-21 21:21:25] DEBUG - PINN_Graph - Epoch 650 boundary left   loss: 1.285e-05 | v=0: 6.969e-07, sxy=0: 3.096e-06, syz=0: 9.052e-06
[2025-07-21 21:21:25] DEBUG - PINN_Graph - Epoch 650 boundary bottom loss: 7.385e-07 | gn=0: 2.232e-07, t1=0: 4.229e-07, t2=0: 9.233e-08
[2025-07-21 21:21:25] DEBUG - PINN_Graph - Epoch 650 TOTALS -> PDE: 5.182e-04, Bcs: 4.857e-04, LOSS: 1.004e-03
[2025-07-21 21:21:31] DEBUG - PINN_Graph - Epoch 700 PDE terms: [1: 2.645e-05, 2: 1.810e-05, 3: 2.591e-04, 4: 3.945e-05, 5: 2.994e-05, 6: 1.211e-04, 7: 5.002e-06, 8: 1.410e-05, 9: 1.551e-05]
[2025-07-21 21:21:31] DEBUG - PINN_Graph - Epoch 700 boundary top    loss: 3.068e-04 | szz=pressure: 2.389e-04, syz=0: 3.698e-05, szx=0: 3.094e-05
[2025-07-21 21:21:31] DEBUG - PINN_Graph - Epoch 700 boundary front  loss: 6.882e-05 | sxx=0: 4.843e-05, sxy=0: 6.693e-06, szx=0: 1.370e-05
[2025-07-21 21:21:31] DEBUG - PINN_Graph - Epoch 700 boundary back   loss: 1.116e-05 | u=0: 3.790e-07, sxy=0: 1.726e-06, szx=0: 9.056e-06
[2025-07-21 21:21:31] DEBUG - PINN_Graph - Epoch 700 boundary right  loss: 5.094e-05 | syy=0: 3.268e-05, sxy=0: 5.581e-06, syz=0: 1.268e-05
[2025-07-21 21:21:31] DEBUG - PINN_Graph - Epoch 700 boundary left   loss: 1.578e-05 | v=0: 4.117e-07, sxy=0: 3.414e-06, syz=0: 1.196e-05
[2025-07-21 21:21:31] DEBUG - PINN_Graph - Epoch 700 boundary bottom loss: 1.551e-06 | gn=0: 9.887e-07, t1=0: 3.215e-07, t2=0: 2.412e-07
[2025-07-21 21:21:31] DEBUG - PINN_Graph - Epoch 700 TOTALS -> PDE: 5.287e-04, Bcs: 4.550e-04, LOSS: 9.837e-04
[2025-07-21 21:21:37] DEBUG - PINN_Graph - Epoch 750 PDE terms: [1: 2.390e-05, 2: 1.857e-05, 3: 2.692e-04, 4: 3.734e-05, 5: 2.725e-05, 6: 1.220e-04, 7: 4.983e-06, 8: 1.374e-05, 9: 1.411e-05]
[2025-07-21 21:21:37] DEBUG - PINN_Graph - Epoch 750 boundary top    loss: 3.665e-04 | szz=pressure: 3.025e-04, syz=0: 2.923e-05, szx=0: 3.485e-05
[2025-07-21 21:21:37] DEBUG - PINN_Graph - Epoch 750 boundary front  loss: 7.097e-05 | sxx=0: 5.037e-05, sxy=0: 5.741e-06, szx=0: 1.486e-05
[2025-07-21 21:21:37] DEBUG - PINN_Graph - Epoch 750 boundary back   loss: 1.156e-05 | u=0: 1.580e-06, sxy=0: 2.036e-06, szx=0: 7.939e-06
[2025-07-21 21:21:37] DEBUG - PINN_Graph - Epoch 750 boundary right  loss: 4.901e-05 | syy=0: 3.258e-05, sxy=0: 4.801e-06, syz=0: 1.162e-05
[2025-07-21 21:21:37] DEBUG - PINN_Graph - Epoch 750 boundary left   loss: 1.179e-05 | v=0: 2.381e-07, sxy=0: 3.066e-06, syz=0: 8.486e-06
[2025-07-21 21:21:37] DEBUG - PINN_Graph - Epoch 750 boundary bottom loss: 1.947e-06 | gn=0: 1.443e-06, t1=0: 4.132e-07, t2=0: 9.079e-08
[2025-07-21 21:21:37] DEBUG - PINN_Graph - Epoch 750 TOTALS -> PDE: 5.311e-04, Bcs: 5.118e-04, LOSS: 1.043e-03
[2025-07-21 21:21:42] DEBUG - PINN_Graph - Epoch 800 PDE terms: [1: 2.466e-05, 2: 1.655e-05, 3: 2.638e-04, 4: 3.879e-05, 5: 2.854e-05, 6: 1.227e-04, 7: 4.767e-06, 8: 1.313e-05, 9: 1.406e-05]
[2025-07-21 21:21:42] DEBUG - PINN_Graph - Epoch 800 boundary top    loss: 3.641e-04 | szz=pressure: 3.030e-04, syz=0: 3.096e-05, szx=0: 3.015e-05
[2025-07-21 21:21:42] DEBUG - PINN_Graph - Epoch 800 boundary front  loss: 7.151e-05 | sxx=0: 4.907e-05, sxy=0: 7.210e-06, szx=0: 1.523e-05
[2025-07-21 21:21:42] DEBUG - PINN_Graph - Epoch 800 boundary back   loss: 1.487e-05 | u=0: 3.003e-07, sxy=0: 2.071e-06, szx=0: 1.250e-05
[2025-07-21 21:21:42] DEBUG - PINN_Graph - Epoch 800 boundary right  loss: 5.032e-05 | syy=0: 3.334e-05, sxy=0: 4.565e-06, syz=0: 1.242e-05
[2025-07-21 21:21:42] DEBUG - PINN_Graph - Epoch 800 boundary left   loss: 1.437e-05 | v=0: 2.453e-07, sxy=0: 3.074e-06, syz=0: 1.105e-05
[2025-07-21 21:21:42] DEBUG - PINN_Graph - Epoch 800 boundary bottom loss: 1.531e-06 | gn=0: 5.258e-07, t1=0: 9.125e-07, t2=0: 9.286e-08
[2025-07-21 21:21:42] DEBUG - PINN_Graph - Epoch 800 TOTALS -> PDE: 5.270e-04, Bcs: 5.168e-04, LOSS: 1.044e-03
[2025-07-21 21:21:48] DEBUG - PINN_Graph - Epoch 850 PDE terms: [1: 2.291e-05, 2: 1.684e-05, 3: 2.638e-04, 4: 3.998e-05, 5: 2.757e-05, 6: 1.107e-04, 7: 4.760e-06, 8: 1.413e-05, 9: 1.491e-05]
[2025-07-21 21:21:48] DEBUG - PINN_Graph - Epoch 850 boundary top    loss: 3.185e-04 | szz=pressure: 2.560e-04, syz=0: 3.030e-05, szx=0: 3.227e-05
[2025-07-21 21:21:48] DEBUG - PINN_Graph - Epoch 850 boundary front  loss: 9.061e-05 | sxx=0: 6.432e-05, sxy=0: 7.561e-06, szx=0: 1.873e-05
[2025-07-21 21:21:48] DEBUG - PINN_Graph - Epoch 850 boundary back   loss: 1.058e-05 | u=0: 4.717e-07, sxy=0: 1.560e-06, szx=0: 8.550e-06
[2025-07-21 21:21:48] DEBUG - PINN_Graph - Epoch 850 boundary right  loss: 5.176e-05 | syy=0: 3.495e-05, sxy=0: 5.194e-06, syz=0: 1.161e-05
[2025-07-21 21:21:48] DEBUG - PINN_Graph - Epoch 850 boundary left   loss: 1.585e-05 | v=0: 1.626e-07, sxy=0: 2.854e-06, syz=0: 1.283e-05
[2025-07-21 21:21:48] DEBUG - PINN_Graph - Epoch 850 boundary bottom loss: 1.508e-06 | gn=0: 5.160e-07, t1=0: 1.701e-07, t2=0: 8.221e-07
[2025-07-21 21:21:48] DEBUG - PINN_Graph - Epoch 850 TOTALS -> PDE: 5.156e-04, Bcs: 4.888e-04, LOSS: 1.004e-03
[2025-07-21 21:21:54] DEBUG - PINN_Graph - Epoch 900 PDE terms: [1: 2.268e-05, 2: 1.691e-05, 3: 2.657e-04, 4: 3.882e-05, 5: 2.910e-05, 6: 1.275e-04, 7: 4.613e-06, 8: 1.368e-05, 9: 1.497e-05]
[2025-07-21 21:21:54] DEBUG - PINN_Graph - Epoch 900 boundary top    loss: 3.475e-04 | szz=pressure: 2.836e-04, syz=0: 2.950e-05, szx=0: 3.441e-05
[2025-07-21 21:21:54] DEBUG - PINN_Graph - Epoch 900 boundary front  loss: 7.948e-05 | sxx=0: 5.911e-05, sxy=0: 6.142e-06, szx=0: 1.423e-05
[2025-07-21 21:21:54] DEBUG - PINN_Graph - Epoch 900 boundary back   loss: 1.073e-05 | u=0: 9.983e-07, sxy=0: 1.863e-06, szx=0: 7.869e-06
[2025-07-21 21:21:54] DEBUG - PINN_Graph - Epoch 900 boundary right  loss: 5.006e-05 | syy=0: 3.330e-05, sxy=0: 4.373e-06, syz=0: 1.239e-05
[2025-07-21 21:21:54] DEBUG - PINN_Graph - Epoch 900 boundary left   loss: 1.283e-05 | v=0: 3.360e-07, sxy=0: 2.886e-06, syz=0: 9.610e-06
[2025-07-21 21:21:54] DEBUG - PINN_Graph - Epoch 900 boundary bottom loss: 1.381e-06 | gn=0: 6.165e-07, t1=0: 2.043e-07, t2=0: 5.601e-07
[2025-07-21 21:21:54] DEBUG - PINN_Graph - Epoch 900 TOTALS -> PDE: 5.340e-04, Bcs: 5.020e-04, LOSS: 1.036e-03
[2025-07-21 21:21:59] DEBUG - PINN_Graph - Epoch 950 PDE terms: [1: 2.234e-05, 2: 1.627e-05, 3: 2.730e-04, 4: 3.762e-05, 5: 2.787e-05, 6: 1.135e-04, 7: 4.481e-06, 8: 1.387e-05, 9: 1.563e-05]
[2025-07-21 21:21:59] DEBUG - PINN_Graph - Epoch 950 boundary top    loss: 3.080e-04 | szz=pressure: 2.490e-04, syz=0: 2.927e-05, szx=0: 2.975e-05
[2025-07-21 21:21:59] DEBUG - PINN_Graph - Epoch 950 boundary front  loss: 7.412e-05 | sxx=0: 5.381e-05, sxy=0: 5.277e-06, szx=0: 1.503e-05
[2025-07-21 21:21:59] DEBUG - PINN_Graph - Epoch 950 boundary back   loss: 1.124e-05 | u=0: 4.291e-07, sxy=0: 1.497e-06, szx=0: 9.313e-06
[2025-07-21 21:21:59] DEBUG - PINN_Graph - Epoch 950 boundary right  loss: 5.182e-05 | syy=0: 3.462e-05, sxy=0: 4.336e-06, syz=0: 1.287e-05
[2025-07-21 21:21:59] DEBUG - PINN_Graph - Epoch 950 boundary left   loss: 1.451e-05 | v=0: 3.419e-07, sxy=0: 3.242e-06, syz=0: 1.092e-05
[2025-07-21 21:21:59] DEBUG - PINN_Graph - Epoch 950 boundary bottom loss: 1.847e-06 | gn=0: 3.638e-07, t1=0: 4.828e-07, t2=0: 1.001e-06
[2025-07-21 21:21:59] DEBUG - PINN_Graph - Epoch 950 TOTALS -> PDE: 5.246e-04, Bcs: 4.615e-04, LOSS: 9.861e-04
[2025-07-21 21:22:05] DEBUG - PINN_Graph - Epoch 1000 PDE terms: [1: 2.481e-05, 2: 1.653e-05, 3: 2.573e-04, 4: 3.955e-05, 5: 3.018e-05, 6: 1.302e-04, 7: 4.587e-06, 8: 1.347e-05, 9: 1.489e-05]
[2025-07-21 21:22:05] DEBUG - PINN_Graph - Epoch 1000 boundary top    loss: 3.627e-04 | szz=pressure: 2.992e-04, syz=0: 3.380e-05, szx=0: 2.973e-05
[2025-07-21 21:22:05] DEBUG - PINN_Graph - Epoch 1000 boundary front  loss: 7.713e-05 | sxx=0: 5.667e-05, sxy=0: 5.736e-06, szx=0: 1.473e-05
[2025-07-21 21:22:05] DEBUG - PINN_Graph - Epoch 1000 boundary back   loss: 1.282e-05 | u=0: 4.049e-07, sxy=0: 1.437e-06, szx=0: 1.098e-05
[2025-07-21 21:22:05] DEBUG - PINN_Graph - Epoch 1000 boundary right  loss: 4.435e-05 | syy=0: 2.846e-05, sxy=0: 4.426e-06, syz=0: 1.146e-05
[2025-07-21 21:22:05] DEBUG - PINN_Graph - Epoch 1000 boundary left   loss: 1.435e-05 | v=0: 1.841e-07, sxy=0: 3.372e-06, syz=0: 1.079e-05
[2025-07-21 21:22:05] DEBUG - PINN_Graph - Epoch 1000 boundary bottom loss: 4.004e-06 | gn=0: 3.550e-06, t1=0: 3.764e-07, t2=0: 7.692e-08
[2025-07-21 21:22:05] DEBUG - PINN_Graph - Epoch 1000 TOTALS -> PDE: 5.316e-04, Bcs: 5.154e-04, LOSS: 1.047e-03
[2025-07-21 21:22:05] DEBUG - PINN_Graph - Saved weights to log/graph/weights/Step0_layer8_weight.pth
[2025-07-21 21:22:05] DEBUG - PINN_Graph - Switching to L-BFGS optimization...
[2025-07-21 21:22:06] DEBUG - PINN_Graph - Saved weights to log/graph/weights/Step0_layer8_weight.pth
[2025-07-21 21:22:06] DEBUG - PINN_Graph - Layer 9 top-corner displacement: [0.23170407116413116, 0.23438134789466858, -1.0049247741699219]
[2025-07-21 21:22:06] INFO - PINN_Graph - Contact BC pressure: -1.006 from layer 8
[2025-07-21 21:22:06] DEBUG - PINN_Graph - Starting Adam training for layer 7 (1000 epochs, lr=1.0e-03)
[2025-07-21 21:22:06] DEBUG - PINN_Graph - Point counts: inside=512, top=256, bottom=256, front=256, back=256, right=256, left=256
[2025-07-21 21:22:06] DEBUG - PINN_Graph - Inside points shape: (512, 3)
[2025-07-21 21:22:06] DEBUG - PINN_Graph - Top points shape:    (256, 3)
[2025-07-21 21:22:06] DEBUG - PINN_Graph - Bottom points shape: (256, 3)
[2025-07-21 21:22:06] DEBUG - PINN_Graph - Front points shape:  (256, 3)
[2025-07-21 21:22:06] DEBUG - PINN_Graph - Back points shape:   (256, 3)
[2025-07-21 21:22:06] DEBUG - PINN_Graph - Right points shape:  (256, 3)
[2025-07-21 21:22:06] DEBUG - PINN_Graph - Left points shape:   (256, 3)
[2025-07-21 21:22:12] DEBUG - PINN_Graph - Epoch 50 PDE terms: [1: 2.317e-05, 2: 2.383e-05, 3: 2.626e-04, 4: 3.448e-05, 5: 3.198e-05, 6: 1.360e-04, 7: 6.709e-06, 8: 3.026e-05, 9: 2.247e-05]
[2025-07-21 21:22:12] DEBUG - PINN_Graph - Epoch  50 boundary top    loss: 2.824e-04 | szz=pressure: 2.200e-04, syz=0: 2.837e-05, szx=0: 3.394e-05
[2025-07-21 21:22:12] DEBUG - PINN_Graph - Epoch  50 boundary front  loss: 6.214e-05 | sxx=0: 4.233e-05, sxy=0: 6.273e-06, szx=0: 1.355e-05
[2025-07-21 21:22:12] DEBUG - PINN_Graph - Epoch  50 boundary back   loss: 2.147e-05 | u=0: 6.330e-06, sxy=0: 2.113e-06, szx=0: 1.303e-05
[2025-07-21 21:22:12] DEBUG - PINN_Graph - Epoch  50 boundary right  loss: 5.454e-05 | syy=0: 3.457e-05, sxy=0: 4.161e-06, syz=0: 1.581e-05
[2025-07-21 21:22:12] DEBUG - PINN_Graph - Epoch  50 boundary left   loss: 3.765e-05 | v=0: 2.306e-05, sxy=0: 3.313e-06, syz=0: 1.127e-05
[2025-07-21 21:22:12] DEBUG - PINN_Graph - Epoch  50 boundary bottom loss: 4.708e-05 | gn=0: 3.515e-05, t1=0: 6.005e-06, t2=0: 5.924e-06
[2025-07-21 21:22:12] DEBUG - PINN_Graph - Epoch 50 TOTALS -> PDE: 5.715e-04, Bcs: 5.052e-04, LOSS: 1.077e-03
[2025-07-21 21:22:17] DEBUG - PINN_Graph - Epoch 100 PDE terms: [1: 2.173e-05, 2: 1.534e-05, 3: 2.608e-04, 4: 3.565e-05, 5: 2.483e-05, 6: 1.060e-04, 7: 4.673e-06, 8: 1.349e-05, 9: 1.515e-05]
[2025-07-21 21:22:17] DEBUG - PINN_Graph - Epoch 100 boundary top    loss: 3.178e-04 | szz=pressure: 2.599e-04, syz=0: 2.974e-05, szx=0: 2.817e-05
[2025-07-21 21:22:17] DEBUG - PINN_Graph - Epoch 100 boundary front  loss: 6.958e-05 | sxx=0: 4.857e-05, sxy=0: 6.314e-06, szx=0: 1.470e-05
[2025-07-21 21:22:17] DEBUG - PINN_Graph - Epoch 100 boundary back   loss: 1.286e-05 | u=0: 5.694e-07, sxy=0: 1.387e-06, szx=0: 1.091e-05
[2025-07-21 21:22:17] DEBUG - PINN_Graph - Epoch 100 boundary right  loss: 4.764e-05 | syy=0: 3.039e-05, sxy=0: 4.842e-06, syz=0: 1.241e-05
[2025-07-21 21:22:17] DEBUG - PINN_Graph - Epoch 100 boundary left   loss: 1.230e-05 | v=0: 3.805e-07, sxy=0: 2.737e-06, syz=0: 9.178e-06
[2025-07-21 21:22:17] DEBUG - PINN_Graph - Epoch 100 boundary bottom loss: 1.681e-06 | gn=0: 1.204e-06, t1=0: 3.033e-07, t2=0: 1.737e-07
[2025-07-21 21:22:17] DEBUG - PINN_Graph - Epoch 100 TOTALS -> PDE: 4.977e-04, Bcs: 4.619e-04, LOSS: 9.596e-04
[2025-07-21 21:22:23] DEBUG - PINN_Graph - Epoch 150 PDE terms: [1: 2.283e-05, 2: 1.583e-05, 3: 2.579e-04, 4: 3.569e-05, 5: 2.569e-05, 6: 1.052e-04, 7: 4.627e-06, 8: 1.341e-05, 9: 1.362e-05]
[2025-07-21 21:22:23] DEBUG - PINN_Graph - Epoch 150 boundary top    loss: 3.228e-04 | szz=pressure: 2.604e-04, syz=0: 2.942e-05, szx=0: 3.297e-05
[2025-07-21 21:22:23] DEBUG - PINN_Graph - Epoch 150 boundary front  loss: 8.804e-05 | sxx=0: 6.595e-05, sxy=0: 7.843e-06, szx=0: 1.425e-05
[2025-07-21 21:22:23] DEBUG - PINN_Graph - Epoch 150 boundary back   loss: 1.123e-05 | u=0: 3.797e-07, sxy=0: 1.576e-06, szx=0: 9.275e-06
[2025-07-21 21:22:23] DEBUG - PINN_Graph - Epoch 150 boundary right  loss: 4.717e-05 | syy=0: 3.140e-05, sxy=0: 4.375e-06, syz=0: 1.139e-05
[2025-07-21 21:22:23] DEBUG - PINN_Graph - Epoch 150 boundary left   loss: 1.283e-05 | v=0: 2.260e-07, sxy=0: 2.683e-06, syz=0: 9.925e-06
[2025-07-21 21:22:23] DEBUG - PINN_Graph - Epoch 150 boundary bottom loss: 1.177e-06 | gn=0: 9.228e-07, t1=0: 1.509e-07, t2=0: 1.028e-07
[2025-07-21 21:22:23] DEBUG - PINN_Graph - Epoch 150 TOTALS -> PDE: 4.948e-04, Bcs: 4.833e-04, LOSS: 9.781e-04
[2025-07-21 21:22:28] DEBUG - PINN_Graph - Epoch 200 PDE terms: [1: 2.078e-05, 2: 1.506e-05, 3: 2.548e-04, 4: 3.704e-05, 5: 2.775e-05, 6: 1.169e-04, 7: 4.435e-06, 8: 1.317e-05, 9: 1.448e-05]
[2025-07-21 21:22:28] DEBUG - PINN_Graph - Epoch 200 boundary top    loss: 2.977e-04 | szz=pressure: 2.403e-04, syz=0: 2.839e-05, szx=0: 2.901e-05
[2025-07-21 21:22:28] DEBUG - PINN_Graph - Epoch 200 boundary front  loss: 7.051e-05 | sxx=0: 4.761e-05, sxy=0: 5.186e-06, szx=0: 1.772e-05
[2025-07-21 21:22:28] DEBUG - PINN_Graph - Epoch 200 boundary back   loss: 1.180e-05 | u=0: 3.637e-07, sxy=0: 1.566e-06, szx=0: 9.872e-06
[2025-07-21 21:22:28] DEBUG - PINN_Graph - Epoch 200 boundary right  loss: 4.844e-05 | syy=0: 3.113e-05, sxy=0: 5.055e-06, syz=0: 1.225e-05
[2025-07-21 21:22:28] DEBUG - PINN_Graph - Epoch 200 boundary left   loss: 1.303e-05 | v=0: 1.681e-07, sxy=0: 2.854e-06, syz=0: 1.001e-05
[2025-07-21 21:22:28] DEBUG - PINN_Graph - Epoch 200 boundary bottom loss: 6.379e-07 | gn=0: 2.956e-07, t1=0: 2.330e-07, t2=0: 1.092e-07
[2025-07-21 21:22:28] DEBUG - PINN_Graph - Epoch 200 TOTALS -> PDE: 5.043e-04, Bcs: 4.422e-04, LOSS: 9.465e-04
[2025-07-21 21:22:34] DEBUG - PINN_Graph - Epoch 250 PDE terms: [1: 2.261e-05, 2: 1.514e-05, 3: 2.596e-04, 4: 3.890e-05, 5: 2.762e-05, 6: 1.129e-04, 7: 4.434e-06, 8: 1.358e-05, 9: 1.372e-05]
[2025-07-21 21:22:34] DEBUG - PINN_Graph - Epoch 250 boundary top    loss: 2.764e-04 | szz=pressure: 2.186e-04, syz=0: 2.792e-05, szx=0: 2.983e-05
[2025-07-21 21:22:34] DEBUG - PINN_Graph - Epoch 250 boundary front  loss: 7.295e-05 | sxx=0: 5.274e-05, sxy=0: 5.786e-06, szx=0: 1.442e-05
[2025-07-21 21:22:34] DEBUG - PINN_Graph - Epoch 250 boundary back   loss: 1.278e-05 | u=0: 3.325e-07, sxy=0: 1.689e-06, szx=0: 1.076e-05
[2025-07-21 21:22:34] DEBUG - PINN_Graph - Epoch 250 boundary right  loss: 4.934e-05 | syy=0: 3.277e-05, sxy=0: 4.228e-06, syz=0: 1.234e-05
[2025-07-21 21:22:34] DEBUG - PINN_Graph - Epoch 250 boundary left   loss: 1.415e-05 | v=0: 2.019e-07, sxy=0: 3.020e-06, syz=0: 1.093e-05
[2025-07-21 21:22:34] DEBUG - PINN_Graph - Epoch 250 boundary bottom loss: 1.183e-06 | gn=0: 8.359e-07, t1=0: 2.913e-07, t2=0: 5.527e-08
[2025-07-21 21:22:34] DEBUG - PINN_Graph - Epoch 250 TOTALS -> PDE: 5.085e-04, Bcs: 4.268e-04, LOSS: 9.352e-04
[2025-07-21 21:22:39] DEBUG - PINN_Graph - Epoch 300 PDE terms: [1: 2.239e-05, 2: 1.454e-05, 3: 2.587e-04, 4: 3.683e-05, 5: 2.819e-05, 6: 1.278e-04, 7: 4.247e-06, 8: 1.308e-05, 9: 1.365e-05]
[2025-07-21 21:22:39] DEBUG - PINN_Graph - Epoch 300 boundary top    loss: 3.380e-04 | szz=pressure: 2.712e-04, syz=0: 3.305e-05, szx=0: 3.372e-05
[2025-07-21 21:22:39] DEBUG - PINN_Graph - Epoch 300 boundary front  loss: 8.758e-05 | sxx=0: 6.433e-05, sxy=0: 6.774e-06, szx=0: 1.648e-05
[2025-07-21 21:22:39] DEBUG - PINN_Graph - Epoch 300 boundary back   loss: 1.030e-05 | u=0: 2.792e-07, sxy=0: 1.538e-06, szx=0: 8.483e-06
[2025-07-21 21:22:39] DEBUG - PINN_Graph - Epoch 300 boundary right  loss: 5.348e-05 | syy=0: 3.528e-05, sxy=0: 5.191e-06, syz=0: 1.301e-05
[2025-07-21 21:22:39] DEBUG - PINN_Graph - Epoch 300 boundary left   loss: 1.103e-05 | v=0: 1.805e-07, sxy=0: 2.783e-06, syz=0: 8.069e-06
[2025-07-21 21:22:39] DEBUG - PINN_Graph - Epoch 300 boundary bottom loss: 1.642e-06 | gn=0: 1.358e-06, t1=0: 2.154e-07, t2=0: 6.925e-08
[2025-07-21 21:22:39] DEBUG - PINN_Graph - Epoch 300 TOTALS -> PDE: 5.194e-04, Bcs: 5.020e-04, LOSS: 1.021e-03
[2025-07-21 21:22:45] DEBUG - PINN_Graph - Epoch 350 PDE terms: [1: 2.217e-05, 2: 1.550e-05, 3: 2.588e-04, 4: 3.908e-05, 5: 2.660e-05, 6: 1.100e-04, 7: 4.780e-06, 8: 1.327e-05, 9: 1.391e-05]
[2025-07-21 21:22:45] DEBUG - PINN_Graph - Epoch 350 boundary top    loss: 2.970e-04 | szz=pressure: 2.370e-04, syz=0: 2.809e-05, szx=0: 3.189e-05
[2025-07-21 21:22:45] DEBUG - PINN_Graph - Epoch 350 boundary front  loss: 8.213e-05 | sxx=0: 6.119e-05, sxy=0: 6.382e-06, szx=0: 1.456e-05
[2025-07-21 21:22:45] DEBUG - PINN_Graph - Epoch 350 boundary back   loss: 1.135e-05 | u=0: 3.659e-07, sxy=0: 1.574e-06, szx=0: 9.407e-06
[2025-07-21 21:22:45] DEBUG - PINN_Graph - Epoch 350 boundary right  loss: 5.272e-05 | syy=0: 3.585e-05, sxy=0: 3.930e-06, syz=0: 1.294e-05
[2025-07-21 21:22:45] DEBUG - PINN_Graph - Epoch 350 boundary left   loss: 1.278e-05 | v=0: 2.408e-07, sxy=0: 2.896e-06, syz=0: 9.639e-06
[2025-07-21 21:22:45] DEBUG - PINN_Graph - Epoch 350 boundary bottom loss: 5.849e-07 | gn=0: 3.140e-07, t1=0: 2.167e-07, t2=0: 5.420e-08
[2025-07-21 21:22:45] DEBUG - PINN_Graph - Epoch 350 TOTALS -> PDE: 5.041e-04, Bcs: 4.565e-04, LOSS: 9.606e-04
[2025-07-21 21:22:51] DEBUG - PINN_Graph - Epoch 400 PDE terms: [1: 2.230e-05, 2: 1.511e-05, 3: 2.660e-04, 4: 3.829e-05, 5: 2.836e-05, 6: 1.201e-04, 7: 4.206e-06, 8: 1.440e-05, 9: 1.553e-05]
[2025-07-21 21:22:51] DEBUG - PINN_Graph - Epoch 400 boundary top    loss: 2.650e-04 | szz=pressure: 2.083e-04, syz=0: 2.757e-05, szx=0: 2.909e-05
[2025-07-21 21:22:51] DEBUG - PINN_Graph - Epoch 400 boundary front  loss: 7.238e-05 | sxx=0: 5.107e-05, sxy=0: 5.524e-06, szx=0: 1.579e-05
[2025-07-21 21:22:51] DEBUG - PINN_Graph - Epoch 400 boundary back   loss: 1.217e-05 | u=0: 3.390e-07, sxy=0: 1.557e-06, szx=0: 1.027e-05
[2025-07-21 21:22:51] DEBUG - PINN_Graph - Epoch 400 boundary right  loss: 5.417e-05 | syy=0: 3.538e-05, sxy=0: 4.965e-06, syz=0: 1.382e-05
[2025-07-21 21:22:51] DEBUG - PINN_Graph - Epoch 400 boundary left   loss: 1.685e-05 | v=0: 1.676e-07, sxy=0: 2.848e-06, syz=0: 1.383e-05
[2025-07-21 21:22:51] DEBUG - PINN_Graph - Epoch 400 boundary bottom loss: 4.982e-07 | gn=0: 2.474e-07, t1=0: 1.103e-07, t2=0: 1.405e-07
[2025-07-21 21:22:51] DEBUG - PINN_Graph - Epoch 400 TOTALS -> PDE: 5.243e-04, Bcs: 4.210e-04, LOSS: 9.453e-04
[2025-07-21 21:22:56] DEBUG - PINN_Graph - Epoch 450 PDE terms: [1: 2.049e-05, 2: 1.424e-05, 3: 2.671e-04, 4: 3.695e-05, 5: 2.826e-05, 6: 1.189e-04, 7: 4.156e-06, 8: 1.284e-05, 9: 1.396e-05]
[2025-07-21 21:22:56] DEBUG - PINN_Graph - Epoch 450 boundary top    loss: 3.267e-04 | szz=pressure: 2.646e-04, syz=0: 2.785e-05, szx=0: 3.425e-05
[2025-07-21 21:22:56] DEBUG - PINN_Graph - Epoch 450 boundary front  loss: 7.922e-05 | sxx=0: 5.897e-05, sxy=0: 5.571e-06, szx=0: 1.468e-05
[2025-07-21 21:22:56] DEBUG - PINN_Graph - Epoch 450 boundary back   loss: 1.275e-05 | u=0: 3.053e-07, sxy=0: 1.578e-06, szx=0: 1.086e-05
[2025-07-21 21:22:56] DEBUG - PINN_Graph - Epoch 450 boundary right  loss: 4.603e-05 | syy=0: 2.963e-05, sxy=0: 4.643e-06, syz=0: 1.176e-05
[2025-07-21 21:22:56] DEBUG - PINN_Graph - Epoch 450 boundary left   loss: 1.208e-05 | v=0: 1.529e-07, sxy=0: 2.571e-06, syz=0: 9.358e-06
[2025-07-21 21:22:56] DEBUG - PINN_Graph - Epoch 450 boundary bottom loss: 7.633e-07 | gn=0: 5.475e-07, t1=0: 1.147e-07, t2=0: 1.012e-07
[2025-07-21 21:22:56] DEBUG - PINN_Graph - Epoch 450 TOTALS -> PDE: 5.169e-04, Bcs: 4.775e-04, LOSS: 9.944e-04
[2025-07-21 21:23:02] DEBUG - PINN_Graph - Epoch 500 PDE terms: [1: 1.971e-05, 2: 1.514e-05, 3: 2.992e-04, 4: 3.724e-05, 5: 2.792e-05, 6: 1.103e-04, 7: 4.400e-06, 8: 1.243e-05, 9: 1.338e-05]
[2025-07-21 21:23:02] DEBUG - PINN_Graph - Epoch 500 boundary top    loss: 3.496e-04 | szz=pressure: 2.890e-04, syz=0: 3.162e-05, szx=0: 2.902e-05
[2025-07-21 21:23:02] DEBUG - PINN_Graph - Epoch 500 boundary front  loss: 8.738e-05 | sxx=0: 6.489e-05, sxy=0: 6.244e-06, szx=0: 1.624e-05
[2025-07-21 21:23:02] DEBUG - PINN_Graph - Epoch 500 boundary back   loss: 1.240e-05 | u=0: 4.778e-07, sxy=0: 1.426e-06, szx=0: 1.050e-05
[2025-07-21 21:23:02] DEBUG - PINN_Graph - Epoch 500 boundary right  loss: 5.507e-05 | syy=0: 3.849e-05, sxy=0: 4.740e-06, syz=0: 1.184e-05
[2025-07-21 21:23:02] DEBUG - PINN_Graph - Epoch 500 boundary left   loss: 1.177e-05 | v=0: 1.835e-07, sxy=0: 2.744e-06, syz=0: 8.847e-06
[2025-07-21 21:23:02] DEBUG - PINN_Graph - Epoch 500 boundary bottom loss: 6.618e-07 | gn=0: 2.524e-07, t1=0: 3.103e-07, t2=0: 9.909e-08
[2025-07-21 21:23:02] DEBUG - PINN_Graph - Epoch 500 TOTALS -> PDE: 5.397e-04, Bcs: 5.169e-04, LOSS: 1.057e-03
[2025-07-21 21:23:08] DEBUG - PINN_Graph - Epoch 550 PDE terms: [1: 2.012e-05, 2: 1.487e-05, 3: 2.695e-04, 4: 3.701e-05, 5: 2.598e-05, 6: 1.039e-04, 7: 4.209e-06, 8: 1.298e-05, 9: 1.383e-05]
[2025-07-21 21:23:08] DEBUG - PINN_Graph - Epoch 550 boundary top    loss: 2.954e-04 | szz=pressure: 2.349e-04, syz=0: 3.007e-05, szx=0: 3.041e-05
[2025-07-21 21:23:08] DEBUG - PINN_Graph - Epoch 550 boundary front  loss: 7.377e-05 | sxx=0: 5.502e-05, sxy=0: 6.069e-06, szx=0: 1.268e-05
[2025-07-21 21:23:08] DEBUG - PINN_Graph - Epoch 550 boundary back   loss: 1.200e-05 | u=0: 3.266e-07, sxy=0: 1.272e-06, szx=0: 1.040e-05
[2025-07-21 21:23:08] DEBUG - PINN_Graph - Epoch 550 boundary right  loss: 4.718e-05 | syy=0: 3.270e-05, sxy=0: 4.678e-06, syz=0: 9.806e-06
[2025-07-21 21:23:08] DEBUG - PINN_Graph - Epoch 550 boundary left   loss: 1.432e-05 | v=0: 3.567e-07, sxy=0: 2.685e-06, syz=0: 1.128e-05
[2025-07-21 21:23:08] DEBUG - PINN_Graph - Epoch 550 boundary bottom loss: 7.733e-07 | gn=0: 5.804e-07, t1=0: 1.242e-07, t2=0: 6.881e-08
[2025-07-21 21:23:08] DEBUG - PINN_Graph - Epoch 550 TOTALS -> PDE: 5.023e-04, Bcs: 4.434e-04, LOSS: 9.457e-04
[2025-07-21 21:23:13] DEBUG - PINN_Graph - Epoch 600 PDE terms: [1: 1.963e-05, 2: 1.463e-05, 3: 2.623e-04, 4: 3.541e-05, 5: 2.641e-05, 6: 1.046e-04, 7: 4.137e-06, 8: 1.298e-05, 9: 1.361e-05]
[2025-07-21 21:23:13] DEBUG - PINN_Graph - Epoch 600 boundary top    loss: 2.824e-04 | szz=pressure: 2.236e-04, syz=0: 2.751e-05, szx=0: 3.122e-05
[2025-07-21 21:23:13] DEBUG - PINN_Graph - Epoch 600 boundary front  loss: 7.217e-05 | sxx=0: 5.312e-05, sxy=0: 5.565e-06, szx=0: 1.348e-05
[2025-07-21 21:23:13] DEBUG - PINN_Graph - Epoch 600 boundary back   loss: 1.139e-05 | u=0: 4.010e-07, sxy=0: 1.658e-06, szx=0: 9.333e-06
[2025-07-21 21:23:13] DEBUG - PINN_Graph - Epoch 600 boundary right  loss: 4.956e-05 | syy=0: 3.271e-05, sxy=0: 4.158e-06, syz=0: 1.269e-05
[2025-07-21 21:23:13] DEBUG - PINN_Graph - Epoch 600 boundary left   loss: 1.493e-05 | v=0: 2.270e-07, sxy=0: 2.934e-06, syz=0: 1.177e-05
[2025-07-21 21:23:13] DEBUG - PINN_Graph - Epoch 600 boundary bottom loss: 1.047e-06 | gn=0: 8.580e-07, t1=0: 1.221e-07, t2=0: 6.669e-08
[2025-07-21 21:23:13] DEBUG - PINN_Graph - Epoch 600 TOTALS -> PDE: 4.937e-04, Bcs: 4.315e-04, LOSS: 9.252e-04
[2025-07-21 21:23:19] DEBUG - PINN_Graph - Epoch 650 PDE terms: [1: 1.988e-05, 2: 1.423e-05, 3: 2.664e-04, 4: 3.606e-05, 5: 2.639e-05, 6: 1.304e-04, 7: 4.309e-06, 8: 1.326e-05, 9: 1.499e-05]
[2025-07-21 21:23:19] DEBUG - PINN_Graph - Epoch 650 boundary top    loss: 3.185e-04 | szz=pressure: 2.569e-04, syz=0: 2.974e-05, szx=0: 3.192e-05
[2025-07-21 21:23:19] DEBUG - PINN_Graph - Epoch 650 boundary front  loss: 7.706e-05 | sxx=0: 5.657e-05, sxy=0: 6.190e-06, szx=0: 1.430e-05
[2025-07-21 21:23:19] DEBUG - PINN_Graph - Epoch 650 boundary back   loss: 1.095e-05 | u=0: 7.167e-07, sxy=0: 1.547e-06, szx=0: 8.687e-06
[2025-07-21 21:23:19] DEBUG - PINN_Graph - Epoch 650 boundary right  loss: 4.674e-05 | syy=0: 3.161e-05, sxy=0: 4.304e-06, syz=0: 1.082e-05
[2025-07-21 21:23:19] DEBUG - PINN_Graph - Epoch 650 boundary left   loss: 1.383e-05 | v=0: 8.858e-07, sxy=0: 2.436e-06, syz=0: 1.051e-05
[2025-07-21 21:23:19] DEBUG - PINN_Graph - Epoch 650 boundary bottom loss: 1.784e-06 | gn=0: 8.127e-07, t1=0: 2.210e-07, t2=0: 7.499e-07
[2025-07-21 21:23:19] DEBUG - PINN_Graph - Epoch 650 TOTALS -> PDE: 5.259e-04, Bcs: 4.689e-04, LOSS: 9.948e-04
[2025-07-21 21:23:25] DEBUG - PINN_Graph - Epoch 700 PDE terms: [1: 1.992e-05, 2: 1.486e-05, 3: 2.612e-04, 4: 3.499e-05, 5: 2.546e-05, 6: 1.110e-04, 7: 4.227e-06, 8: 1.306e-05, 9: 1.388e-05]
[2025-07-21 21:23:25] DEBUG - PINN_Graph - Epoch 700 boundary top    loss: 3.319e-04 | szz=pressure: 2.742e-04, syz=0: 3.116e-05, szx=0: 2.661e-05
[2025-07-21 21:23:25] DEBUG - PINN_Graph - Epoch 700 boundary front  loss: 7.116e-05 | sxx=0: 5.201e-05, sxy=0: 6.601e-06, szx=0: 1.255e-05
[2025-07-21 21:23:25] DEBUG - PINN_Graph - Epoch 700 boundary back   loss: 1.299e-05 | u=0: 3.513e-07, sxy=0: 1.536e-06, szx=0: 1.110e-05
[2025-07-21 21:23:25] DEBUG - PINN_Graph - Epoch 700 boundary right  loss: 5.023e-05 | syy=0: 3.554e-05, sxy=0: 4.777e-06, syz=0: 9.915e-06
[2025-07-21 21:23:25] DEBUG - PINN_Graph - Epoch 700 boundary left   loss: 1.295e-05 | v=0: 4.250e-07, sxy=0: 2.444e-06, syz=0: 1.008e-05
[2025-07-21 21:23:25] DEBUG - PINN_Graph - Epoch 700 boundary bottom loss: 1.921e-06 | gn=0: 1.733e-06, t1=0: 1.322e-07, t2=0: 5.648e-08
[2025-07-21 21:23:25] DEBUG - PINN_Graph - Epoch 700 TOTALS -> PDE: 4.986e-04, Bcs: 4.812e-04, LOSS: 9.797e-04
[2025-07-21 21:23:31] DEBUG - PINN_Graph - Epoch 750 PDE terms: [1: 1.887e-05, 2: 1.293e-05, 3: 2.613e-04, 4: 3.842e-05, 5: 2.801e-05, 6: 1.401e-04, 7: 4.239e-06, 8: 1.378e-05, 9: 1.599e-05]
[2025-07-21 21:23:31] DEBUG - PINN_Graph - Epoch 750 boundary top    loss: 3.718e-04 | szz=pressure: 3.095e-04, syz=0: 3.166e-05, szx=0: 3.067e-05
[2025-07-21 21:23:31] DEBUG - PINN_Graph - Epoch 750 boundary front  loss: 9.110e-05 | sxx=0: 6.952e-05, sxy=0: 5.777e-06, szx=0: 1.580e-05
[2025-07-21 21:23:31] DEBUG - PINN_Graph - Epoch 750 boundary back   loss: 1.160e-05 | u=0: 4.280e-07, sxy=0: 1.234e-06, szx=0: 9.939e-06
[2025-07-21 21:23:31] DEBUG - PINN_Graph - Epoch 750 boundary right  loss: 5.702e-05 | syy=0: 3.870e-05, sxy=0: 4.847e-06, syz=0: 1.348e-05
[2025-07-21 21:23:31] DEBUG - PINN_Graph - Epoch 750 boundary left   loss: 1.435e-05 | v=0: 3.436e-07, sxy=0: 2.538e-06, syz=0: 1.147e-05
[2025-07-21 21:23:31] DEBUG - PINN_Graph - Epoch 750 boundary bottom loss: 2.480e-06 | gn=0: 1.632e-06, t1=0: 1.176e-07, t2=0: 7.309e-07
[2025-07-21 21:23:31] DEBUG - PINN_Graph - Epoch 750 TOTALS -> PDE: 5.336e-04, Bcs: 5.484e-04, LOSS: 1.082e-03
[2025-07-21 21:23:37] DEBUG - PINN_Graph - Epoch 800 PDE terms: [1: 1.891e-05, 2: 1.363e-05, 3: 2.720e-04, 4: 3.334e-05, 5: 2.442e-05, 6: 1.030e-04, 7: 4.376e-06, 8: 1.175e-05, 9: 1.307e-05]
[2025-07-21 21:23:37] DEBUG - PINN_Graph - Epoch 800 boundary top    loss: 3.262e-04 | szz=pressure: 2.736e-04, syz=0: 2.597e-05, szx=0: 2.661e-05
[2025-07-21 21:23:37] DEBUG - PINN_Graph - Epoch 800 boundary front  loss: 6.683e-05 | sxx=0: 4.769e-05, sxy=0: 6.303e-06, szx=0: 1.284e-05
[2025-07-21 21:23:37] DEBUG - PINN_Graph - Epoch 800 boundary back   loss: 1.027e-05 | u=0: 5.232e-07, sxy=0: 1.249e-06, szx=0: 8.502e-06
[2025-07-21 21:23:37] DEBUG - PINN_Graph - Epoch 800 boundary right  loss: 5.105e-05 | syy=0: 3.546e-05, sxy=0: 3.761e-06, syz=0: 1.183e-05
[2025-07-21 21:23:37] DEBUG - PINN_Graph - Epoch 800 boundary left   loss: 9.800e-06 | v=0: 6.728e-07, sxy=0: 2.167e-06, syz=0: 6.961e-06
[2025-07-21 21:23:37] DEBUG - PINN_Graph - Epoch 800 boundary bottom loss: 7.859e-07 | gn=0: 3.155e-07, t1=0: 2.459e-07, t2=0: 2.246e-07
[2025-07-21 21:23:37] DEBUG - PINN_Graph - Epoch 800 TOTALS -> PDE: 4.945e-04, Bcs: 4.649e-04, LOSS: 9.594e-04
[2025-07-21 21:23:42] DEBUG - PINN_Graph - Epoch 850 PDE terms: [1: 2.040e-05, 2: 1.410e-05, 3: 2.558e-04, 4: 3.559e-05, 5: 2.532e-05, 6: 1.187e-04, 7: 3.833e-06, 8: 1.286e-05, 9: 1.381e-05]
[2025-07-21 21:23:42] DEBUG - PINN_Graph - Epoch 850 boundary top    loss: 3.050e-04 | szz=pressure: 2.480e-04, syz=0: 2.859e-05, szx=0: 2.843e-05
[2025-07-21 21:23:42] DEBUG - PINN_Graph - Epoch 850 boundary front  loss: 6.173e-05 | sxx=0: 4.389e-05, sxy=0: 5.195e-06, szx=0: 1.264e-05
[2025-07-21 21:23:42] DEBUG - PINN_Graph - Epoch 850 boundary back   loss: 1.216e-05 | u=0: 8.264e-07, sxy=0: 1.231e-06, szx=0: 1.010e-05
[2025-07-21 21:23:42] DEBUG - PINN_Graph - Epoch 850 boundary right  loss: 4.768e-05 | syy=0: 3.128e-05, sxy=0: 4.905e-06, syz=0: 1.149e-05
[2025-07-21 21:23:42] DEBUG - PINN_Graph - Epoch 850 boundary left   loss: 1.288e-05 | v=0: 7.098e-07, sxy=0: 2.784e-06, syz=0: 9.385e-06
[2025-07-21 21:23:42] DEBUG - PINN_Graph - Epoch 850 boundary bottom loss: 4.697e-06 | gn=0: 4.172e-06, t1=0: 1.112e-07, t2=0: 4.131e-07
[2025-07-21 21:23:42] DEBUG - PINN_Graph - Epoch 850 TOTALS -> PDE: 5.004e-04, Bcs: 4.441e-04, LOSS: 9.446e-04
[2025-07-21 21:23:48] DEBUG - PINN_Graph - Epoch 900 PDE terms: [1: 1.840e-05, 2: 1.432e-05, 3: 2.623e-04, 4: 3.483e-05, 5: 2.537e-05, 6: 1.049e-04, 7: 4.013e-06, 8: 1.234e-05, 9: 1.242e-05]
[2025-07-21 21:23:48] DEBUG - PINN_Graph - Epoch 900 boundary top    loss: 3.273e-04 | szz=pressure: 2.707e-04, syz=0: 2.653e-05, szx=0: 3.009e-05
[2025-07-21 21:23:48] DEBUG - PINN_Graph - Epoch 900 boundary front  loss: 7.913e-05 | sxx=0: 5.855e-05, sxy=0: 6.401e-06, szx=0: 1.418e-05
[2025-07-21 21:23:48] DEBUG - PINN_Graph - Epoch 900 boundary back   loss: 1.059e-05 | u=0: 4.555e-07, sxy=0: 1.379e-06, szx=0: 8.753e-06
[2025-07-21 21:23:48] DEBUG - PINN_Graph - Epoch 900 boundary right  loss: 4.917e-05 | syy=0: 3.424e-05, sxy=0: 3.538e-06, syz=0: 1.139e-05
[2025-07-21 21:23:48] DEBUG - PINN_Graph - Epoch 900 boundary left   loss: 1.260e-05 | v=0: 3.110e-07, sxy=0: 2.189e-06, syz=0: 1.010e-05
[2025-07-21 21:23:48] DEBUG - PINN_Graph - Epoch 900 boundary bottom loss: 1.153e-06 | gn=0: 2.484e-07, t1=0: 5.752e-07, t2=0: 3.295e-07
[2025-07-21 21:23:48] DEBUG - PINN_Graph - Epoch 900 TOTALS -> PDE: 4.888e-04, Bcs: 4.799e-04, LOSS: 9.688e-04
[2025-07-21 21:23:54] DEBUG - PINN_Graph - Epoch 950 PDE terms: [1: 1.948e-05, 2: 1.461e-05, 3: 2.753e-04, 4: 4.608e-05, 5: 3.490e-05, 6: 1.507e-04, 7: 4.804e-06, 8: 1.382e-05, 9: 1.313e-05]
[2025-07-21 21:23:54] DEBUG - PINN_Graph - Epoch 950 boundary top    loss: 3.242e-04 | szz=pressure: 2.688e-04, syz=0: 2.660e-05, szx=0: 2.878e-05
[2025-07-21 21:23:54] DEBUG - PINN_Graph - Epoch 950 boundary front  loss: 9.713e-05 | sxx=0: 7.614e-05, sxy=0: 5.447e-06, szx=0: 1.555e-05
[2025-07-21 21:23:54] DEBUG - PINN_Graph - Epoch 950 boundary back   loss: 1.219e-05 | u=0: 6.728e-07, sxy=0: 1.456e-06, szx=0: 1.006e-05
[2025-07-21 21:23:54] DEBUG - PINN_Graph - Epoch 950 boundary right  loss: 7.351e-05 | syy=0: 5.386e-05, sxy=0: 4.229e-06, syz=0: 1.542e-05
[2025-07-21 21:23:54] DEBUG - PINN_Graph - Epoch 950 boundary left   loss: 1.654e-05 | v=0: 3.388e-07, sxy=0: 3.071e-06, syz=0: 1.313e-05
[2025-07-21 21:23:54] DEBUG - PINN_Graph - Epoch 950 boundary bottom loss: 1.433e-06 | gn=0: 1.253e-06, t1=0: 1.154e-07, t2=0: 6.461e-08
[2025-07-21 21:23:54] DEBUG - PINN_Graph - Epoch 950 TOTALS -> PDE: 5.728e-04, Bcs: 5.250e-04, LOSS: 1.098e-03
[2025-07-21 21:24:00] DEBUG - PINN_Graph - Epoch 1000 PDE terms: [1: 2.019e-05, 2: 1.344e-05, 3: 2.518e-04, 4: 3.545e-05, 5: 2.542e-05, 6: 1.113e-04, 7: 3.980e-06, 8: 1.294e-05, 9: 1.353e-05]
[2025-07-21 21:24:00] DEBUG - PINN_Graph - Epoch 1000 boundary top    loss: 3.024e-04 | szz=pressure: 2.486e-04, syz=0: 2.719e-05, szx=0: 2.655e-05
[2025-07-21 21:24:00] DEBUG - PINN_Graph - Epoch 1000 boundary front  loss: 6.683e-05 | sxx=0: 4.876e-05, sxy=0: 5.822e-06, szx=0: 1.224e-05
[2025-07-21 21:24:00] DEBUG - PINN_Graph - Epoch 1000 boundary back   loss: 1.135e-05 | u=0: 3.682e-07, sxy=0: 1.332e-06, szx=0: 9.652e-06
[2025-07-21 21:24:00] DEBUG - PINN_Graph - Epoch 1000 boundary right  loss: 4.730e-05 | syy=0: 2.969e-05, sxy=0: 5.564e-06, syz=0: 1.204e-05
[2025-07-21 21:24:00] DEBUG - PINN_Graph - Epoch 1000 boundary left   loss: 1.251e-05 | v=0: 1.372e-07, sxy=0: 2.718e-06, syz=0: 9.657e-06
[2025-07-21 21:24:00] DEBUG - PINN_Graph - Epoch 1000 boundary bottom loss: 3.567e-06 | gn=0: 2.964e-06, t1=0: 2.529e-07, t2=0: 3.498e-07
[2025-07-21 21:24:00] DEBUG - PINN_Graph - Epoch 1000 TOTALS -> PDE: 4.881e-04, Bcs: 4.439e-04, LOSS: 9.320e-04
[2025-07-21 21:24:00] DEBUG - PINN_Graph - Saved weights to log/graph/weights/Step0_layer7_weight.pth
[2025-07-21 21:24:00] DEBUG - PINN_Graph - Switching to L-BFGS optimization...
[2025-07-21 21:24:03] DEBUG - PINN_Graph - Saved weights to log/graph/weights/Step0_layer7_weight.pth
[2025-07-21 21:24:03] DEBUG - PINN_Graph - Layer 8 top-corner displacement: [0.23404276371002197, 0.23560214042663574, -1.0080629587173462]
[2025-07-21 21:24:03] INFO - PINN_Graph - Contact BC pressure: -1.007 from layer 7
[2025-07-21 21:24:03] DEBUG - PINN_Graph - Starting Adam training for layer 6 (1000 epochs, lr=1.0e-03)
[2025-07-21 21:24:03] DEBUG - PINN_Graph - Point counts: inside=512, top=256, bottom=256, front=256, back=256, right=256, left=256
[2025-07-21 21:24:03] DEBUG - PINN_Graph - Inside points shape: (512, 3)
[2025-07-21 21:24:03] DEBUG - PINN_Graph - Top points shape:    (256, 3)
[2025-07-21 21:24:03] DEBUG - PINN_Graph - Bottom points shape: (256, 3)
[2025-07-21 21:24:03] DEBUG - PINN_Graph - Front points shape:  (256, 3)
[2025-07-21 21:24:03] DEBUG - PINN_Graph - Back points shape:   (256, 3)
[2025-07-21 21:24:03] DEBUG - PINN_Graph - Right points shape:  (256, 3)
[2025-07-21 21:24:03] DEBUG - PINN_Graph - Left points shape:   (256, 3)
[2025-07-21 21:24:08] DEBUG - PINN_Graph - Epoch 50 PDE terms: [1: 1.874e-05, 2: 1.304e-05, 3: 2.745e-04, 4: 5.129e-05, 5: 2.692e-05, 6: 1.240e-04, 7: 6.629e-06, 8: 1.393e-05, 9: 1.439e-05]
[2025-07-21 21:24:08] DEBUG - PINN_Graph - Epoch  50 boundary top    loss: 3.987e-04 | szz=pressure: 3.400e-04, syz=0: 2.779e-05, szx=0: 3.092e-05
[2025-07-21 21:24:09] DEBUG - PINN_Graph - Epoch  50 boundary front  loss: 8.158e-05 | sxx=0: 6.060e-05, sxy=0: 6.896e-06, szx=0: 1.408e-05
[2025-07-21 21:24:09] DEBUG - PINN_Graph - Epoch  50 boundary back   loss: 1.722e-05 | u=0: 5.942e-06, sxy=0: 1.480e-06, szx=0: 9.800e-06
[2025-07-21 21:24:09] DEBUG - PINN_Graph - Epoch  50 boundary right  loss: 5.053e-05 | syy=0: 3.314e-05, sxy=0: 4.639e-06, syz=0: 1.276e-05
[2025-07-21 21:24:09] DEBUG - PINN_Graph - Epoch  50 boundary left   loss: 1.625e-05 | v=0: 3.738e-06, sxy=0: 3.652e-06, syz=0: 8.861e-06
[2025-07-21 21:24:09] DEBUG - PINN_Graph - Epoch  50 boundary bottom loss: 2.226e-06 | gn=0: 2.826e-07, t1=0: 9.580e-07, t2=0: 9.855e-07
[2025-07-21 21:24:09] DEBUG - PINN_Graph - Epoch 50 TOTALS -> PDE: 5.434e-04, Bcs: 5.665e-04, LOSS: 1.110e-03
[2025-07-21 21:24:14] DEBUG - PINN_Graph - Epoch 100 PDE terms: [1: 1.759e-05, 2: 1.232e-05, 3: 2.517e-04, 4: 3.311e-05, 5: 2.480e-05, 6: 1.087e-04, 7: 3.827e-06, 8: 1.128e-05, 9: 1.324e-05]
[2025-07-21 21:24:14] DEBUG - PINN_Graph - Epoch 100 boundary top    loss: 3.273e-04 | szz=pressure: 2.723e-04, syz=0: 2.524e-05, szx=0: 2.973e-05
[2025-07-21 21:24:14] DEBUG - PINN_Graph - Epoch 100 boundary front  loss: 6.833e-05 | sxx=0: 4.999e-05, sxy=0: 4.964e-06, szx=0: 1.338e-05
[2025-07-21 21:24:14] DEBUG - PINN_Graph - Epoch 100 boundary back   loss: 1.014e-05 | u=0: 3.655e-07, sxy=0: 1.491e-06, szx=0: 8.286e-06
[2025-07-21 21:24:14] DEBUG - PINN_Graph - Epoch 100 boundary right  loss: 4.530e-05 | syy=0: 3.023e-05, sxy=0: 4.979e-06, syz=0: 1.009e-05
[2025-07-21 21:24:14] DEBUG - PINN_Graph - Epoch 100 boundary left   loss: 1.177e-05 | v=0: 2.693e-07, sxy=0: 2.631e-06, syz=0: 8.870e-06
[2025-07-21 21:24:14] DEBUG - PINN_Graph - Epoch 100 boundary bottom loss: 1.328e-06 | gn=0: 1.103e-06, t1=0: 1.478e-07, t2=0: 7.747e-08
[2025-07-21 21:24:14] DEBUG - PINN_Graph - Epoch 100 TOTALS -> PDE: 4.765e-04, Bcs: 4.642e-04, LOSS: 9.407e-04
[2025-07-21 21:24:20] DEBUG - PINN_Graph - Epoch 150 PDE terms: [1: 1.898e-05, 2: 1.325e-05, 3: 2.598e-04, 4: 3.260e-05, 5: 2.435e-05, 6: 1.064e-04, 7: 3.647e-06, 8: 1.205e-05, 9: 1.339e-05]
[2025-07-21 21:24:20] DEBUG - PINN_Graph - Epoch 150 boundary top    loss: 2.981e-04 | szz=pressure: 2.445e-04, syz=0: 2.593e-05, szx=0: 2.763e-05
[2025-07-21 21:24:20] DEBUG - PINN_Graph - Epoch 150 boundary front  loss: 8.494e-05 | sxx=0: 6.293e-05, sxy=0: 5.261e-06, szx=0: 1.675e-05
[2025-07-21 21:24:20] DEBUG - PINN_Graph - Epoch 150 boundary back   loss: 1.125e-05 | u=0: 3.448e-07, sxy=0: 1.168e-06, szx=0: 9.738e-06
[2025-07-21 21:24:20] DEBUG - PINN_Graph - Epoch 150 boundary right  loss: 4.383e-05 | syy=0: 3.023e-05, sxy=0: 3.543e-06, syz=0: 1.006e-05
[2025-07-21 21:24:20] DEBUG - PINN_Graph - Epoch 150 boundary left   loss: 1.208e-05 | v=0: 1.567e-07, sxy=0: 2.180e-06, syz=0: 9.742e-06
[2025-07-21 21:24:20] DEBUG - PINN_Graph - Epoch 150 boundary bottom loss: 3.004e-07 | gn=0: 1.710e-07, t1=0: 7.755e-08, t2=0: 5.188e-08
[2025-07-21 21:24:20] DEBUG - PINN_Graph - Epoch 150 TOTALS -> PDE: 4.844e-04, Bcs: 4.505e-04, LOSS: 9.349e-04
[2025-07-21 21:24:26] DEBUG - PINN_Graph - Epoch 200 PDE terms: [1: 1.878e-05, 2: 1.374e-05, 3: 2.656e-04, 4: 3.416e-05, 5: 2.666e-05, 6: 1.059e-04, 7: 3.825e-06, 8: 1.257e-05, 9: 1.358e-05]
[2025-07-21 21:24:26] DEBUG - PINN_Graph - Epoch 200 boundary top    loss: 2.976e-04 | szz=pressure: 2.375e-04, syz=0: 2.819e-05, szx=0: 3.192e-05
[2025-07-21 21:24:26] DEBUG - PINN_Graph - Epoch 200 boundary front  loss: 6.392e-05 | sxx=0: 4.603e-05, sxy=0: 5.271e-06, szx=0: 1.262e-05
[2025-07-21 21:24:26] DEBUG - PINN_Graph - Epoch 200 boundary back   loss: 1.126e-05 | u=0: 3.351e-07, sxy=0: 1.603e-06, szx=0: 9.321e-06
[2025-07-21 21:24:26] DEBUG - PINN_Graph - Epoch 200 boundary right  loss: 4.359e-05 | syy=0: 2.795e-05, sxy=0: 4.613e-06, syz=0: 1.103e-05
[2025-07-21 21:24:26] DEBUG - PINN_Graph - Epoch 200 boundary left   loss: 1.271e-05 | v=0: 1.354e-07, sxy=0: 2.083e-06, syz=0: 1.050e-05
[2025-07-21 21:24:26] DEBUG - PINN_Graph - Epoch 200 boundary bottom loss: 3.876e-07 | gn=0: 1.770e-07, t1=0: 1.439e-07, t2=0: 6.666e-08
[2025-07-21 21:24:26] DEBUG - PINN_Graph - Epoch 200 TOTALS -> PDE: 4.949e-04, Bcs: 4.295e-04, LOSS: 9.243e-04
[2025-07-21 21:24:31] DEBUG - PINN_Graph - Epoch 250 PDE terms: [1: 1.757e-05, 2: 1.329e-05, 3: 2.533e-04, 4: 3.190e-05, 5: 2.472e-05, 6: 1.046e-04, 7: 3.742e-06, 8: 1.287e-05, 9: 1.347e-05]
[2025-07-21 21:24:31] DEBUG - PINN_Graph - Epoch 250 boundary top    loss: 2.970e-04 | szz=pressure: 2.403e-04, syz=0: 2.969e-05, szx=0: 2.701e-05
[2025-07-21 21:24:31] DEBUG - PINN_Graph - Epoch 250 boundary front  loss: 5.976e-05 | sxx=0: 4.108e-05, sxy=0: 5.505e-06, szx=0: 1.318e-05
[2025-07-21 21:24:31] DEBUG - PINN_Graph - Epoch 250 boundary back   loss: 1.167e-05 | u=0: 3.505e-07, sxy=0: 1.385e-06, szx=0: 9.931e-06
[2025-07-21 21:24:31] DEBUG - PINN_Graph - Epoch 250 boundary right  loss: 4.755e-05 | syy=0: 3.117e-05, sxy=0: 4.564e-06, syz=0: 1.181e-05
[2025-07-21 21:24:31] DEBUG - PINN_Graph - Epoch 250 boundary left   loss: 1.005e-05 | v=0: 2.863e-07, sxy=0: 1.730e-06, syz=0: 8.032e-06
[2025-07-21 21:24:31] DEBUG - PINN_Graph - Epoch 250 boundary bottom loss: 1.464e-06 | gn=0: 1.276e-06, t1=0: 1.047e-07, t2=0: 8.272e-08
[2025-07-21 21:24:31] DEBUG - PINN_Graph - Epoch 250 TOTALS -> PDE: 4.755e-04, Bcs: 4.275e-04, LOSS: 9.030e-04
[2025-07-21 21:24:37] DEBUG - PINN_Graph - Epoch 300 PDE terms: [1: 1.824e-05, 2: 1.317e-05, 3: 2.469e-04, 4: 3.137e-05, 5: 2.442e-05, 6: 1.108e-04, 7: 3.581e-06, 8: 1.282e-05, 9: 1.349e-05]
[2025-07-21 21:24:37] DEBUG - PINN_Graph - Epoch 300 boundary top    loss: 3.211e-04 | szz=pressure: 2.639e-04, syz=0: 2.522e-05, szx=0: 3.198e-05
[2025-07-21 21:24:37] DEBUG - PINN_Graph - Epoch 300 boundary front  loss: 6.562e-05 | sxx=0: 4.548e-05, sxy=0: 6.172e-06, szx=0: 1.397e-05
[2025-07-21 21:24:37] DEBUG - PINN_Graph - Epoch 300 boundary back   loss: 1.021e-05 | u=0: 2.258e-07, sxy=0: 1.506e-06, szx=0: 8.480e-06
[2025-07-21 21:24:37] DEBUG - PINN_Graph - Epoch 300 boundary right  loss: 4.751e-05 | syy=0: 3.167e-05, sxy=0: 3.717e-06, syz=0: 1.212e-05
[2025-07-21 21:24:37] DEBUG - PINN_Graph - Epoch 300 boundary left   loss: 1.245e-05 | v=0: 2.403e-07, sxy=0: 2.396e-06, syz=0: 9.818e-06
[2025-07-21 21:24:37] DEBUG - PINN_Graph - Epoch 300 boundary bottom loss: 7.194e-07 | gn=0: 3.535e-07, t1=0: 3.335e-07, t2=0: 3.236e-08
[2025-07-21 21:24:37] DEBUG - PINN_Graph - Epoch 300 TOTALS -> PDE: 4.747e-04, Bcs: 4.576e-04, LOSS: 9.324e-04
[2025-07-21 21:24:43] DEBUG - PINN_Graph - Epoch 350 PDE terms: [1: 1.857e-05, 2: 1.264e-05, 3: 2.780e-04, 4: 3.308e-05, 5: 2.370e-05, 6: 1.036e-04, 7: 3.682e-06, 8: 1.234e-05, 9: 1.405e-05]
[2025-07-21 21:24:43] DEBUG - PINN_Graph - Epoch 350 boundary top    loss: 3.103e-04 | szz=pressure: 2.585e-04, syz=0: 2.693e-05, szx=0: 2.489e-05
[2025-07-21 21:24:43] DEBUG - PINN_Graph - Epoch 350 boundary front  loss: 6.954e-05 | sxx=0: 4.774e-05, sxy=0: 5.593e-06, szx=0: 1.620e-05
[2025-07-21 21:24:43] DEBUG - PINN_Graph - Epoch 350 boundary back   loss: 1.239e-05 | u=0: 4.235e-07, sxy=0: 1.341e-06, szx=0: 1.063e-05
[2025-07-21 21:24:43] DEBUG - PINN_Graph - Epoch 350 boundary right  loss: 4.466e-05 | syy=0: 2.893e-05, sxy=0: 4.478e-06, syz=0: 1.125e-05
[2025-07-21 21:24:43] DEBUG - PINN_Graph - Epoch 350 boundary left   loss: 1.199e-05 | v=0: 1.938e-07, sxy=0: 2.429e-06, syz=0: 9.372e-06
[2025-07-21 21:24:43] DEBUG - PINN_Graph - Epoch 350 boundary bottom loss: 6.009e-07 | gn=0: 3.133e-07, t1=0: 7.550e-08, t2=0: 2.121e-07
[2025-07-21 21:24:43] DEBUG - PINN_Graph - Epoch 350 TOTALS -> PDE: 4.996e-04, Bcs: 4.495e-04, LOSS: 9.491e-04
[2025-07-21 21:24:49] DEBUG - PINN_Graph - Epoch 400 PDE terms: [1: 1.809e-05, 2: 1.267e-05, 3: 2.620e-04, 4: 3.185e-05, 5: 2.449e-05, 6: 1.053e-04, 7: 3.869e-06, 8: 1.286e-05, 9: 1.307e-05]
[2025-07-21 21:24:49] DEBUG - PINN_Graph - Epoch 400 boundary top    loss: 2.772e-04 | szz=pressure: 2.256e-04, syz=0: 2.860e-05, szx=0: 2.293e-05
[2025-07-21 21:24:49] DEBUG - PINN_Graph - Epoch 400 boundary front  loss: 7.438e-05 | sxx=0: 5.195e-05, sxy=0: 6.383e-06, szx=0: 1.606e-05
[2025-07-21 21:24:49] DEBUG - PINN_Graph - Epoch 400 boundary back   loss: 9.702e-06 | u=0: 3.352e-07, sxy=0: 1.392e-06, szx=0: 7.974e-06
[2025-07-21 21:24:49] DEBUG - PINN_Graph - Epoch 400 boundary right  loss: 4.344e-05 | syy=0: 2.747e-05, sxy=0: 3.963e-06, syz=0: 1.200e-05
[2025-07-21 21:24:49] DEBUG - PINN_Graph - Epoch 400 boundary left   loss: 1.276e-05 | v=0: 2.103e-07, sxy=0: 2.591e-06, syz=0: 9.961e-06
[2025-07-21 21:24:49] DEBUG - PINN_Graph - Epoch 400 boundary bottom loss: 6.098e-07 | gn=0: 3.770e-07, t1=0: 1.915e-07, t2=0: 4.129e-08
[2025-07-21 21:24:49] DEBUG - PINN_Graph - Epoch 400 TOTALS -> PDE: 4.843e-04, Bcs: 4.180e-04, LOSS: 9.023e-04
[2025-07-21 21:24:55] DEBUG - PINN_Graph - Epoch 450 PDE terms: [1: 1.779e-05, 2: 1.242e-05, 3: 2.690e-04, 4: 3.369e-05, 5: 2.489e-05, 6: 1.149e-04, 7: 3.485e-06, 8: 1.342e-05, 9: 1.310e-05]
[2025-07-21 21:24:55] DEBUG - PINN_Graph - Epoch 450 boundary top    loss: 2.913e-04 | szz=pressure: 2.343e-04, syz=0: 3.058e-05, szx=0: 2.636e-05
[2025-07-21 21:24:55] DEBUG - PINN_Graph - Epoch 450 boundary front  loss: 6.890e-05 | sxx=0: 4.994e-05, sxy=0: 5.167e-06, szx=0: 1.379e-05
[2025-07-21 21:24:55] DEBUG - PINN_Graph - Epoch 450 boundary back   loss: 1.021e-05 | u=0: 2.429e-07, sxy=0: 1.439e-06, szx=0: 8.529e-06
[2025-07-21 21:24:55] DEBUG - PINN_Graph - Epoch 450 boundary right  loss: 4.466e-05 | syy=0: 2.881e-05, sxy=0: 3.896e-06, syz=0: 1.195e-05
[2025-07-21 21:24:55] DEBUG - PINN_Graph - Epoch 450 boundary left   loss: 1.171e-05 | v=0: 1.674e-07, sxy=0: 2.565e-06, syz=0: 8.982e-06
[2025-07-21 21:24:55] DEBUG - PINN_Graph - Epoch 450 boundary bottom loss: 3.837e-07 | gn=0: 2.181e-07, t1=0: 5.953e-08, t2=0: 1.061e-07
[2025-07-21 21:24:55] DEBUG - PINN_Graph - Epoch 450 TOTALS -> PDE: 5.026e-04, Bcs: 4.271e-04, LOSS: 9.298e-04
[2025-07-21 21:25:00] DEBUG - PINN_Graph - Epoch 500 PDE terms: [1: 1.762e-05, 2: 1.309e-05, 3: 2.664e-04, 4: 3.495e-05, 5: 2.791e-05, 6: 1.111e-04, 7: 4.012e-06, 8: 1.254e-05, 9: 1.248e-05]
[2025-07-21 21:25:00] DEBUG - PINN_Graph - Epoch 500 boundary top    loss: 2.884e-04 | szz=pressure: 2.360e-04, syz=0: 2.659e-05, szx=0: 2.588e-05
[2025-07-21 21:25:00] DEBUG - PINN_Graph - Epoch 500 boundary front  loss: 7.267e-05 | sxx=0: 5.431e-05, sxy=0: 6.024e-06, szx=0: 1.233e-05
[2025-07-21 21:25:00] DEBUG - PINN_Graph - Epoch 500 boundary back   loss: 1.067e-05 | u=0: 4.177e-07, sxy=0: 1.375e-06, szx=0: 8.872e-06
[2025-07-21 21:25:00] DEBUG - PINN_Graph - Epoch 500 boundary right  loss: 4.388e-05 | syy=0: 3.031e-05, sxy=0: 3.876e-06, syz=0: 9.689e-06
[2025-07-21 21:25:01] DEBUG - PINN_Graph - Epoch 500 boundary left   loss: 1.236e-05 | v=0: 5.435e-07, sxy=0: 2.259e-06, syz=0: 9.562e-06
[2025-07-21 21:25:01] DEBUG - PINN_Graph - Epoch 500 boundary bottom loss: 8.462e-07 | gn=0: 6.048e-07, t1=0: 1.240e-07, t2=0: 1.173e-07
[2025-07-21 21:25:01] DEBUG - PINN_Graph - Epoch 500 TOTALS -> PDE: 5.000e-04, Bcs: 4.289e-04, LOSS: 9.289e-04
[2025-07-21 21:25:06] DEBUG - PINN_Graph - Epoch 550 PDE terms: [1: 1.799e-05, 2: 1.235e-05, 3: 2.518e-04, 4: 2.953e-05, 5: 2.342e-05, 6: 9.886e-05, 7: 3.826e-06, 8: 1.108e-05, 9: 1.304e-05]
[2025-07-21 21:25:06] DEBUG - PINN_Graph - Epoch 550 boundary top    loss: 3.206e-04 | szz=pressure: 2.629e-04, syz=0: 3.287e-05, szx=0: 2.483e-05
[2025-07-21 21:25:06] DEBUG - PINN_Graph - Epoch 550 boundary front  loss: 7.036e-05 | sxx=0: 4.810e-05, sxy=0: 5.121e-06, szx=0: 1.714e-05
[2025-07-21 21:25:06] DEBUG - PINN_Graph - Epoch 550 boundary back   loss: 1.043e-05 | u=0: 2.887e-07, sxy=0: 1.262e-06, szx=0: 8.880e-06
[2025-07-21 21:25:06] DEBUG - PINN_Graph - Epoch 550 boundary right  loss: 3.758e-05 | syy=0: 2.419e-05, sxy=0: 4.206e-06, syz=0: 9.178e-06
[2025-07-21 21:25:06] DEBUG - PINN_Graph - Epoch 550 boundary left   loss: 1.314e-05 | v=0: 1.773e-07, sxy=0: 2.685e-06, syz=0: 1.028e-05
[2025-07-21 21:25:06] DEBUG - PINN_Graph - Epoch 550 boundary bottom loss: 1.247e-06 | gn=0: 7.332e-07, t1=0: 3.633e-07, t2=0: 1.502e-07
[2025-07-21 21:25:06] DEBUG - PINN_Graph - Epoch 550 TOTALS -> PDE: 4.619e-04, Bcs: 4.533e-04, LOSS: 9.152e-04
[2025-07-21 21:25:12] DEBUG - PINN_Graph - Epoch 600 PDE terms: [1: 1.792e-05, 2: 1.230e-05, 3: 2.684e-04, 4: 3.315e-05, 5: 2.508e-05, 6: 1.157e-04, 7: 3.754e-06, 8: 1.177e-05, 9: 1.306e-05]
[2025-07-21 21:25:12] DEBUG - PINN_Graph - Epoch 600 boundary top    loss: 3.006e-04 | szz=pressure: 2.504e-04, syz=0: 2.335e-05, szx=0: 2.679e-05
[2025-07-21 21:25:12] DEBUG - PINN_Graph - Epoch 600 boundary front  loss: 6.248e-05 | sxx=0: 4.415e-05, sxy=0: 5.688e-06, szx=0: 1.265e-05
[2025-07-21 21:25:12] DEBUG - PINN_Graph - Epoch 600 boundary back   loss: 8.949e-06 | u=0: 3.103e-07, sxy=0: 1.206e-06, szx=0: 7.433e-06
[2025-07-21 21:25:12] DEBUG - PINN_Graph - Epoch 600 boundary right  loss: 4.166e-05 | syy=0: 2.767e-05, sxy=0: 3.624e-06, syz=0: 1.036e-05
[2025-07-21 21:25:12] DEBUG - PINN_Graph - Epoch 600 boundary left   loss: 1.196e-05 | v=0: 2.218e-07, sxy=0: 2.330e-06, syz=0: 9.405e-06
[2025-07-21 21:25:12] DEBUG - PINN_Graph - Epoch 600 boundary bottom loss: 5.427e-07 | gn=0: 3.414e-07, t1=0: 1.137e-07, t2=0: 8.763e-08
[2025-07-21 21:25:12] DEBUG - PINN_Graph - Epoch 600 TOTALS -> PDE: 5.012e-04, Bcs: 4.261e-04, LOSS: 9.273e-04
[2025-07-21 21:25:17] DEBUG - PINN_Graph - Epoch 650 PDE terms: [1: 1.766e-05, 2: 1.276e-05, 3: 2.616e-04, 4: 3.057e-05, 5: 2.368e-05, 6: 1.457e-04, 7: 3.461e-06, 8: 1.235e-05, 9: 1.368e-05]
[2025-07-21 21:25:17] DEBUG - PINN_Graph - Epoch 650 boundary top    loss: 2.763e-04 | szz=pressure: 2.251e-04, syz=0: 2.617e-05, szx=0: 2.501e-05
[2025-07-21 21:25:17] DEBUG - PINN_Graph - Epoch 650 boundary front  loss: 6.578e-05 | sxx=0: 4.343e-05, sxy=0: 5.340e-06, szx=0: 1.702e-05
[2025-07-21 21:25:17] DEBUG - PINN_Graph - Epoch 650 boundary back   loss: 1.193e-05 | u=0: 1.258e-06, sxy=0: 1.228e-06, szx=0: 9.442e-06
[2025-07-21 21:25:17] DEBUG - PINN_Graph - Epoch 650 boundary right  loss: 4.612e-05 | syy=0: 3.094e-05, sxy=0: 3.694e-06, syz=0: 1.148e-05
[2025-07-21 21:25:17] DEBUG - PINN_Graph - Epoch 650 boundary left   loss: 1.562e-05 | v=0: 2.941e-06, sxy=0: 2.372e-06, syz=0: 1.030e-05
[2025-07-21 21:25:18] DEBUG - PINN_Graph - Epoch 650 boundary bottom loss: 4.027e-06 | gn=0: 3.230e-06, t1=0: 7.296e-07, t2=0: 6.746e-08
[2025-07-21 21:25:18] DEBUG - PINN_Graph - Epoch 650 TOTALS -> PDE: 5.215e-04, Bcs: 4.198e-04, LOSS: 9.412e-04
[2025-07-21 21:25:23] DEBUG - PINN_Graph - Epoch 700 PDE terms: [1: 1.710e-05, 2: 1.233e-05, 3: 2.497e-04, 4: 3.363e-05, 5: 2.473e-05, 6: 1.129e-04, 7: 3.594e-06, 8: 1.312e-05, 9: 1.285e-05]
[2025-07-21 21:25:23] DEBUG - PINN_Graph - Epoch 700 boundary top    loss: 2.713e-04 | szz=pressure: 2.179e-04, syz=0: 2.757e-05, szx=0: 2.583e-05
[2025-07-21 21:25:23] DEBUG - PINN_Graph - Epoch 700 boundary front  loss: 6.959e-05 | sxx=0: 5.085e-05, sxy=0: 4.476e-06, szx=0: 1.426e-05
[2025-07-21 21:25:23] DEBUG - PINN_Graph - Epoch 700 boundary back   loss: 8.616e-06 | u=0: 2.683e-07, sxy=0: 1.469e-06, szx=0: 6.878e-06
[2025-07-21 21:25:23] DEBUG - PINN_Graph - Epoch 700 boundary right  loss: 5.073e-05 | syy=0: 3.359e-05, sxy=0: 4.528e-06, syz=0: 1.262e-05
[2025-07-21 21:25:23] DEBUG - PINN_Graph - Epoch 700 boundary left   loss: 1.260e-05 | v=0: 2.450e-07, sxy=0: 1.934e-06, syz=0: 1.042e-05
[2025-07-21 21:25:23] DEBUG - PINN_Graph - Epoch 700 boundary bottom loss: 6.097e-07 | gn=0: 2.311e-07, t1=0: 3.252e-07, t2=0: 5.344e-08
[2025-07-21 21:25:23] DEBUG - PINN_Graph - Epoch 700 TOTALS -> PDE: 4.800e-04, Bcs: 4.135e-04, LOSS: 8.934e-04
[2025-07-21 21:25:29] DEBUG - PINN_Graph - Epoch 750 PDE terms: [1: 1.703e-05, 2: 1.219e-05, 3: 2.544e-04, 4: 3.665e-05, 5: 2.437e-05, 6: 1.313e-04, 7: 3.605e-06, 8: 1.154e-05, 9: 1.208e-05]
[2025-07-21 21:25:29] DEBUG - PINN_Graph - Epoch 750 boundary top    loss: 3.160e-04 | szz=pressure: 2.642e-04, syz=0: 2.602e-05, szx=0: 2.580e-05
[2025-07-21 21:25:29] DEBUG - PINN_Graph - Epoch 750 boundary front  loss: 7.034e-05 | sxx=0: 5.177e-05, sxy=0: 5.045e-06, szx=0: 1.353e-05
[2025-07-21 21:25:29] DEBUG - PINN_Graph - Epoch 750 boundary back   loss: 1.161e-05 | u=0: 5.255e-07, sxy=0: 1.442e-06, szx=0: 9.640e-06
[2025-07-21 21:25:29] DEBUG - PINN_Graph - Epoch 750 boundary right  loss: 5.300e-05 | syy=0: 3.976e-05, sxy=0: 4.141e-06, syz=0: 9.096e-06
[2025-07-21 21:25:29] DEBUG - PINN_Graph - Epoch 750 boundary left   loss: 1.062e-05 | v=0: 1.817e-07, sxy=0: 2.389e-06, syz=0: 8.047e-06
[2025-07-21 21:25:29] DEBUG - PINN_Graph - Epoch 750 boundary bottom loss: 4.209e-06 | gn=0: 4.055e-06, t1=0: 1.061e-07, t2=0: 4.813e-08
[2025-07-21 21:25:29] DEBUG - PINN_Graph - Epoch 750 TOTALS -> PDE: 5.032e-04, Bcs: 4.658e-04, LOSS: 9.690e-04
[2025-07-21 21:25:35] DEBUG - PINN_Graph - Epoch 800 PDE terms: [1: 1.766e-05, 2: 1.197e-05, 3: 2.744e-04, 4: 2.913e-05, 5: 2.185e-05, 6: 1.242e-04, 7: 3.385e-06, 8: 1.196e-05, 9: 1.345e-05]
[2025-07-21 21:25:35] DEBUG - PINN_Graph - Epoch 800 boundary top    loss: 2.824e-04 | szz=pressure: 2.312e-04, syz=0: 2.763e-05, szx=0: 2.351e-05
[2025-07-21 21:25:35] DEBUG - PINN_Graph - Epoch 800 boundary front  loss: 6.454e-05 | sxx=0: 4.523e-05, sxy=0: 5.371e-06, szx=0: 1.394e-05
[2025-07-21 21:25:35] DEBUG - PINN_Graph - Epoch 800 boundary back   loss: 1.271e-05 | u=0: 1.495e-06, sxy=0: 1.207e-06, szx=0: 1.001e-05
[2025-07-21 21:25:35] DEBUG - PINN_Graph - Epoch 800 boundary right  loss: 4.930e-05 | syy=0: 3.396e-05, sxy=0: 4.050e-06, syz=0: 1.129e-05
[2025-07-21 21:25:35] DEBUG - PINN_Graph - Epoch 800 boundary left   loss: 1.576e-05 | v=0: 3.049e-06, sxy=0: 2.196e-06, syz=0: 1.051e-05
[2025-07-21 21:25:35] DEBUG - PINN_Graph - Epoch 800 boundary bottom loss: 3.936e-06 | gn=0: 3.148e-06, t1=0: 6.812e-08, t2=0: 7.208e-07
[2025-07-21 21:25:35] DEBUG - PINN_Graph - Epoch 800 TOTALS -> PDE: 5.081e-04, Bcs: 4.286e-04, LOSS: 9.367e-04
[2025-07-21 21:25:40] DEBUG - PINN_Graph - Epoch 850 PDE terms: [1: 1.652e-05, 2: 1.183e-05, 3: 2.695e-04, 4: 3.236e-05, 5: 2.531e-05, 6: 1.085e-04, 7: 3.382e-06, 8: 1.142e-05, 9: 1.267e-05]
[2025-07-21 21:25:40] DEBUG - PINN_Graph - Epoch 850 boundary top    loss: 3.422e-04 | szz=pressure: 2.911e-04, syz=0: 2.408e-05, szx=0: 2.702e-05
[2025-07-21 21:25:40] DEBUG - PINN_Graph - Epoch 850 boundary front  loss: 6.485e-05 | sxx=0: 4.397e-05, sxy=0: 6.607e-06, szx=0: 1.427e-05
[2025-07-21 21:25:40] DEBUG - PINN_Graph - Epoch 850 boundary back   loss: 1.041e-05 | u=0: 4.409e-07, sxy=0: 1.196e-06, szx=0: 8.776e-06
[2025-07-21 21:25:40] DEBUG - PINN_Graph - Epoch 850 boundary right  loss: 4.427e-05 | syy=0: 3.008e-05, sxy=0: 3.829e-06, syz=0: 1.036e-05
[2025-07-21 21:25:40] DEBUG - PINN_Graph - Epoch 850 boundary left   loss: 1.070e-05 | v=0: 9.634e-08, sxy=0: 2.104e-06, syz=0: 8.502e-06
[2025-07-21 21:25:40] DEBUG - PINN_Graph - Epoch 850 boundary bottom loss: 5.937e-07 | gn=0: 5.024e-07, t1=0: 6.112e-08, t2=0: 3.017e-08
[2025-07-21 21:25:40] DEBUG - PINN_Graph - Epoch 850 TOTALS -> PDE: 4.915e-04, Bcs: 4.731e-04, LOSS: 9.646e-04
[2025-07-21 21:25:46] DEBUG - PINN_Graph - Epoch 900 PDE terms: [1: 1.660e-05, 2: 1.175e-05, 3: 2.507e-04, 4: 3.264e-05, 5: 2.363e-05, 6: 1.059e-04, 7: 3.198e-06, 8: 1.203e-05, 9: 1.226e-05]
[2025-07-21 21:25:46] DEBUG - PINN_Graph - Epoch 900 boundary top    loss: 2.732e-04 | szz=pressure: 2.224e-04, syz=0: 2.450e-05, szx=0: 2.636e-05
[2025-07-21 21:25:46] DEBUG - PINN_Graph - Epoch 900 boundary front  loss: 5.771e-05 | sxx=0: 3.752e-05, sxy=0: 5.000e-06, szx=0: 1.519e-05
[2025-07-21 21:25:46] DEBUG - PINN_Graph - Epoch 900 boundary back   loss: 1.136e-05 | u=0: 3.071e-07, sxy=0: 1.211e-06, szx=0: 9.843e-06
[2025-07-21 21:25:46] DEBUG - PINN_Graph - Epoch 900 boundary right  loss: 4.832e-05 | syy=0: 3.276e-05, sxy=0: 3.579e-06, syz=0: 1.198e-05
[2025-07-21 21:25:46] DEBUG - PINN_Graph - Epoch 900 boundary left   loss: 1.307e-05 | v=0: 1.617e-06, sxy=0: 2.264e-06, syz=0: 9.189e-06
[2025-07-21 21:25:46] DEBUG - PINN_Graph - Epoch 900 boundary bottom loss: 8.828e-07 | gn=0: 6.516e-07, t1=0: 4.757e-08, t2=0: 1.837e-07
[2025-07-21 21:25:46] DEBUG - PINN_Graph - Epoch 900 TOTALS -> PDE: 4.687e-04, Bcs: 4.046e-04, LOSS: 8.732e-04
[2025-07-21 21:25:52] DEBUG - PINN_Graph - Epoch 950 PDE terms: [1: 1.465e-05, 2: 1.141e-05, 3: 2.776e-04, 4: 3.394e-05, 5: 2.634e-05, 6: 1.038e-04, 7: 3.234e-06, 8: 1.119e-05, 9: 1.221e-05]
[2025-07-21 21:25:52] DEBUG - PINN_Graph - Epoch 950 boundary top    loss: 2.835e-04 | szz=pressure: 2.272e-04, syz=0: 2.894e-05, szx=0: 2.737e-05
[2025-07-21 21:25:52] DEBUG - PINN_Graph - Epoch 950 boundary front  loss: 6.866e-05 | sxx=0: 5.273e-05, sxy=0: 4.065e-06, szx=0: 1.186e-05
[2025-07-21 21:25:52] DEBUG - PINN_Graph - Epoch 950 boundary back   loss: 1.089e-05 | u=0: 4.433e-07, sxy=0: 1.354e-06, szx=0: 9.098e-06
[2025-07-21 21:25:52] DEBUG - PINN_Graph - Epoch 950 boundary right  loss: 4.146e-05 | syy=0: 2.642e-05, sxy=0: 3.631e-06, syz=0: 1.141e-05
[2025-07-21 21:25:52] DEBUG - PINN_Graph - Epoch 950 boundary left   loss: 1.160e-05 | v=0: 2.870e-07, sxy=0: 1.940e-06, syz=0: 9.370e-06
[2025-07-21 21:25:52] DEBUG - PINN_Graph - Epoch 950 boundary bottom loss: 5.436e-07 | gn=0: 3.343e-07, t1=0: 9.126e-08, t2=0: 1.180e-07
[2025-07-21 21:25:52] DEBUG - PINN_Graph - Epoch 950 TOTALS -> PDE: 4.944e-04, Bcs: 4.166e-04, LOSS: 9.111e-04
[2025-07-21 21:25:58] DEBUG - PINN_Graph - Epoch 1000 PDE terms: [1: 1.522e-05, 2: 1.060e-05, 3: 2.849e-04, 4: 3.279e-05, 5: 2.558e-05, 6: 1.049e-04, 7: 3.355e-06, 8: 1.124e-05, 9: 1.331e-05]
[2025-07-21 21:25:58] DEBUG - PINN_Graph - Epoch 1000 boundary top    loss: 3.077e-04 | szz=pressure: 2.562e-04, syz=0: 2.607e-05, szx=0: 2.538e-05
[2025-07-21 21:25:58] DEBUG - PINN_Graph - Epoch 1000 boundary front  loss: 6.628e-05 | sxx=0: 4.698e-05, sxy=0: 5.337e-06, szx=0: 1.396e-05
[2025-07-21 21:25:58] DEBUG - PINN_Graph - Epoch 1000 boundary back   loss: 1.202e-05 | u=0: 5.964e-07, sxy=0: 1.295e-06, szx=0: 1.013e-05
[2025-07-21 21:25:58] DEBUG - PINN_Graph - Epoch 1000 boundary right  loss: 4.333e-05 | syy=0: 3.006e-05, sxy=0: 4.676e-06, syz=0: 8.593e-06
[2025-07-21 21:25:58] DEBUG - PINN_Graph - Epoch 1000 boundary left   loss: 1.229e-05 | v=0: 5.757e-07, sxy=0: 2.337e-06, syz=0: 9.372e-06
[2025-07-21 21:25:58] DEBUG - PINN_Graph - Epoch 1000 boundary bottom loss: 9.284e-07 | gn=0: 1.847e-07, t1=0: 3.184e-07, t2=0: 4.253e-07
[2025-07-21 21:25:58] DEBUG - PINN_Graph - Epoch 1000 TOTALS -> PDE: 5.020e-04, Bcs: 4.425e-04, LOSS: 9.445e-04
[2025-07-21 21:25:58] DEBUG - PINN_Graph - Saved weights to log/graph/weights/Step0_layer6_weight.pth
[2025-07-21 21:25:58] DEBUG - PINN_Graph - Switching to L-BFGS optimization...
[2025-07-21 21:25:59] DEBUG - PINN_Graph - Saved weights to log/graph/weights/Step0_layer6_weight.pth
[2025-07-21 21:25:59] DEBUG - PINN_Graph - Layer 7 top-corner displacement: [0.23456135392189026, 0.2356199324131012, -1.008650779724121]
[2025-07-21 21:25:59] INFO - PINN_Graph - Contact BC pressure: -1.008 from layer 6
[2025-07-21 21:25:59] DEBUG - PINN_Graph - Starting Adam training for layer 5 (1000 epochs, lr=1.0e-03)
[2025-07-21 21:25:59] DEBUG - PINN_Graph - Point counts: inside=512, top=256, bottom=256, front=256, back=256, right=256, left=256
[2025-07-21 21:25:59] DEBUG - PINN_Graph - Inside points shape: (512, 3)
[2025-07-21 21:25:59] DEBUG - PINN_Graph - Top points shape:    (256, 3)
[2025-07-21 21:25:59] DEBUG - PINN_Graph - Bottom points shape: (256, 3)
[2025-07-21 21:25:59] DEBUG - PINN_Graph - Front points shape:  (256, 3)
[2025-07-21 21:25:59] DEBUG - PINN_Graph - Back points shape:   (256, 3)
[2025-07-21 21:25:59] DEBUG - PINN_Graph - Right points shape:  (256, 3)
[2025-07-21 21:25:59] DEBUG - PINN_Graph - Left points shape:   (256, 3)
[2025-07-21 21:26:04] DEBUG - PINN_Graph - Epoch 50 PDE terms: [1: 2.427e-05, 2: 1.110e-05, 3: 2.461e-04, 4: 3.155e-05, 5: 2.565e-05, 6: 1.174e-04, 7: 3.920e-06, 8: 1.830e-05, 9: 3.501e-05]
[2025-07-21 21:26:04] DEBUG - PINN_Graph - Epoch  50 boundary top    loss: 2.982e-04 | szz=pressure: 2.455e-04, syz=0: 2.522e-05, szx=0: 2.748e-05
[2025-07-21 21:26:04] DEBUG - PINN_Graph - Epoch  50 boundary front  loss: 5.912e-05 | sxx=0: 3.968e-05, sxy=0: 4.390e-06, szx=0: 1.504e-05
[2025-07-21 21:26:04] DEBUG - PINN_Graph - Epoch  50 boundary back   loss: 1.636e-05 | u=0: 4.248e-06, sxy=0: 1.760e-06, szx=0: 1.035e-05
[2025-07-21 21:26:05] DEBUG - PINN_Graph - Epoch  50 boundary right  loss: 3.740e-05 | syy=0: 2.441e-05, sxy=0: 3.457e-06, syz=0: 9.532e-06
[2025-07-21 21:26:05] DEBUG - PINN_Graph - Epoch  50 boundary left   loss: 1.586e-05 | v=0: 1.445e-06, sxy=0: 2.721e-06, syz=0: 1.169e-05
[2025-07-21 21:26:05] DEBUG - PINN_Graph - Epoch  50 boundary bottom loss: 1.268e-05 | gn=0: 1.251e-06, t1=0: 4.790e-06, t2=0: 6.638e-06
[2025-07-21 21:26:05] DEBUG - PINN_Graph - Epoch 50 TOTALS -> PDE: 5.133e-04, Bcs: 4.396e-04, LOSS: 9.529e-04
[2025-07-21 21:26:10] DEBUG - PINN_Graph - Epoch 100 PDE terms: [1: 1.579e-05, 2: 1.129e-05, 3: 2.433e-04, 4: 2.826e-05, 5: 2.235e-05, 6: 9.776e-05, 7: 3.470e-06, 8: 1.200e-05, 9: 1.252e-05]
[2025-07-21 21:26:10] DEBUG - PINN_Graph - Epoch 100 boundary top    loss: 2.862e-04 | szz=pressure: 2.328e-04, syz=0: 2.814e-05, szx=0: 2.529e-05
[2025-07-21 21:26:10] DEBUG - PINN_Graph - Epoch 100 boundary front  loss: 6.880e-05 | sxx=0: 4.946e-05, sxy=0: 5.290e-06, szx=0: 1.405e-05
[2025-07-21 21:26:10] DEBUG - PINN_Graph - Epoch 100 boundary back   loss: 1.119e-05 | u=0: 4.809e-07, sxy=0: 1.089e-06, szx=0: 9.618e-06
[2025-07-21 21:26:10] DEBUG - PINN_Graph - Epoch 100 boundary right  loss: 4.063e-05 | syy=0: 2.532e-05, sxy=0: 3.648e-06, syz=0: 1.167e-05
[2025-07-21 21:26:10] DEBUG - PINN_Graph - Epoch 100 boundary left   loss: 1.163e-05 | v=0: 2.025e-07, sxy=0: 2.097e-06, syz=0: 9.331e-06
[2025-07-21 21:26:10] DEBUG - PINN_Graph - Epoch 100 boundary bottom loss: 4.025e-07 | gn=0: 1.603e-07, t1=0: 9.368e-08, t2=0: 1.485e-07
[2025-07-21 21:26:10] DEBUG - PINN_Graph - Epoch 100 TOTALS -> PDE: 4.468e-04, Bcs: 4.189e-04, LOSS: 8.657e-04
[2025-07-21 21:26:16] DEBUG - PINN_Graph - Epoch 150 PDE terms: [1: 1.607e-05, 2: 1.063e-05, 3: 2.547e-04, 4: 3.092e-05, 5: 2.256e-05, 6: 1.002e-04, 7: 3.247e-06, 8: 1.167e-05, 9: 1.146e-05]
[2025-07-21 21:26:16] DEBUG - PINN_Graph - Epoch 150 boundary top    loss: 2.733e-04 | szz=pressure: 2.203e-04, syz=0: 2.687e-05, szx=0: 2.608e-05
[2025-07-21 21:26:16] DEBUG - PINN_Graph - Epoch 150 boundary front  loss: 5.738e-05 | sxx=0: 4.163e-05, sxy=0: 4.843e-06, szx=0: 1.091e-05
[2025-07-21 21:26:16] DEBUG - PINN_Graph - Epoch 150 boundary back   loss: 1.012e-05 | u=0: 3.321e-07, sxy=0: 1.204e-06, szx=0: 8.586e-06
[2025-07-21 21:26:16] DEBUG - PINN_Graph - Epoch 150 boundary right  loss: 4.389e-05 | syy=0: 3.016e-05, sxy=0: 3.683e-06, syz=0: 1.004e-05
[2025-07-21 21:26:16] DEBUG - PINN_Graph - Epoch 150 boundary left   loss: 1.139e-05 | v=0: 1.255e-07, sxy=0: 2.174e-06, syz=0: 9.088e-06
[2025-07-21 21:26:16] DEBUG - PINN_Graph - Epoch 150 boundary bottom loss: 2.979e-07 | gn=0: 1.751e-07, t1=0: 4.851e-08, t2=0: 7.429e-08
[2025-07-21 21:26:16] DEBUG - PINN_Graph - Epoch 150 TOTALS -> PDE: 4.615e-04, Bcs: 3.964e-04, LOSS: 8.579e-04
[2025-07-21 21:26:22] DEBUG - PINN_Graph - Epoch 200 PDE terms: [1: 1.559e-05, 2: 1.097e-05, 3: 2.527e-04, 4: 3.158e-05, 5: 2.364e-05, 6: 1.143e-04, 7: 3.371e-06, 8: 1.360e-05, 9: 1.212e-05]
[2025-07-21 21:26:22] DEBUG - PINN_Graph - Epoch 200 boundary top    loss: 3.169e-04 | szz=pressure: 2.511e-04, syz=0: 3.253e-05, szx=0: 3.328e-05
[2025-07-21 21:26:22] DEBUG - PINN_Graph - Epoch 200 boundary front  loss: 6.873e-05 | sxx=0: 4.939e-05, sxy=0: 5.560e-06, szx=0: 1.378e-05
[2025-07-21 21:26:22] DEBUG - PINN_Graph - Epoch 200 boundary back   loss: 9.909e-06 | u=0: 2.790e-07, sxy=0: 1.199e-06, szx=0: 8.431e-06
[2025-07-21 21:26:22] DEBUG - PINN_Graph - Epoch 200 boundary right  loss: 4.653e-05 | syy=0: 3.178e-05, sxy=0: 4.322e-06, syz=0: 1.043e-05
[2025-07-21 21:26:22] DEBUG - PINN_Graph - Epoch 200 boundary left   loss: 1.147e-05 | v=0: 1.284e-07, sxy=0: 2.098e-06, syz=0: 9.249e-06
[2025-07-21 21:26:22] DEBUG - PINN_Graph - Epoch 200 boundary bottom loss: 6.937e-07 | gn=0: 5.573e-07, t1=0: 5.254e-08, t2=0: 8.393e-08
[2025-07-21 21:26:22] DEBUG - PINN_Graph - Epoch 200 TOTALS -> PDE: 4.778e-04, Bcs: 4.542e-04, LOSS: 9.321e-04
[2025-07-21 21:26:28] DEBUG - PINN_Graph - Epoch 250 PDE terms: [1: 1.568e-05, 2: 1.071e-05, 3: 2.563e-04, 4: 3.050e-05, 5: 2.321e-05, 6: 1.048e-04, 7: 3.444e-06, 8: 1.169e-05, 9: 1.284e-05]
[2025-07-21 21:26:28] DEBUG - PINN_Graph - Epoch 250 boundary top    loss: 2.753e-04 | szz=pressure: 2.218e-04, syz=0: 2.729e-05, szx=0: 2.619e-05
[2025-07-21 21:26:28] DEBUG - PINN_Graph - Epoch 250 boundary front  loss: 6.248e-05 | sxx=0: 4.430e-05, sxy=0: 4.116e-06, szx=0: 1.407e-05
[2025-07-21 21:26:28] DEBUG - PINN_Graph - Epoch 250 boundary back   loss: 1.182e-05 | u=0: 4.210e-07, sxy=0: 1.165e-06, szx=0: 1.023e-05
[2025-07-21 21:26:28] DEBUG - PINN_Graph - Epoch 250 boundary right  loss: 4.674e-05 | syy=0: 3.190e-05, sxy=0: 3.966e-06, syz=0: 1.087e-05
[2025-07-21 21:26:28] DEBUG - PINN_Graph - Epoch 250 boundary left   loss: 1.449e-05 | v=0: 4.002e-07, sxy=0: 2.505e-06, syz=0: 1.158e-05
[2025-07-21 21:26:28] DEBUG - PINN_Graph - Epoch 250 boundary bottom loss: 9.112e-07 | gn=0: 6.514e-07, t1=0: 1.339e-07, t2=0: 1.259e-07
[2025-07-21 21:26:28] DEBUG - PINN_Graph - Epoch 250 TOTALS -> PDE: 4.691e-04, Bcs: 4.117e-04, LOSS: 8.808e-04
[2025-07-21 21:26:34] DEBUG - PINN_Graph - Epoch 300 PDE terms: [1: 1.523e-05, 2: 1.088e-05, 3: 2.595e-04, 4: 2.871e-05, 5: 2.102e-05, 6: 1.003e-04, 7: 3.155e-06, 8: 1.145e-05, 9: 1.289e-05]
[2025-07-21 21:26:34] DEBUG - PINN_Graph - Epoch 300 boundary top    loss: 2.892e-04 | szz=pressure: 2.332e-04, syz=0: 2.787e-05, szx=0: 2.817e-05
[2025-07-21 21:26:34] DEBUG - PINN_Graph - Epoch 300 boundary front  loss: 6.724e-05 | sxx=0: 4.757e-05, sxy=0: 5.544e-06, szx=0: 1.413e-05
[2025-07-21 21:26:34] DEBUG - PINN_Graph - Epoch 300 boundary back   loss: 1.110e-05 | u=0: 2.363e-07, sxy=0: 1.345e-06, szx=0: 9.515e-06
[2025-07-21 21:26:34] DEBUG - PINN_Graph - Epoch 300 boundary right  loss: 4.299e-05 | syy=0: 2.703e-05, sxy=0: 4.341e-06, syz=0: 1.163e-05
[2025-07-21 21:26:34] DEBUG - PINN_Graph - Epoch 300 boundary left   loss: 1.181e-05 | v=0: 4.058e-07, sxy=0: 2.029e-06, syz=0: 9.379e-06
[2025-07-21 21:26:34] DEBUG - PINN_Graph - Epoch 300 boundary bottom loss: 4.088e-07 | gn=0: 2.870e-07, t1=0: 7.598e-08, t2=0: 4.589e-08
[2025-07-21 21:26:34] DEBUG - PINN_Graph - Epoch 300 TOTALS -> PDE: 4.631e-04, Bcs: 4.228e-04, LOSS: 8.859e-04
[2025-07-21 21:26:40] DEBUG - PINN_Graph - Epoch 350 PDE terms: [1: 1.502e-05, 2: 1.080e-05, 3: 2.557e-04, 4: 3.165e-05, 5: 2.341e-05, 6: 1.035e-04, 7: 3.214e-06, 8: 1.124e-05, 9: 1.273e-05]
[2025-07-21 21:26:40] DEBUG - PINN_Graph - Epoch 350 boundary top    loss: 2.990e-04 | szz=pressure: 2.418e-04, syz=0: 2.463e-05, szx=0: 3.262e-05
[2025-07-21 21:26:40] DEBUG - PINN_Graph - Epoch 350 boundary front  loss: 5.419e-05 | sxx=0: 3.938e-05, sxy=0: 4.765e-06, szx=0: 1.004e-05
[2025-07-21 21:26:40] DEBUG - PINN_Graph - Epoch 350 boundary back   loss: 9.062e-06 | u=0: 2.987e-07, sxy=0: 1.120e-06, szx=0: 7.643e-06
[2025-07-21 21:26:40] DEBUG - PINN_Graph - Epoch 350 boundary right  loss: 4.261e-05 | syy=0: 2.896e-05, sxy=0: 3.650e-06, syz=0: 1.000e-05
[2025-07-21 21:26:40] DEBUG - PINN_Graph - Epoch 350 boundary left   loss: 9.880e-06 | v=0: 2.616e-07, sxy=0: 2.571e-06, syz=0: 7.048e-06
[2025-07-21 21:26:40] DEBUG - PINN_Graph - Epoch 350 boundary bottom loss: 5.204e-07 | gn=0: 3.816e-07, t1=0: 6.188e-08, t2=0: 7.701e-08
[2025-07-21 21:26:40] DEBUG - PINN_Graph - Epoch 350 TOTALS -> PDE: 4.672e-04, Bcs: 4.153e-04, LOSS: 8.825e-04
[2025-07-21 21:26:46] DEBUG - PINN_Graph - Epoch 400 PDE terms: [1: 1.632e-05, 2: 1.117e-05, 3: 2.496e-04, 4: 3.169e-05, 5: 2.340e-05, 6: 1.093e-04, 7: 3.242e-06, 8: 1.143e-05, 9: 1.190e-05]
[2025-07-21 21:26:46] DEBUG - PINN_Graph - Epoch 400 boundary top    loss: 3.038e-04 | szz=pressure: 2.520e-04, syz=0: 2.559e-05, szx=0: 2.618e-05
[2025-07-21 21:26:46] DEBUG - PINN_Graph - Epoch 400 boundary front  loss: 6.435e-05 | sxx=0: 4.630e-05, sxy=0: 5.135e-06, szx=0: 1.291e-05
[2025-07-21 21:26:46] DEBUG - PINN_Graph - Epoch 400 boundary back   loss: 9.988e-06 | u=0: 2.680e-07, sxy=0: 1.172e-06, szx=0: 8.548e-06
[2025-07-21 21:26:46] DEBUG - PINN_Graph - Epoch 400 boundary right  loss: 4.089e-05 | syy=0: 2.531e-05, sxy=0: 4.190e-06, syz=0: 1.139e-05
[2025-07-21 21:26:46] DEBUG - PINN_Graph - Epoch 400 boundary left   loss: 1.210e-05 | v=0: 1.175e-07, sxy=0: 2.092e-06, syz=0: 9.890e-06
[2025-07-21 21:26:46] DEBUG - PINN_Graph - Epoch 400 boundary bottom loss: 8.669e-07 | gn=0: 6.642e-07, t1=0: 6.377e-08, t2=0: 1.389e-07
[2025-07-21 21:26:46] DEBUG - PINN_Graph - Epoch 400 TOTALS -> PDE: 4.681e-04, Bcs: 4.320e-04, LOSS: 9.001e-04
[2025-07-21 21:26:53] DEBUG - PINN_Graph - Epoch 450 PDE terms: [1: 1.538e-05, 2: 1.092e-05, 3: 2.448e-04, 4: 3.115e-05, 5: 2.164e-05, 6: 9.993e-05, 7: 3.225e-06, 8: 1.148e-05, 9: 1.274e-05]
[2025-07-21 21:26:53] DEBUG - PINN_Graph - Epoch 450 boundary top    loss: 2.729e-04 | szz=pressure: 2.164e-04, syz=0: 2.817e-05, szx=0: 2.838e-05
[2025-07-21 21:26:53] DEBUG - PINN_Graph - Epoch 450 boundary front  loss: 6.133e-05 | sxx=0: 4.226e-05, sxy=0: 5.661e-06, szx=0: 1.340e-05
[2025-07-21 21:26:53] DEBUG - PINN_Graph - Epoch 450 boundary back   loss: 1.081e-05 | u=0: 2.603e-07, sxy=0: 1.292e-06, szx=0: 9.255e-06
[2025-07-21 21:26:53] DEBUG - PINN_Graph - Epoch 450 boundary right  loss: 4.234e-05 | syy=0: 2.859e-05, sxy=0: 3.515e-06, syz=0: 1.023e-05
[2025-07-21 21:26:53] DEBUG - PINN_Graph - Epoch 450 boundary left   loss: 1.165e-05 | v=0: 6.166e-07, sxy=0: 2.003e-06, syz=0: 9.031e-06
[2025-07-21 21:26:53] DEBUG - PINN_Graph - Epoch 450 boundary bottom loss: 4.387e-07 | gn=0: 3.350e-07, t1=0: 7.566e-08, t2=0: 2.802e-08
[2025-07-21 21:26:53] DEBUG - PINN_Graph - Epoch 450 TOTALS -> PDE: 4.513e-04, Bcs: 3.995e-04, LOSS: 8.508e-04
[2025-07-21 21:26:59] DEBUG - PINN_Graph - Epoch 500 PDE terms: [1: 1.493e-05, 2: 1.045e-05, 3: 2.604e-04, 4: 2.973e-05, 5: 2.162e-05, 6: 9.885e-05, 7: 3.323e-06, 8: 1.164e-05, 9: 1.220e-05]
[2025-07-21 21:26:59] DEBUG - PINN_Graph - Epoch 500 boundary top    loss: 2.865e-04 | szz=pressure: 2.321e-04, syz=0: 2.903e-05, szx=0: 2.539e-05
[2025-07-21 21:26:59] DEBUG - PINN_Graph - Epoch 500 boundary front  loss: 6.805e-05 | sxx=0: 5.130e-05, sxy=0: 5.434e-06, szx=0: 1.132e-05
[2025-07-21 21:26:59] DEBUG - PINN_Graph - Epoch 500 boundary back   loss: 1.124e-05 | u=0: 4.101e-07, sxy=0: 1.143e-06, szx=0: 9.684e-06
[2025-07-21 21:26:59] DEBUG - PINN_Graph - Epoch 500 boundary right  loss: 3.973e-05 | syy=0: 2.582e-05, sxy=0: 4.003e-06, syz=0: 9.909e-06
[2025-07-21 21:26:59] DEBUG - PINN_Graph - Epoch 500 boundary left   loss: 1.026e-05 | v=0: 7.002e-07, sxy=0: 2.297e-06, syz=0: 7.259e-06
[2025-07-21 21:26:59] DEBUG - PINN_Graph - Epoch 500 boundary bottom loss: 8.723e-07 | gn=0: 5.617e-07, t1=0: 1.036e-07, t2=0: 2.071e-07
[2025-07-21 21:26:59] DEBUG - PINN_Graph - Epoch 500 TOTALS -> PDE: 4.632e-04, Bcs: 4.166e-04, LOSS: 8.798e-04
[2025-07-21 21:27:05] DEBUG - PINN_Graph - Epoch 550 PDE terms: [1: 1.506e-05, 2: 1.054e-05, 3: 2.534e-04, 4: 2.942e-05, 5: 2.307e-05, 6: 9.571e-05, 7: 3.419e-06, 8: 1.152e-05, 9: 1.223e-05]
[2025-07-21 21:27:05] DEBUG - PINN_Graph - Epoch 550 boundary top    loss: 2.669e-04 | szz=pressure: 2.201e-04, syz=0: 2.309e-05, szx=0: 2.379e-05
[2025-07-21 21:27:05] DEBUG - PINN_Graph - Epoch 550 boundary front  loss: 7.626e-05 | sxx=0: 5.771e-05, sxy=0: 6.123e-06, szx=0: 1.242e-05
[2025-07-21 21:27:05] DEBUG - PINN_Graph - Epoch 550 boundary back   loss: 1.174e-05 | u=0: 4.542e-07, sxy=0: 1.369e-06, szx=0: 9.913e-06
[2025-07-21 21:27:05] DEBUG - PINN_Graph - Epoch 550 boundary right  loss: 3.885e-05 | syy=0: 2.493e-05, sxy=0: 3.797e-06, syz=0: 1.012e-05
[2025-07-21 21:27:05] DEBUG - PINN_Graph - Epoch 550 boundary left   loss: 1.122e-05 | v=0: 6.208e-07, sxy=0: 2.336e-06, syz=0: 8.262e-06
[2025-07-21 21:27:05] DEBUG - PINN_Graph - Epoch 550 boundary bottom loss: 7.523e-07 | gn=0: 3.388e-07, t1=0: 6.308e-08, t2=0: 3.505e-07
[2025-07-21 21:27:05] DEBUG - PINN_Graph - Epoch 550 TOTALS -> PDE: 4.543e-04, Bcs: 4.058e-04, LOSS: 8.601e-04
[2025-07-21 21:27:11] DEBUG - PINN_Graph - Epoch 600 PDE terms: [1: 1.538e-05, 2: 1.045e-05, 3: 2.786e-04, 4: 2.894e-05, 5: 2.173e-05, 6: 9.692e-05, 7: 3.167e-06, 8: 1.098e-05, 9: 1.272e-05]
[2025-07-21 21:27:11] DEBUG - PINN_Graph - Epoch 600 boundary top    loss: 3.063e-04 | szz=pressure: 2.507e-04, syz=0: 2.818e-05, szx=0: 2.739e-05
[2025-07-21 21:27:11] DEBUG - PINN_Graph - Epoch 600 boundary front  loss: 5.893e-05 | sxx=0: 4.070e-05, sxy=0: 5.025e-06, szx=0: 1.320e-05
[2025-07-21 21:27:11] DEBUG - PINN_Graph - Epoch 600 boundary back   loss: 1.250e-05 | u=0: 4.322e-07, sxy=0: 1.440e-06, szx=0: 1.063e-05
[2025-07-21 21:27:11] DEBUG - PINN_Graph - Epoch 600 boundary right  loss: 3.993e-05 | syy=0: 2.653e-05, sxy=0: 4.433e-06, syz=0: 8.959e-06
[2025-07-21 21:27:11] DEBUG - PINN_Graph - Epoch 600 boundary left   loss: 1.154e-05 | v=0: 1.775e-07, sxy=0: 2.263e-06, syz=0: 9.097e-06
[2025-07-21 21:27:11] DEBUG - PINN_Graph - Epoch 600 boundary bottom loss: 5.209e-07 | gn=0: 1.647e-07, t1=0: 9.975e-08, t2=0: 2.564e-07
[2025-07-21 21:27:11] DEBUG - PINN_Graph - Epoch 600 TOTALS -> PDE: 4.788e-04, Bcs: 4.297e-04, LOSS: 9.086e-04
[2025-07-21 21:27:17] DEBUG - PINN_Graph - Epoch 650 PDE terms: [1: 1.614e-05, 2: 1.093e-05, 3: 2.827e-04, 4: 2.926e-05, 5: 2.328e-05, 6: 1.065e-04, 7: 3.230e-06, 8: 1.137e-05, 9: 1.214e-05]
[2025-07-21 21:27:17] DEBUG - PINN_Graph - Epoch 650 boundary top    loss: 2.844e-04 | szz=pressure: 2.332e-04, syz=0: 2.636e-05, szx=0: 2.478e-05
[2025-07-21 21:27:17] DEBUG - PINN_Graph - Epoch 650 boundary front  loss: 6.154e-05 | sxx=0: 4.264e-05, sxy=0: 5.319e-06, szx=0: 1.358e-05
[2025-07-21 21:27:17] DEBUG - PINN_Graph - Epoch 650 boundary back   loss: 1.131e-05 | u=0: 4.435e-07, sxy=0: 1.015e-06, szx=0: 9.849e-06
[2025-07-21 21:27:17] DEBUG - PINN_Graph - Epoch 650 boundary right  loss: 5.090e-05 | syy=0: 3.464e-05, sxy=0: 3.626e-06, syz=0: 1.264e-05
[2025-07-21 21:27:17] DEBUG - PINN_Graph - Epoch 650 boundary left   loss: 1.012e-05 | v=0: 3.292e-07, sxy=0: 1.851e-06, syz=0: 7.940e-06
[2025-07-21 21:27:17] DEBUG - PINN_Graph - Epoch 650 boundary bottom loss: 4.376e-07 | gn=0: 2.142e-07, t1=0: 7.704e-08, t2=0: 1.464e-07
[2025-07-21 21:27:17] DEBUG - PINN_Graph - Epoch 650 TOTALS -> PDE: 4.955e-04, Bcs: 4.187e-04, LOSS: 9.142e-04
[2025-07-21 21:27:23] DEBUG - PINN_Graph - Epoch 700 PDE terms: [1: 1.522e-05, 2: 1.060e-05, 3: 2.513e-04, 4: 2.879e-05, 5: 2.237e-05, 6: 9.965e-05, 7: 3.118e-06, 8: 1.249e-05, 9: 1.217e-05]
[2025-07-21 21:27:23] DEBUG - PINN_Graph - Epoch 700 boundary top    loss: 2.934e-04 | szz=pressure: 2.388e-04, syz=0: 3.038e-05, szx=0: 2.423e-05
[2025-07-21 21:27:23] DEBUG - PINN_Graph - Epoch 700 boundary front  loss: 5.631e-05 | sxx=0: 4.019e-05, sxy=0: 4.143e-06, szx=0: 1.198e-05
[2025-07-21 21:27:23] DEBUG - PINN_Graph - Epoch 700 boundary back   loss: 1.099e-05 | u=0: 5.387e-07, sxy=0: 1.201e-06, szx=0: 9.254e-06
[2025-07-21 21:27:23] DEBUG - PINN_Graph - Epoch 700 boundary right  loss: 4.284e-05 | syy=0: 2.753e-05, sxy=0: 4.782e-06, syz=0: 1.053e-05
[2025-07-21 21:27:23] DEBUG - PINN_Graph - Epoch 700 boundary left   loss: 1.035e-05 | v=0: 1.680e-07, sxy=0: 2.126e-06, syz=0: 8.052e-06
[2025-07-21 21:27:23] DEBUG - PINN_Graph - Epoch 700 boundary bottom loss: 7.929e-07 | gn=0: 3.473e-07, t1=0: 3.094e-07, t2=0: 1.363e-07
[2025-07-21 21:27:23] DEBUG - PINN_Graph - Epoch 700 TOTALS -> PDE: 4.557e-04, Bcs: 4.147e-04, LOSS: 8.704e-04
[2025-07-21 21:27:28] DEBUG - PINN_Graph - Epoch 750 PDE terms: [1: 1.569e-05, 2: 1.000e-05, 3: 2.523e-04, 4: 2.924e-05, 5: 2.246e-05, 6: 1.027e-04, 7: 3.365e-06, 8: 1.153e-05, 9: 1.218e-05]
[2025-07-21 21:27:28] DEBUG - PINN_Graph - Epoch 750 boundary top    loss: 2.655e-04 | szz=pressure: 2.105e-04, syz=0: 2.587e-05, szx=0: 2.916e-05
[2025-07-21 21:27:28] DEBUG - PINN_Graph - Epoch 750 boundary front  loss: 5.511e-05 | sxx=0: 3.850e-05, sxy=0: 5.194e-06, szx=0: 1.141e-05
[2025-07-21 21:27:28] DEBUG - PINN_Graph - Epoch 750 boundary back   loss: 1.084e-05 | u=0: 3.166e-07, sxy=0: 1.278e-06, szx=0: 9.249e-06
[2025-07-21 21:27:28] DEBUG - PINN_Graph - Epoch 750 boundary right  loss: 4.348e-05 | syy=0: 2.942e-05, sxy=0: 4.019e-06, syz=0: 1.004e-05
[2025-07-21 21:27:28] DEBUG - PINN_Graph - Epoch 750 boundary left   loss: 1.318e-05 | v=0: 1.288e-07, sxy=0: 2.316e-06, syz=0: 1.073e-05
[2025-07-21 21:27:28] DEBUG - PINN_Graph - Epoch 750 boundary bottom loss: 7.692e-07 | gn=0: 4.687e-07, t1=0: 2.504e-07, t2=0: 5.010e-08
[2025-07-21 21:27:28] DEBUG - PINN_Graph - Epoch 750 TOTALS -> PDE: 4.595e-04, Bcs: 3.889e-04, LOSS: 8.483e-04
[2025-07-21 21:27:34] DEBUG - PINN_Graph - Epoch 800 PDE terms: [1: 1.434e-05, 2: 9.823e-06, 3: 2.648e-04, 4: 2.850e-05, 5: 2.111e-05, 6: 1.006e-04, 7: 3.328e-06, 8: 1.078e-05, 9: 1.156e-05]
[2025-07-21 21:27:34] DEBUG - PINN_Graph - Epoch 800 boundary top    loss: 3.080e-04 | szz=pressure: 2.546e-04, syz=0: 2.608e-05, szx=0: 2.733e-05
[2025-07-21 21:27:34] DEBUG - PINN_Graph - Epoch 800 boundary front  loss: 5.893e-05 | sxx=0: 4.236e-05, sxy=0: 4.229e-06, szx=0: 1.234e-05
[2025-07-21 21:27:34] DEBUG - PINN_Graph - Epoch 800 boundary back   loss: 9.767e-06 | u=0: 2.394e-07, sxy=0: 1.421e-06, szx=0: 8.107e-06
[2025-07-21 21:27:34] DEBUG - PINN_Graph - Epoch 800 boundary right  loss: 3.774e-05 | syy=0: 2.398e-05, sxy=0: 4.128e-06, syz=0: 9.633e-06
[2025-07-21 21:27:34] DEBUG - PINN_Graph - Epoch 800 boundary left   loss: 9.475e-06 | v=0: 1.415e-07, sxy=0: 2.184e-06, syz=0: 7.149e-06
[2025-07-21 21:27:34] DEBUG - PINN_Graph - Epoch 800 boundary bottom loss: 5.508e-07 | gn=0: 4.464e-07, t1=0: 6.024e-08, t2=0: 4.423e-08
[2025-07-21 21:27:34] DEBUG - PINN_Graph - Epoch 800 TOTALS -> PDE: 4.648e-04, Bcs: 4.245e-04, LOSS: 8.893e-04
[2025-07-21 21:27:40] DEBUG - PINN_Graph - Epoch 850 PDE terms: [1: 1.457e-05, 2: 1.019e-05, 3: 2.638e-04, 4: 2.792e-05, 5: 2.160e-05, 6: 1.039e-04, 7: 2.977e-06, 8: 1.084e-05, 9: 1.241e-05]
[2025-07-21 21:27:40] DEBUG - PINN_Graph - Epoch 850 boundary top    loss: 2.698e-04 | szz=pressure: 2.154e-04, syz=0: 2.540e-05, szx=0: 2.906e-05
[2025-07-21 21:27:40] DEBUG - PINN_Graph - Epoch 850 boundary front  loss: 5.903e-05 | sxx=0: 4.215e-05, sxy=0: 4.900e-06, szx=0: 1.198e-05
[2025-07-21 21:27:40] DEBUG - PINN_Graph - Epoch 850 boundary back   loss: 1.064e-05 | u=0: 5.323e-07, sxy=0: 1.260e-06, szx=0: 8.843e-06
[2025-07-21 21:27:40] DEBUG - PINN_Graph - Epoch 850 boundary right  loss: 4.629e-05 | syy=0: 3.063e-05, sxy=0: 3.630e-06, syz=0: 1.204e-05
[2025-07-21 21:27:40] DEBUG - PINN_Graph - Epoch 850 boundary left   loss: 1.007e-05 | v=0: 1.544e-07, sxy=0: 2.101e-06, syz=0: 7.816e-06
[2025-07-21 21:27:40] DEBUG - PINN_Graph - Epoch 850 boundary bottom loss: 1.071e-06 | gn=0: 9.156e-07, t1=0: 1.123e-07, t2=0: 4.280e-08
[2025-07-21 21:27:40] DEBUG - PINN_Graph - Epoch 850 TOTALS -> PDE: 4.682e-04, Bcs: 3.970e-04, LOSS: 8.652e-04
[2025-07-21 21:27:45] DEBUG - PINN_Graph - Epoch 900 PDE terms: [1: 1.569e-05, 2: 1.006e-05, 3: 2.490e-04, 4: 2.915e-05, 5: 2.188e-05, 6: 1.001e-04, 7: 3.348e-06, 8: 1.133e-05, 9: 1.131e-05]
[2025-07-21 21:27:45] DEBUG - PINN_Graph - Epoch 900 boundary top    loss: 2.766e-04 | szz=pressure: 2.250e-04, syz=0: 2.106e-05, szx=0: 3.055e-05
[2025-07-21 21:27:45] DEBUG - PINN_Graph - Epoch 900 boundary front  loss: 6.189e-05 | sxx=0: 4.321e-05, sxy=0: 5.634e-06, szx=0: 1.304e-05
[2025-07-21 21:27:45] DEBUG - PINN_Graph - Epoch 900 boundary back   loss: 1.148e-05 | u=0: 2.339e-07, sxy=0: 1.166e-06, szx=0: 1.008e-05
[2025-07-21 21:27:45] DEBUG - PINN_Graph - Epoch 900 boundary right  loss: 4.605e-05 | syy=0: 3.221e-05, sxy=0: 3.493e-06, syz=0: 1.036e-05
[2025-07-21 21:27:45] DEBUG - PINN_Graph - Epoch 900 boundary left   loss: 9.504e-06 | v=0: 1.615e-07, sxy=0: 1.820e-06, syz=0: 7.522e-06
[2025-07-21 21:27:45] DEBUG - PINN_Graph - Epoch 900 boundary bottom loss: 1.856e-06 | gn=0: 1.622e-06, t1=0: 1.655e-07, t2=0: 6.855e-08
[2025-07-21 21:27:45] DEBUG - PINN_Graph - Epoch 900 TOTALS -> PDE: 4.519e-04, Bcs: 4.074e-04, LOSS: 8.593e-04
[2025-07-21 21:27:52] DEBUG - PINN_Graph - Epoch 950 PDE terms: [1: 1.496e-05, 2: 1.032e-05, 3: 2.819e-04, 4: 2.896e-05, 5: 2.217e-05, 6: 1.109e-04, 7: 3.283e-06, 8: 1.099e-05, 9: 1.154e-05]
[2025-07-21 21:27:52] DEBUG - PINN_Graph - Epoch 950 boundary top    loss: 3.250e-04 | szz=pressure: 2.708e-04, syz=0: 2.874e-05, szx=0: 2.549e-05
[2025-07-21 21:27:52] DEBUG - PINN_Graph - Epoch 950 boundary front  loss: 6.703e-05 | sxx=0: 4.641e-05, sxy=0: 4.839e-06, szx=0: 1.578e-05
[2025-07-21 21:27:52] DEBUG - PINN_Graph - Epoch 950 boundary back   loss: 1.022e-05 | u=0: 3.359e-07, sxy=0: 1.290e-06, szx=0: 8.595e-06
[2025-07-21 21:27:52] DEBUG - PINN_Graph - Epoch 950 boundary right  loss: 4.050e-05 | syy=0: 2.639e-05, sxy=0: 3.836e-06, syz=0: 1.027e-05
[2025-07-21 21:27:52] DEBUG - PINN_Graph - Epoch 950 boundary left   loss: 1.024e-05 | v=0: 1.695e-07, sxy=0: 2.294e-06, syz=0: 7.779e-06
[2025-07-21 21:27:52] DEBUG - PINN_Graph - Epoch 950 boundary bottom loss: 3.901e-06 | gn=0: 3.757e-06, t1=0: 1.090e-07, t2=0: 3.546e-08
[2025-07-21 21:27:52] DEBUG - PINN_Graph - Epoch 950 TOTALS -> PDE: 4.950e-04, Bcs: 4.569e-04, LOSS: 9.520e-04
[2025-07-21 21:27:58] DEBUG - PINN_Graph - Epoch 1000 PDE terms: [1: 1.484e-05, 2: 1.021e-05, 3: 2.534e-04, 4: 3.262e-05, 5: 2.440e-05, 6: 1.014e-04, 7: 3.579e-06, 8: 1.194e-05, 9: 1.333e-05]
[2025-07-21 21:27:58] DEBUG - PINN_Graph - Epoch 1000 boundary top    loss: 3.006e-04 | szz=pressure: 2.417e-04, syz=0: 2.706e-05, szx=0: 3.183e-05
[2025-07-21 21:27:58] DEBUG - PINN_Graph - Epoch 1000 boundary front  loss: 6.044e-05 | sxx=0: 4.313e-05, sxy=0: 5.887e-06, szx=0: 1.142e-05
[2025-07-21 21:27:58] DEBUG - PINN_Graph - Epoch 1000 boundary back   loss: 8.710e-06 | u=0: 2.505e-07, sxy=0: 1.106e-06, szx=0: 7.353e-06
[2025-07-21 21:27:58] DEBUG - PINN_Graph - Epoch 1000 boundary right  loss: 4.580e-05 | syy=0: 3.252e-05, sxy=0: 3.813e-06, syz=0: 9.468e-06
[2025-07-21 21:27:58] DEBUG - PINN_Graph - Epoch 1000 boundary left   loss: 1.098e-05 | v=0: 1.154e-06, sxy=0: 2.271e-06, syz=0: 7.551e-06
[2025-07-21 21:27:58] DEBUG - PINN_Graph - Epoch 1000 boundary bottom loss: 8.563e-07 | gn=0: 1.806e-07, t1=0: 8.665e-08, t2=0: 5.890e-07
[2025-07-21 21:27:58] DEBUG - PINN_Graph - Epoch 1000 TOTALS -> PDE: 4.657e-04, Bcs: 4.273e-04, LOSS: 8.930e-04
[2025-07-21 21:27:58] DEBUG - PINN_Graph - Saved weights to log/graph/weights/Step0_layer5_weight.pth
[2025-07-21 21:27:58] DEBUG - PINN_Graph - Switching to L-BFGS optimization...
[2025-07-21 21:27:59] DEBUG - PINN_Graph - Saved weights to log/graph/weights/Step0_layer5_weight.pth
[2025-07-21 21:27:59] DEBUG - PINN_Graph - Layer 6 top-corner displacement: [0.2350316047668457, 0.2351616621017456, -1.0112528800964355]
[2025-07-21 21:27:59] INFO - PINN_Graph - Contact BC pressure: -1.009 from layer 5
[2025-07-21 21:27:59] DEBUG - PINN_Graph - Starting Adam training for layer 4 (1000 epochs, lr=1.0e-03)
[2025-07-21 21:27:59] DEBUG - PINN_Graph - Point counts: inside=512, top=256, bottom=256, front=256, back=256, right=256, left=256
[2025-07-21 21:27:59] DEBUG - PINN_Graph - Inside points shape: (512, 3)
[2025-07-21 21:27:59] DEBUG - PINN_Graph - Top points shape:    (256, 3)
[2025-07-21 21:27:59] DEBUG - PINN_Graph - Bottom points shape: (256, 3)
[2025-07-21 21:27:59] DEBUG - PINN_Graph - Front points shape:  (256, 3)
[2025-07-21 21:27:59] DEBUG - PINN_Graph - Back points shape:   (256, 3)
[2025-07-21 21:27:59] DEBUG - PINN_Graph - Right points shape:  (256, 3)
[2025-07-21 21:27:59] DEBUG - PINN_Graph - Left points shape:   (256, 3)
[2025-07-21 21:28:04] DEBUG - PINN_Graph - Epoch 50 PDE terms: [1: 6.379e-05, 2: 1.069e-05, 3: 2.719e-04, 4: 3.672e-05, 5: 2.792e-05, 6: 1.096e-04, 7: 1.118e-05, 8: 1.821e-05, 9: 1.520e-05]
[2025-07-21 21:28:04] DEBUG - PINN_Graph - Epoch  50 boundary top    loss: 2.540e-04 | szz=pressure: 2.045e-04, syz=0: 2.240e-05, szx=0: 2.711e-05
[2025-07-21 21:28:04] DEBUG - PINN_Graph - Epoch  50 boundary front  loss: 7.681e-05 | sxx=0: 5.675e-05, sxy=0: 4.433e-06, szx=0: 1.563e-05
[2025-07-21 21:28:04] DEBUG - PINN_Graph - Epoch  50 boundary back   loss: 1.099e-05 | u=0: 1.152e-06, sxy=0: 1.236e-06, szx=0: 8.597e-06
[2025-07-21 21:28:04] DEBUG - PINN_Graph - Epoch  50 boundary right  loss: 4.412e-05 | syy=0: 2.906e-05, sxy=0: 4.492e-06, syz=0: 1.056e-05
[2025-07-21 21:28:04] DEBUG - PINN_Graph - Epoch  50 boundary left   loss: 1.392e-05 | v=0: 3.478e-07, sxy=0: 2.420e-06, syz=0: 1.115e-05
[2025-07-21 21:28:04] DEBUG - PINN_Graph - Epoch  50 boundary bottom loss: 1.413e-05 | gn=0: 6.942e-07, t1=0: 1.155e-05, t2=0: 1.881e-06
[2025-07-21 21:28:04] DEBUG - PINN_Graph - Epoch 50 TOTALS -> PDE: 5.652e-04, Bcs: 4.140e-04, LOSS: 9.792e-04
[2025-07-21 21:28:10] DEBUG - PINN_Graph - Epoch 100 PDE terms: [1: 1.420e-05, 2: 1.034e-05, 3: 2.608e-04, 4: 3.023e-05, 5: 2.206e-05, 6: 1.013e-04, 7: 3.249e-06, 8: 1.093e-05, 9: 1.174e-05]
[2025-07-21 21:28:10] DEBUG - PINN_Graph - Epoch 100 boundary top    loss: 2.992e-04 | szz=pressure: 2.496e-04, syz=0: 2.296e-05, szx=0: 2.660e-05
[2025-07-21 21:28:10] DEBUG - PINN_Graph - Epoch 100 boundary front  loss: 6.733e-05 | sxx=0: 4.897e-05, sxy=0: 3.742e-06, szx=0: 1.462e-05
[2025-07-21 21:28:10] DEBUG - PINN_Graph - Epoch 100 boundary back   loss: 8.492e-06 | u=0: 3.116e-07, sxy=0: 1.141e-06, szx=0: 7.039e-06
[2025-07-21 21:28:10] DEBUG - PINN_Graph - Epoch 100 boundary right  loss: 4.650e-05 | syy=0: 3.260e-05, sxy=0: 3.728e-06, syz=0: 1.018e-05
[2025-07-21 21:28:10] DEBUG - PINN_Graph - Epoch 100 boundary left   loss: 1.136e-05 | v=0: 1.555e-07, sxy=0: 2.341e-06, syz=0: 8.863e-06
[2025-07-21 21:28:10] DEBUG - PINN_Graph - Epoch 100 boundary bottom loss: 4.217e-07 | gn=0: 2.340e-07, t1=0: 8.218e-08, t2=0: 1.055e-07
[2025-07-21 21:28:10] DEBUG - PINN_Graph - Epoch 100 TOTALS -> PDE: 4.648e-04, Bcs: 4.333e-04, LOSS: 8.982e-04
[2025-07-21 21:28:15] DEBUG - PINN_Graph - Epoch 150 PDE terms: [1: 1.413e-05, 2: 9.156e-06, 3: 2.434e-04, 4: 2.802e-05, 5: 2.059e-05, 6: 9.196e-05, 7: 3.009e-06, 8: 1.079e-05, 9: 1.200e-05]
[2025-07-21 21:28:15] DEBUG - PINN_Graph - Epoch 150 boundary top    loss: 3.044e-04 | szz=pressure: 2.528e-04, syz=0: 2.559e-05, szx=0: 2.604e-05
[2025-07-21 21:28:15] DEBUG - PINN_Graph - Epoch 150 boundary front  loss: 6.409e-05 | sxx=0: 4.511e-05, sxy=0: 5.530e-06, szx=0: 1.346e-05
[2025-07-21 21:28:15] DEBUG - PINN_Graph - Epoch 150 boundary back   loss: 9.128e-06 | u=0: 4.467e-07, sxy=0: 9.996e-07, szx=0: 7.682e-06
[2025-07-21 21:28:15] DEBUG - PINN_Graph - Epoch 150 boundary right  loss: 3.788e-05 | syy=0: 2.430e-05, sxy=0: 3.771e-06, syz=0: 9.812e-06
[2025-07-21 21:28:15] DEBUG - PINN_Graph - Epoch 150 boundary left   loss: 1.066e-05 | v=0: 2.414e-07, sxy=0: 2.215e-06, syz=0: 8.206e-06
[2025-07-21 21:28:15] DEBUG - PINN_Graph - Epoch 150 boundary bottom loss: 6.439e-07 | gn=0: 4.395e-07, t1=0: 5.435e-08, t2=0: 1.501e-07
[2025-07-21 21:28:15] DEBUG - PINN_Graph - Epoch 150 TOTALS -> PDE: 4.331e-04, Bcs: 4.268e-04, LOSS: 8.598e-04
[2025-07-21 21:28:21] DEBUG - PINN_Graph - Epoch 200 PDE terms: [1: 1.484e-05, 2: 1.004e-05, 3: 2.776e-04, 4: 2.941e-05, 5: 2.311e-05, 6: 1.047e-04, 7: 3.044e-06, 8: 1.062e-05, 9: 1.145e-05]
[2025-07-21 21:28:21] DEBUG - PINN_Graph - Epoch 200 boundary top    loss: 2.630e-04 | szz=pressure: 2.103e-04, syz=0: 2.734e-05, szx=0: 2.538e-05
[2025-07-21 21:28:21] DEBUG - PINN_Graph - Epoch 200 boundary front  loss: 6.158e-05 | sxx=0: 4.246e-05, sxy=0: 5.100e-06, szx=0: 1.402e-05
[2025-07-21 21:28:21] DEBUG - PINN_Graph - Epoch 200 boundary back   loss: 8.486e-06 | u=0: 3.920e-07, sxy=0: 1.239e-06, szx=0: 6.855e-06
[2025-07-21 21:28:22] DEBUG - PINN_Graph - Epoch 200 boundary right  loss: 4.083e-05 | syy=0: 2.781e-05, sxy=0: 3.508e-06, syz=0: 9.511e-06
[2025-07-21 21:28:22] DEBUG - PINN_Graph - Epoch 200 boundary left   loss: 1.123e-05 | v=0: 1.754e-07, sxy=0: 2.759e-06, syz=0: 8.301e-06
[2025-07-21 21:28:22] DEBUG - PINN_Graph - Epoch 200 boundary bottom loss: 2.799e-07 | gn=0: 1.600e-07, t1=0: 5.536e-08, t2=0: 6.456e-08
[2025-07-21 21:28:22] DEBUG - PINN_Graph - Epoch 200 TOTALS -> PDE: 4.848e-04, Bcs: 3.854e-04, LOSS: 8.702e-04
[2025-07-21 21:28:27] DEBUG - PINN_Graph - Epoch 250 PDE terms: [1: 1.404e-05, 2: 9.943e-06, 3: 2.585e-04, 4: 3.090e-05, 5: 2.336e-05, 6: 1.047e-04, 7: 3.150e-06, 8: 1.089e-05, 9: 1.254e-05]
[2025-07-21 21:28:27] DEBUG - PINN_Graph - Epoch 250 boundary top    loss: 3.541e-04 | szz=pressure: 3.006e-04, syz=0: 2.797e-05, szx=0: 2.558e-05
[2025-07-21 21:28:27] DEBUG - PINN_Graph - Epoch 250 boundary front  loss: 6.562e-05 | sxx=0: 4.771e-05, sxy=0: 4.285e-06, szx=0: 1.362e-05
[2025-07-21 21:28:27] DEBUG - PINN_Graph - Epoch 250 boundary back   loss: 8.448e-06 | u=0: 2.558e-07, sxy=0: 1.101e-06, szx=0: 7.092e-06
[2025-07-21 21:28:27] DEBUG - PINN_Graph - Epoch 250 boundary right  loss: 4.247e-05 | syy=0: 2.903e-05, sxy=0: 3.648e-06, syz=0: 9.790e-06
[2025-07-21 21:28:27] DEBUG - PINN_Graph - Epoch 250 boundary left   loss: 1.185e-05 | v=0: 9.957e-08, sxy=0: 2.217e-06, syz=0: 9.529e-06
[2025-07-21 21:28:27] DEBUG - PINN_Graph - Epoch 250 boundary bottom loss: 6.283e-07 | gn=0: 4.030e-07, t1=0: 8.792e-08, t2=0: 1.373e-07
[2025-07-21 21:28:27] DEBUG - PINN_Graph - Epoch 250 TOTALS -> PDE: 4.680e-04, Bcs: 4.831e-04, LOSS: 9.512e-04
[2025-07-21 21:28:33] DEBUG - PINN_Graph - Epoch 300 PDE terms: [1: 1.470e-05, 2: 9.597e-06, 3: 2.581e-04, 4: 2.758e-05, 5: 2.196e-05, 6: 1.042e-04, 7: 3.091e-06, 8: 1.146e-05, 9: 1.237e-05]
[2025-07-21 21:28:33] DEBUG - PINN_Graph - Epoch 300 boundary top    loss: 2.786e-04 | szz=pressure: 2.265e-04, syz=0: 2.522e-05, szx=0: 2.683e-05
[2025-07-21 21:28:33] DEBUG - PINN_Graph - Epoch 300 boundary front  loss: 6.920e-05 | sxx=0: 4.720e-05, sxy=0: 5.426e-06, szx=0: 1.658e-05
[2025-07-21 21:28:33] DEBUG - PINN_Graph - Epoch 300 boundary back   loss: 9.839e-06 | u=0: 2.286e-07, sxy=0: 1.189e-06, szx=0: 8.421e-06
[2025-07-21 21:28:33] DEBUG - PINN_Graph - Epoch 300 boundary right  loss: 4.234e-05 | syy=0: 2.721e-05, sxy=0: 3.761e-06, syz=0: 1.137e-05
[2025-07-21 21:28:33] DEBUG - PINN_Graph - Epoch 300 boundary left   loss: 1.265e-05 | v=0: 1.029e-07, sxy=0: 2.121e-06, syz=0: 1.042e-05
[2025-07-21 21:28:33] DEBUG - PINN_Graph - Epoch 300 boundary bottom loss: 4.032e-07 | gn=0: 3.053e-07, t1=0: 3.524e-08, t2=0: 6.266e-08
[2025-07-21 21:28:33] DEBUG - PINN_Graph - Epoch 300 TOTALS -> PDE: 4.631e-04, Bcs: 4.130e-04, LOSS: 8.761e-04
[2025-07-21 21:28:39] DEBUG - PINN_Graph - Epoch 350 PDE terms: [1: 1.399e-05, 2: 9.335e-06, 3: 2.814e-04, 4: 3.120e-05, 5: 2.544e-05, 6: 1.250e-04, 7: 2.860e-06, 8: 1.302e-05, 9: 1.268e-05]
[2025-07-21 21:28:39] DEBUG - PINN_Graph - Epoch 350 boundary top    loss: 3.322e-04 | szz=pressure: 2.800e-04, syz=0: 2.552e-05, szx=0: 2.667e-05
[2025-07-21 21:28:39] DEBUG - PINN_Graph - Epoch 350 boundary front  loss: 6.986e-05 | sxx=0: 4.838e-05, sxy=0: 4.859e-06, szx=0: 1.663e-05
[2025-07-21 21:28:39] DEBUG - PINN_Graph - Epoch 350 boundary back   loss: 9.686e-06 | u=0: 2.637e-07, sxy=0: 9.599e-07, szx=0: 8.462e-06
[2025-07-21 21:28:39] DEBUG - PINN_Graph - Epoch 350 boundary right  loss: 4.611e-05 | syy=0: 3.028e-05, sxy=0: 3.789e-06, syz=0: 1.204e-05
[2025-07-21 21:28:39] DEBUG - PINN_Graph - Epoch 350 boundary left   loss: 1.413e-05 | v=0: 1.318e-07, sxy=0: 2.050e-06, syz=0: 1.195e-05
[2025-07-21 21:28:39] DEBUG - PINN_Graph - Epoch 350 boundary bottom loss: 2.316e-06 | gn=0: 2.193e-06, t1=0: 9.603e-08, t2=0: 2.682e-08
[2025-07-21 21:28:39] DEBUG - PINN_Graph - Epoch 350 TOTALS -> PDE: 5.149e-04, Bcs: 4.743e-04, LOSS: 9.892e-04
[2025-07-21 21:28:45] DEBUG - PINN_Graph - Epoch 400 PDE terms: [1: 1.398e-05, 2: 9.494e-06, 3: 2.514e-04, 4: 2.965e-05, 5: 2.364e-05, 6: 1.117e-04, 7: 3.324e-06, 8: 1.074e-05, 9: 1.120e-05]
[2025-07-21 21:28:45] DEBUG - PINN_Graph - Epoch 400 boundary top    loss: 3.291e-04 | szz=pressure: 2.768e-04, syz=0: 2.279e-05, szx=0: 2.956e-05
[2025-07-21 21:28:45] DEBUG - PINN_Graph - Epoch 400 boundary front  loss: 6.094e-05 | sxx=0: 4.244e-05, sxy=0: 5.078e-06, szx=0: 1.342e-05
[2025-07-21 21:28:45] DEBUG - PINN_Graph - Epoch 400 boundary back   loss: 8.947e-06 | u=0: 3.186e-07, sxy=0: 1.070e-06, szx=0: 7.558e-06
[2025-07-21 21:28:45] DEBUG - PINN_Graph - Epoch 400 boundary right  loss: 3.821e-05 | syy=0: 2.549e-05, sxy=0: 3.969e-06, syz=0: 8.749e-06
[2025-07-21 21:28:45] DEBUG - PINN_Graph - Epoch 400 boundary left   loss: 1.057e-05 | v=0: 2.851e-07, sxy=0: 2.244e-06, syz=0: 8.036e-06
[2025-07-21 21:28:45] DEBUG - PINN_Graph - Epoch 400 boundary bottom loss: 2.989e-07 | gn=0: 1.170e-07, t1=0: 1.411e-07, t2=0: 4.077e-08
[2025-07-21 21:28:45] DEBUG - PINN_Graph - Epoch 400 TOTALS -> PDE: 4.651e-04, Bcs: 4.481e-04, LOSS: 9.132e-04
[2025-07-21 21:28:51] DEBUG - PINN_Graph - Epoch 450 PDE terms: [1: 1.432e-05, 2: 9.759e-06, 3: 2.677e-04, 4: 2.968e-05, 5: 2.138e-05, 6: 9.792e-05, 7: 2.854e-06, 8: 1.084e-05, 9: 1.248e-05]
[2025-07-21 21:28:51] DEBUG - PINN_Graph - Epoch 450 boundary top    loss: 2.905e-04 | szz=pressure: 2.374e-04, syz=0: 2.876e-05, szx=0: 2.426e-05
[2025-07-21 21:28:51] DEBUG - PINN_Graph - Epoch 450 boundary front  loss: 6.549e-05 | sxx=0: 4.691e-05, sxy=0: 4.520e-06, szx=0: 1.406e-05
[2025-07-21 21:28:51] DEBUG - PINN_Graph - Epoch 450 boundary back   loss: 8.863e-06 | u=0: 3.460e-07, sxy=0: 1.274e-06, szx=0: 7.244e-06
[2025-07-21 21:28:51] DEBUG - PINN_Graph - Epoch 450 boundary right  loss: 4.187e-05 | syy=0: 2.813e-05, sxy=0: 3.634e-06, syz=0: 1.010e-05
[2025-07-21 21:28:51] DEBUG - PINN_Graph - Epoch 450 boundary left   loss: 1.114e-05 | v=0: 2.332e-07, sxy=0: 1.901e-06, syz=0: 9.003e-06
[2025-07-21 21:28:51] DEBUG - PINN_Graph - Epoch 450 boundary bottom loss: 3.559e-07 | gn=0: 2.372e-07, t1=0: 5.855e-08, t2=0: 6.009e-08
[2025-07-21 21:28:51] DEBUG - PINN_Graph - Epoch 450 TOTALS -> PDE: 4.670e-04, Bcs: 4.182e-04, LOSS: 8.852e-04
[2025-07-21 21:28:56] DEBUG - PINN_Graph - Epoch 500 PDE terms: [1: 1.324e-05, 2: 1.006e-05, 3: 2.530e-04, 4: 3.028e-05, 5: 2.333e-05, 6: 1.056e-04, 7: 3.242e-06, 8: 1.124e-05, 9: 1.169e-05]
[2025-07-21 21:28:56] DEBUG - PINN_Graph - Epoch 500 boundary top    loss: 3.654e-04 | szz=pressure: 3.059e-04, syz=0: 2.642e-05, szx=0: 3.303e-05
[2025-07-21 21:28:56] DEBUG - PINN_Graph - Epoch 500 boundary front  loss: 6.283e-05 | sxx=0: 4.455e-05, sxy=0: 5.107e-06, szx=0: 1.317e-05
[2025-07-21 21:28:56] DEBUG - PINN_Graph - Epoch 500 boundary back   loss: 1.114e-05 | u=0: 4.520e-07, sxy=0: 1.000e-06, szx=0: 9.692e-06
[2025-07-21 21:28:56] DEBUG - PINN_Graph - Epoch 500 boundary right  loss: 4.372e-05 | syy=0: 3.037e-05, sxy=0: 4.238e-06, syz=0: 9.114e-06
[2025-07-21 21:28:56] DEBUG - PINN_Graph - Epoch 500 boundary left   loss: 9.810e-06 | v=0: 5.525e-07, sxy=0: 2.214e-06, syz=0: 7.044e-06
[2025-07-21 21:28:56] DEBUG - PINN_Graph - Epoch 500 boundary bottom loss: 4.769e-07 | gn=0: 3.328e-07, t1=0: 4.675e-08, t2=0: 9.732e-08
[2025-07-21 21:28:56] DEBUG - PINN_Graph - Epoch 500 TOTALS -> PDE: 4.617e-04, Bcs: 4.934e-04, LOSS: 9.550e-04
[2025-07-21 21:29:02] DEBUG - PINN_Graph - Epoch 550 PDE terms: [1: 1.469e-05, 2: 9.810e-06, 3: 2.692e-04, 4: 2.803e-05, 5: 2.044e-05, 6: 9.511e-05, 7: 3.131e-06, 8: 1.088e-05, 9: 1.230e-05]
[2025-07-21 21:29:02] DEBUG - PINN_Graph - Epoch 550 boundary top    loss: 2.822e-04 | szz=pressure: 2.245e-04, syz=0: 2.684e-05, szx=0: 3.085e-05
[2025-07-21 21:29:02] DEBUG - PINN_Graph - Epoch 550 boundary front  loss: 6.572e-05 | sxx=0: 4.494e-05, sxy=0: 6.849e-06, szx=0: 1.393e-05
[2025-07-21 21:29:02] DEBUG - PINN_Graph - Epoch 550 boundary back   loss: 8.736e-06 | u=0: 2.131e-07, sxy=0: 1.170e-06, szx=0: 7.353e-06
[2025-07-21 21:29:02] DEBUG - PINN_Graph - Epoch 550 boundary right  loss: 3.865e-05 | syy=0: 2.386e-05, sxy=0: 3.905e-06, syz=0: 1.089e-05
[2025-07-21 21:29:02] DEBUG - PINN_Graph - Epoch 550 boundary left   loss: 1.054e-05 | v=0: 1.226e-07, sxy=0: 2.015e-06, syz=0: 8.400e-06
[2025-07-21 21:29:02] DEBUG - PINN_Graph - Epoch 550 boundary bottom loss: 1.387e-06 | gn=0: 8.217e-07, t1=0: 1.902e-07, t2=0: 3.747e-07
[2025-07-21 21:29:02] DEBUG - PINN_Graph - Epoch 550 TOTALS -> PDE: 4.636e-04, Bcs: 4.072e-04, LOSS: 8.708e-04
[2025-07-21 21:29:08] DEBUG - PINN_Graph - Epoch 600 PDE terms: [1: 1.344e-05, 2: 9.969e-06, 3: 2.532e-04, 4: 2.765e-05, 5: 2.168e-05, 6: 1.009e-04, 7: 3.157e-06, 8: 1.154e-05, 9: 1.259e-05]
[2025-07-21 21:29:08] DEBUG - PINN_Graph - Epoch 600 boundary top    loss: 3.175e-04 | szz=pressure: 2.606e-04, syz=0: 2.998e-05, szx=0: 2.699e-05
[2025-07-21 21:29:08] DEBUG - PINN_Graph - Epoch 600 boundary front  loss: 5.352e-05 | sxx=0: 3.693e-05, sxy=0: 4.671e-06, szx=0: 1.192e-05
[2025-07-21 21:29:08] DEBUG - PINN_Graph - Epoch 600 boundary back   loss: 1.082e-05 | u=0: 6.118e-07, sxy=0: 1.283e-06, szx=0: 8.928e-06
[2025-07-21 21:29:08] DEBUG - PINN_Graph - Epoch 600 boundary right  loss: 4.394e-05 | syy=0: 2.929e-05, sxy=0: 4.545e-06, syz=0: 1.011e-05
[2025-07-21 21:29:08] DEBUG - PINN_Graph - Epoch 600 boundary left   loss: 1.233e-05 | v=0: 3.512e-07, sxy=0: 2.202e-06, syz=0: 9.778e-06
[2025-07-21 21:29:08] DEBUG - PINN_Graph - Epoch 600 boundary bottom loss: 6.008e-07 | gn=0: 4.876e-07, t1=0: 4.179e-08, t2=0: 7.140e-08
[2025-07-21 21:29:08] DEBUG - PINN_Graph - Epoch 600 TOTALS -> PDE: 4.542e-04, Bcs: 4.387e-04, LOSS: 8.929e-04
[2025-07-21 21:29:13] DEBUG - PINN_Graph - Epoch 650 PDE terms: [1: 1.299e-05, 2: 1.023e-05, 3: 2.922e-04, 4: 2.864e-05, 5: 2.241e-05, 6: 1.030e-04, 7: 3.158e-06, 8: 1.157e-05, 9: 1.294e-05]
[2025-07-21 21:29:14] DEBUG - PINN_Graph - Epoch 650 boundary top    loss: 2.859e-04 | szz=pressure: 2.348e-04, syz=0: 2.520e-05, szx=0: 2.587e-05
[2025-07-21 21:29:14] DEBUG - PINN_Graph - Epoch 650 boundary front  loss: 6.563e-05 | sxx=0: 4.563e-05, sxy=0: 5.012e-06, szx=0: 1.499e-05
[2025-07-21 21:29:14] DEBUG - PINN_Graph - Epoch 650 boundary back   loss: 1.175e-05 | u=0: 9.459e-07, sxy=0: 1.037e-06, szx=0: 9.768e-06
[2025-07-21 21:29:14] DEBUG - PINN_Graph - Epoch 650 boundary right  loss: 4.149e-05 | syy=0: 2.757e-05, sxy=0: 4.089e-06, syz=0: 9.830e-06
[2025-07-21 21:29:14] DEBUG - PINN_Graph - Epoch 650 boundary left   loss: 1.000e-05 | v=0: 3.259e-07, sxy=0: 1.869e-06, syz=0: 7.806e-06
[2025-07-21 21:29:14] DEBUG - PINN_Graph - Epoch 650 boundary bottom loss: 2.023e-06 | gn=0: 1.742e-06, t1=0: 2.094e-07, t2=0: 7.150e-08
[2025-07-21 21:29:14] DEBUG - PINN_Graph - Epoch 650 TOTALS -> PDE: 4.971e-04, Bcs: 4.168e-04, LOSS: 9.139e-04
[2025-07-21 21:29:19] DEBUG - PINN_Graph - Epoch 700 PDE terms: [1: 1.421e-05, 2: 1.012e-05, 3: 2.622e-04, 4: 2.829e-05, 5: 2.280e-05, 6: 9.927e-05, 7: 3.009e-06, 8: 1.194e-05, 9: 1.191e-05]
[2025-07-21 21:29:19] DEBUG - PINN_Graph - Epoch 700 boundary top    loss: 2.826e-04 | szz=pressure: 2.322e-04, syz=0: 2.537e-05, szx=0: 2.507e-05
[2025-07-21 21:29:19] DEBUG - PINN_Graph - Epoch 700 boundary front  loss: 6.977e-05 | sxx=0: 5.297e-05, sxy=0: 4.216e-06, szx=0: 1.259e-05
[2025-07-21 21:29:19] DEBUG - PINN_Graph - Epoch 700 boundary back   loss: 1.039e-05 | u=0: 3.138e-07, sxy=0: 1.383e-06, szx=0: 8.696e-06
[2025-07-21 21:29:19] DEBUG - PINN_Graph - Epoch 700 boundary right  loss: 4.272e-05 | syy=0: 2.736e-05, sxy=0: 4.253e-06, syz=0: 1.111e-05
[2025-07-21 21:29:19] DEBUG - PINN_Graph - Epoch 700 boundary left   loss: 1.118e-05 | v=0: 1.102e-07, sxy=0: 2.413e-06, syz=0: 8.662e-06
[2025-07-21 21:29:19] DEBUG - PINN_Graph - Epoch 700 boundary bottom loss: 4.390e-07 | gn=0: 3.699e-07, t1=0: 3.794e-08, t2=0: 3.120e-08
[2025-07-21 21:29:19] DEBUG - PINN_Graph - Epoch 700 TOTALS -> PDE: 4.637e-04, Bcs: 4.171e-04, LOSS: 8.809e-04
[2025-07-21 21:29:25] DEBUG - PINN_Graph - Epoch 750 PDE terms: [1: 1.329e-05, 2: 9.247e-06, 3: 2.735e-04, 4: 2.920e-05, 5: 2.233e-05, 6: 1.078e-04, 7: 2.945e-06, 8: 1.055e-05, 9: 1.153e-05]
[2025-07-21 21:29:25] DEBUG - PINN_Graph - Epoch 750 boundary top    loss: 3.402e-04 | szz=pressure: 2.779e-04, syz=0: 3.052e-05, szx=0: 3.171e-05
[2025-07-21 21:29:25] DEBUG - PINN_Graph - Epoch 750 boundary front  loss: 6.494e-05 | sxx=0: 4.578e-05, sxy=0: 5.197e-06, szx=0: 1.397e-05
[2025-07-21 21:29:25] DEBUG - PINN_Graph - Epoch 750 boundary back   loss: 9.398e-06 | u=0: 2.791e-07, sxy=0: 1.226e-06, szx=0: 7.893e-06
[2025-07-21 21:29:25] DEBUG - PINN_Graph - Epoch 750 boundary right  loss: 4.120e-05 | syy=0: 2.842e-05, sxy=0: 3.808e-06, syz=0: 8.974e-06
[2025-07-21 21:29:25] DEBUG - PINN_Graph - Epoch 750 boundary left   loss: 8.838e-06 | v=0: 1.211e-07, sxy=0: 1.825e-06, syz=0: 6.892e-06
[2025-07-21 21:29:25] DEBUG - PINN_Graph - Epoch 750 boundary bottom loss: 3.317e-07 | gn=0: 1.410e-07, t1=0: 1.499e-07, t2=0: 4.079e-08
[2025-07-21 21:29:25] DEBUG - PINN_Graph - Epoch 750 TOTALS -> PDE: 4.804e-04, Bcs: 4.649e-04, LOSS: 9.452e-04
[2025-07-21 21:29:31] DEBUG - PINN_Graph - Epoch 800 PDE terms: [1: 1.424e-05, 2: 9.196e-06, 3: 2.493e-04, 4: 2.990e-05, 5: 2.359e-05, 6: 1.097e-04, 7: 2.908e-06, 8: 1.093e-05, 9: 1.293e-05]
[2025-07-21 21:29:31] DEBUG - PINN_Graph - Epoch 800 boundary top    loss: 2.823e-04 | szz=pressure: 2.288e-04, syz=0: 2.673e-05, szx=0: 2.676e-05
[2025-07-21 21:29:31] DEBUG - PINN_Graph - Epoch 800 boundary front  loss: 6.037e-05 | sxx=0: 4.123e-05, sxy=0: 5.083e-06, szx=0: 1.406e-05
[2025-07-21 21:29:31] DEBUG - PINN_Graph - Epoch 800 boundary back   loss: 1.331e-05 | u=0: 1.031e-06, sxy=0: 1.272e-06, szx=0: 1.101e-05
[2025-07-21 21:29:31] DEBUG - PINN_Graph - Epoch 800 boundary right  loss: 3.974e-05 | syy=0: 2.662e-05, sxy=0: 4.078e-06, syz=0: 9.044e-06
[2025-07-21 21:29:31] DEBUG - PINN_Graph - Epoch 800 boundary left   loss: 9.582e-06 | v=0: 2.404e-07, sxy=0: 1.901e-06, syz=0: 7.440e-06
[2025-07-21 21:29:31] DEBUG - PINN_Graph - Epoch 800 boundary bottom loss: 5.790e-07 | gn=0: 4.849e-07, t1=0: 5.766e-08, t2=0: 3.652e-08
[2025-07-21 21:29:31] DEBUG - PINN_Graph - Epoch 800 TOTALS -> PDE: 4.626e-04, Bcs: 4.059e-04, LOSS: 8.685e-04
[2025-07-21 21:29:36] DEBUG - PINN_Graph - Epoch 850 PDE terms: [1: 1.501e-05, 2: 9.452e-06, 3: 2.503e-04, 4: 2.724e-05, 5: 2.189e-05, 6: 9.726e-05, 7: 3.079e-06, 8: 1.066e-05, 9: 1.196e-05]
[2025-07-21 21:29:36] DEBUG - PINN_Graph - Epoch 850 boundary top    loss: 3.172e-04 | szz=pressure: 2.672e-04, syz=0: 2.618e-05, szx=0: 2.382e-05
[2025-07-21 21:29:36] DEBUG - PINN_Graph - Epoch 850 boundary front  loss: 5.454e-05 | sxx=0: 3.747e-05, sxy=0: 4.375e-06, szx=0: 1.270e-05
[2025-07-21 21:29:36] DEBUG - PINN_Graph - Epoch 850 boundary back   loss: 1.042e-05 | u=0: 2.553e-07, sxy=0: 1.099e-06, szx=0: 9.066e-06
[2025-07-21 21:29:36] DEBUG - PINN_Graph - Epoch 850 boundary right  loss: 4.215e-05 | syy=0: 2.813e-05, sxy=0: 3.958e-06, syz=0: 1.006e-05
[2025-07-21 21:29:36] DEBUG - PINN_Graph - Epoch 850 boundary left   loss: 1.109e-05 | v=0: 2.473e-07, sxy=0: 2.199e-06, syz=0: 8.642e-06
[2025-07-21 21:29:36] DEBUG - PINN_Graph - Epoch 850 boundary bottom loss: 9.148e-07 | gn=0: 4.557e-07, t1=0: 3.004e-07, t2=0: 1.586e-07
[2025-07-21 21:29:36] DEBUG - PINN_Graph - Epoch 850 TOTALS -> PDE: 4.468e-04, Bcs: 4.364e-04, LOSS: 8.832e-04
[2025-07-21 21:29:42] DEBUG - PINN_Graph - Epoch 900 PDE terms: [1: 1.348e-05, 2: 9.263e-06, 3: 2.507e-04, 4: 2.806e-05, 5: 2.109e-05, 6: 1.069e-04, 7: 2.949e-06, 8: 1.147e-05, 9: 1.195e-05]
[2025-07-21 21:29:42] DEBUG - PINN_Graph - Epoch 900 boundary top    loss: 3.552e-04 | szz=pressure: 3.005e-04, syz=0: 2.584e-05, szx=0: 2.887e-05
[2025-07-21 21:29:42] DEBUG - PINN_Graph - Epoch 900 boundary front  loss: 5.570e-05 | sxx=0: 3.801e-05, sxy=0: 4.785e-06, szx=0: 1.291e-05
[2025-07-21 21:29:42] DEBUG - PINN_Graph - Epoch 900 boundary back   loss: 9.814e-06 | u=0: 5.532e-07, sxy=0: 1.210e-06, szx=0: 8.051e-06
[2025-07-21 21:29:42] DEBUG - PINN_Graph - Epoch 900 boundary right  loss: 4.804e-05 | syy=0: 3.451e-05, sxy=0: 3.816e-06, syz=0: 9.708e-06
[2025-07-21 21:29:42] DEBUG - PINN_Graph - Epoch 900 boundary left   loss: 1.065e-05 | v=0: 8.387e-08, sxy=0: 2.068e-06, syz=0: 8.493e-06
[2025-07-21 21:29:42] DEBUG - PINN_Graph - Epoch 900 boundary bottom loss: 5.606e-07 | gn=0: 2.420e-07, t1=0: 2.984e-07, t2=0: 2.023e-08
[2025-07-21 21:29:42] DEBUG - PINN_Graph - Epoch 900 TOTALS -> PDE: 4.558e-04, Bcs: 4.800e-04, LOSS: 9.358e-04
[2025-07-21 21:29:48] DEBUG - PINN_Graph - Epoch 950 PDE terms: [1: 1.270e-05, 2: 9.373e-06, 3: 2.471e-04, 4: 3.070e-05, 5: 2.392e-05, 6: 9.794e-05, 7: 3.089e-06, 8: 1.032e-05, 9: 1.131e-05]
[2025-07-21 21:29:48] DEBUG - PINN_Graph - Epoch 950 boundary top    loss: 3.013e-04 | szz=pressure: 2.550e-04, syz=0: 2.305e-05, szx=0: 2.328e-05
[2025-07-21 21:29:48] DEBUG - PINN_Graph - Epoch 950 boundary front  loss: 5.998e-05 | sxx=0: 4.485e-05, sxy=0: 4.554e-06, szx=0: 1.058e-05
[2025-07-21 21:29:48] DEBUG - PINN_Graph - Epoch 950 boundary back   loss: 1.098e-05 | u=0: 3.324e-07, sxy=0: 1.106e-06, szx=0: 9.537e-06
[2025-07-21 21:29:48] DEBUG - PINN_Graph - Epoch 950 boundary right  loss: 4.370e-05 | syy=0: 3.136e-05, sxy=0: 3.226e-06, syz=0: 9.112e-06
[2025-07-21 21:29:48] DEBUG - PINN_Graph - Epoch 950 boundary left   loss: 1.082e-05 | v=0: 2.331e-07, sxy=0: 2.022e-06, syz=0: 8.568e-06
[2025-07-21 21:29:48] DEBUG - PINN_Graph - Epoch 950 boundary bottom loss: 4.473e-07 | gn=0: 1.449e-07, t1=0: 2.455e-07, t2=0: 5.696e-08
[2025-07-21 21:29:48] DEBUG - PINN_Graph - Epoch 950 TOTALS -> PDE: 4.464e-04, Bcs: 4.273e-04, LOSS: 8.737e-04
[2025-07-21 21:29:54] DEBUG - PINN_Graph - Epoch 1000 PDE terms: [1: 1.329e-05, 2: 9.362e-06, 3: 2.573e-04, 4: 2.793e-05, 5: 2.141e-05, 6: 1.035e-04, 7: 2.911e-06, 8: 1.056e-05, 9: 1.182e-05]
[2025-07-21 21:29:54] DEBUG - PINN_Graph - Epoch 1000 boundary top    loss: 2.968e-04 | szz=pressure: 2.452e-04, syz=0: 2.294e-05, szx=0: 2.870e-05
[2025-07-21 21:29:54] DEBUG - PINN_Graph - Epoch 1000 boundary front  loss: 5.149e-05 | sxx=0: 3.443e-05, sxy=0: 4.746e-06, szx=0: 1.231e-05
[2025-07-21 21:29:54] DEBUG - PINN_Graph - Epoch 1000 boundary back   loss: 9.549e-06 | u=0: 2.052e-07, sxy=0: 1.120e-06, szx=0: 8.224e-06
[2025-07-21 21:29:54] DEBUG - PINN_Graph - Epoch 1000 boundary right  loss: 4.124e-05 | syy=0: 2.678e-05, sxy=0: 3.585e-06, syz=0: 1.087e-05
[2025-07-21 21:29:54] DEBUG - PINN_Graph - Epoch 1000 boundary left   loss: 1.332e-05 | v=0: 2.136e-07, sxy=0: 1.746e-06, syz=0: 1.136e-05
[2025-07-21 21:29:54] DEBUG - PINN_Graph - Epoch 1000 boundary bottom loss: 7.114e-07 | gn=0: 1.901e-07, t1=0: 2.799e-07, t2=0: 2.415e-07
[2025-07-21 21:29:54] DEBUG - PINN_Graph - Epoch 1000 TOTALS -> PDE: 4.581e-04, Bcs: 4.131e-04, LOSS: 8.712e-04
[2025-07-21 21:29:54] DEBUG - PINN_Graph - Saved weights to log/graph/weights/Step0_layer4_weight.pth
[2025-07-21 21:29:54] DEBUG - PINN_Graph - Switching to L-BFGS optimization...
[2025-07-21 21:29:55] DEBUG - PINN_Graph - Saved weights to log/graph/weights/Step0_layer4_weight.pth
[2025-07-21 21:29:55] DEBUG - PINN_Graph - Layer 5 top-corner displacement: [0.23507539927959442, 0.23454353213310242, -1.008914828300476]
[2025-07-21 21:29:55] INFO - PINN_Graph - Contact BC pressure: -1.009 from layer 4
[2025-07-21 21:29:55] DEBUG - PINN_Graph - Starting Adam training for layer 3 (1000 epochs, lr=1.0e-03)
[2025-07-21 21:29:55] DEBUG - PINN_Graph - Point counts: inside=512, top=256, bottom=256, front=256, back=256, right=256, left=256
[2025-07-21 21:29:55] DEBUG - PINN_Graph - Inside points shape: (512, 3)
[2025-07-21 21:29:55] DEBUG - PINN_Graph - Top points shape:    (256, 3)
[2025-07-21 21:29:55] DEBUG - PINN_Graph - Bottom points shape: (256, 3)
[2025-07-21 21:29:55] DEBUG - PINN_Graph - Front points shape:  (256, 3)
[2025-07-21 21:29:55] DEBUG - PINN_Graph - Back points shape:   (256, 3)
[2025-07-21 21:29:55] DEBUG - PINN_Graph - Right points shape:  (256, 3)
[2025-07-21 21:29:55] DEBUG - PINN_Graph - Left points shape:   (256, 3)
[2025-07-21 21:30:01] DEBUG - PINN_Graph - Epoch 50 PDE terms: [1: 1.397e-05, 2: 9.109e-06, 3: 2.441e-04, 4: 3.061e-05, 5: 2.204e-05, 6: 1.108e-04, 7: 3.547e-06, 8: 1.394e-05, 9: 1.561e-05]
[2025-07-21 21:30:01] DEBUG - PINN_Graph - Epoch  50 boundary top    loss: 2.795e-04 | szz=pressure: 2.302e-04, syz=0: 2.292e-05, szx=0: 2.633e-05
[2025-07-21 21:30:01] DEBUG - PINN_Graph - Epoch  50 boundary front  loss: 5.712e-05 | sxx=0: 4.019e-05, sxy=0: 4.743e-06, szx=0: 1.218e-05
[2025-07-21 21:30:01] DEBUG - PINN_Graph - Epoch  50 boundary back   loss: 1.340e-05 | u=0: 4.802e-06, sxy=0: 1.259e-06, szx=0: 7.337e-06
[2025-07-21 21:30:01] DEBUG - PINN_Graph - Epoch  50 boundary right  loss: 3.988e-05 | syy=0: 2.415e-05, sxy=0: 3.907e-06, syz=0: 1.183e-05
[2025-07-21 21:30:01] DEBUG - PINN_Graph - Epoch  50 boundary left   loss: 1.239e-05 | v=0: 2.318e-06, sxy=0: 2.379e-06, syz=0: 7.690e-06
[2025-07-21 21:30:01] DEBUG - PINN_Graph - Epoch  50 boundary bottom loss: 6.354e-06 | gn=0: 2.323e-06, t1=0: 2.863e-06, t2=0: 1.168e-06
[2025-07-21 21:30:01] DEBUG - PINN_Graph - Epoch 50 TOTALS -> PDE: 4.638e-04, Bcs: 4.086e-04, LOSS: 8.724e-04
[2025-07-21 21:30:07] DEBUG - PINN_Graph - Epoch 100 PDE terms: [1: 1.320e-05, 2: 8.971e-06, 3: 2.700e-04, 4: 2.815e-05, 5: 2.033e-05, 6: 9.322e-05, 7: 3.249e-06, 8: 1.077e-05, 9: 1.154e-05]
[2025-07-21 21:30:07] DEBUG - PINN_Graph - Epoch 100 boundary top    loss: 3.062e-04 | szz=pressure: 2.603e-04, syz=0: 2.122e-05, szx=0: 2.466e-05
[2025-07-21 21:30:07] DEBUG - PINN_Graph - Epoch 100 boundary front  loss: 5.962e-05 | sxx=0: 4.257e-05, sxy=0: 4.250e-06, szx=0: 1.281e-05
[2025-07-21 21:30:07] DEBUG - PINN_Graph - Epoch 100 boundary back   loss: 9.528e-06 | u=0: 2.473e-07, sxy=0: 1.246e-06, szx=0: 8.035e-06
[2025-07-21 21:30:07] DEBUG - PINN_Graph - Epoch 100 boundary right  loss: 4.083e-05 | syy=0: 2.746e-05, sxy=0: 3.601e-06, syz=0: 9.769e-06
[2025-07-21 21:30:07] DEBUG - PINN_Graph - Epoch 100 boundary left   loss: 1.141e-05 | v=0: 2.020e-07, sxy=0: 1.950e-06, syz=0: 9.261e-06
[2025-07-21 21:30:07] DEBUG - PINN_Graph - Epoch 100 boundary bottom loss: 8.167e-07 | gn=0: 5.329e-07, t1=0: 1.348e-07, t2=0: 1.490e-07
[2025-07-21 21:30:07] DEBUG - PINN_Graph - Epoch 100 TOTALS -> PDE: 4.594e-04, Bcs: 4.284e-04, LOSS: 8.878e-04
[2025-07-21 21:30:14] DEBUG - PINN_Graph - Epoch 150 PDE terms: [1: 1.277e-05, 2: 8.942e-06, 3: 2.615e-04, 4: 2.978e-05, 5: 2.323e-05, 6: 1.013e-04, 7: 2.873e-06, 8: 1.033e-05, 9: 1.279e-05]
[2025-07-21 21:30:14] DEBUG - PINN_Graph - Epoch 150 boundary top    loss: 2.849e-04 | szz=pressure: 2.322e-04, syz=0: 2.479e-05, szx=0: 2.794e-05
[2025-07-21 21:30:14] DEBUG - PINN_Graph - Epoch 150 boundary front  loss: 6.320e-05 | sxx=0: 4.426e-05, sxy=0: 4.979e-06, szx=0: 1.396e-05
[2025-07-21 21:30:14] DEBUG - PINN_Graph - Epoch 150 boundary back   loss: 1.072e-05 | u=0: 2.488e-07, sxy=0: 1.182e-06, szx=0: 9.294e-06
[2025-07-21 21:30:14] DEBUG - PINN_Graph - Epoch 150 boundary right  loss: 4.078e-05 | syy=0: 2.706e-05, sxy=0: 3.509e-06, syz=0: 1.021e-05
[2025-07-21 21:30:14] DEBUG - PINN_Graph - Epoch 150 boundary left   loss: 1.031e-05 | v=0: 2.074e-07, sxy=0: 2.507e-06, syz=0: 7.594e-06
[2025-07-21 21:30:14] DEBUG - PINN_Graph - Epoch 150 boundary bottom loss: 3.727e-07 | gn=0: 2.132e-07, t1=0: 5.751e-08, t2=0: 1.019e-07
[2025-07-21 21:30:14] DEBUG - PINN_Graph - Epoch 150 TOTALS -> PDE: 4.636e-04, Bcs: 4.103e-04, LOSS: 8.739e-04
[2025-07-21 21:30:19] DEBUG - PINN_Graph - Epoch 200 PDE terms: [1: 1.312e-05, 2: 9.609e-06, 3: 2.467e-04, 4: 2.874e-05, 5: 2.294e-05, 6: 1.037e-04, 7: 2.881e-06, 8: 1.084e-05, 9: 1.105e-05]
[2025-07-21 21:30:19] DEBUG - PINN_Graph - Epoch 200 boundary top    loss: 2.878e-04 | szz=pressure: 2.391e-04, syz=0: 2.315e-05, szx=0: 2.555e-05
[2025-07-21 21:30:19] DEBUG - PINN_Graph - Epoch 200 boundary front  loss: 6.343e-05 | sxx=0: 4.811e-05, sxy=0: 4.487e-06, szx=0: 1.083e-05
[2025-07-21 21:30:19] DEBUG - PINN_Graph - Epoch 200 boundary back   loss: 1.119e-05 | u=0: 2.149e-07, sxy=0: 1.146e-06, szx=0: 9.829e-06
[2025-07-21 21:30:19] DEBUG - PINN_Graph - Epoch 200 boundary right  loss: 3.940e-05 | syy=0: 2.624e-05, sxy=0: 3.421e-06, syz=0: 9.745e-06
[2025-07-21 21:30:19] DEBUG - PINN_Graph - Epoch 200 boundary left   loss: 9.567e-06 | v=0: 1.041e-07, sxy=0: 1.848e-06, syz=0: 7.615e-06
[2025-07-21 21:30:19] DEBUG - PINN_Graph - Epoch 200 boundary bottom loss: 4.839e-07 | gn=0: 4.130e-07, t1=0: 4.240e-08, t2=0: 2.846e-08
[2025-07-21 21:30:19] DEBUG - PINN_Graph - Epoch 200 TOTALS -> PDE: 4.496e-04, Bcs: 4.119e-04, LOSS: 8.615e-04
[2025-07-21 21:30:25] DEBUG - PINN_Graph - Epoch 250 PDE terms: [1: 1.296e-05, 2: 9.878e-06, 3: 2.560e-04, 4: 3.013e-05, 5: 2.250e-05, 6: 1.096e-04, 7: 2.864e-06, 8: 1.101e-05, 9: 1.226e-05]
[2025-07-21 21:30:25] DEBUG - PINN_Graph - Epoch 250 boundary top    loss: 2.729e-04 | szz=pressure: 2.234e-04, syz=0: 2.337e-05, szx=0: 2.614e-05
[2025-07-21 21:30:25] DEBUG - PINN_Graph - Epoch 250 boundary front  loss: 6.397e-05 | sxx=0: 4.635e-05, sxy=0: 4.843e-06, szx=0: 1.277e-05
[2025-07-21 21:30:25] DEBUG - PINN_Graph - Epoch 250 boundary back   loss: 1.152e-05 | u=0: 2.507e-07, sxy=0: 1.086e-06, szx=0: 1.018e-05
[2025-07-21 21:30:25] DEBUG - PINN_Graph - Epoch 250 boundary right  loss: 4.388e-05 | syy=0: 2.953e-05, sxy=0: 3.324e-06, syz=0: 1.103e-05
[2025-07-21 21:30:25] DEBUG - PINN_Graph - Epoch 250 boundary left   loss: 1.097e-05 | v=0: 3.465e-07, sxy=0: 2.254e-06, syz=0: 8.372e-06
[2025-07-21 21:30:25] DEBUG - PINN_Graph - Epoch 250 boundary bottom loss: 3.132e-07 | gn=0: 1.983e-07, t1=0: 5.202e-08, t2=0: 6.289e-08
[2025-07-21 21:30:25] DEBUG - PINN_Graph - Epoch 250 TOTALS -> PDE: 4.672e-04, Bcs: 4.035e-04, LOSS: 8.707e-04
[2025-07-21 21:30:31] DEBUG - PINN_Graph - Epoch 300 PDE terms: [1: 1.244e-05, 2: 8.993e-06, 3: 2.581e-04, 4: 2.708e-05, 5: 2.234e-05, 6: 1.019e-04, 7: 2.736e-06, 8: 1.014e-05, 9: 1.195e-05]
[2025-07-21 21:30:31] DEBUG - PINN_Graph - Epoch 300 boundary top    loss: 2.532e-04 | szz=pressure: 2.034e-04, syz=0: 2.397e-05, szx=0: 2.588e-05
[2025-07-21 21:30:31] DEBUG - PINN_Graph - Epoch 300 boundary front  loss: 6.118e-05 | sxx=0: 4.383e-05, sxy=0: 4.516e-06, szx=0: 1.283e-05
[2025-07-21 21:30:31] DEBUG - PINN_Graph - Epoch 300 boundary back   loss: 1.200e-05 | u=0: 1.864e-07, sxy=0: 1.121e-06, szx=0: 1.069e-05
[2025-07-21 21:30:31] DEBUG - PINN_Graph - Epoch 300 boundary right  loss: 4.373e-05 | syy=0: 2.893e-05, sxy=0: 3.019e-06, syz=0: 1.179e-05
[2025-07-21 21:30:31] DEBUG - PINN_Graph - Epoch 300 boundary left   loss: 1.012e-05 | v=0: 1.902e-07, sxy=0: 2.047e-06, syz=0: 7.888e-06
[2025-07-21 21:30:31] DEBUG - PINN_Graph - Epoch 300 boundary bottom loss: 6.756e-07 | gn=0: 5.011e-07, t1=0: 7.729e-08, t2=0: 9.720e-08
[2025-07-21 21:30:31] DEBUG - PINN_Graph - Epoch 300 TOTALS -> PDE: 4.557e-04, Bcs: 3.809e-04, LOSS: 8.366e-04
[2025-07-21 21:30:37] DEBUG - PINN_Graph - Epoch 350 PDE terms: [1: 1.280e-05, 2: 9.298e-06, 3: 2.554e-04, 4: 2.732e-05, 5: 2.260e-05, 6: 1.053e-04, 7: 2.738e-06, 8: 1.143e-05, 9: 1.225e-05]
[2025-07-21 21:30:37] DEBUG - PINN_Graph - Epoch 350 boundary top    loss: 3.454e-04 | szz=pressure: 2.921e-04, syz=0: 2.891e-05, szx=0: 2.435e-05
[2025-07-21 21:30:37] DEBUG - PINN_Graph - Epoch 350 boundary front  loss: 5.817e-05 | sxx=0: 3.649e-05, sxy=0: 4.737e-06, szx=0: 1.694e-05
[2025-07-21 21:30:37] DEBUG - PINN_Graph - Epoch 350 boundary back   loss: 9.411e-06 | u=0: 3.901e-07, sxy=0: 1.247e-06, szx=0: 7.774e-06
[2025-07-21 21:30:37] DEBUG - PINN_Graph - Epoch 350 boundary right  loss: 3.743e-05 | syy=0: 2.467e-05, sxy=0: 3.820e-06, syz=0: 8.934e-06
[2025-07-21 21:30:37] DEBUG - PINN_Graph - Epoch 350 boundary left   loss: 1.061e-05 | v=0: 3.084e-07, sxy=0: 2.441e-06, syz=0: 7.856e-06
[2025-07-21 21:30:37] DEBUG - PINN_Graph - Epoch 350 boundary bottom loss: 3.146e-07 | gn=0: 1.924e-07, t1=0: 7.152e-08, t2=0: 5.063e-08
[2025-07-21 21:30:37] DEBUG - PINN_Graph - Epoch 350 TOTALS -> PDE: 4.592e-04, Bcs: 4.613e-04, LOSS: 9.205e-04
[2025-07-21 21:30:42] DEBUG - PINN_Graph - Epoch 400 PDE terms: [1: 1.269e-05, 2: 8.952e-06, 3: 2.443e-04, 4: 2.745e-05, 5: 2.024e-05, 6: 9.684e-05, 7: 2.885e-06, 8: 1.019e-05, 9: 1.197e-05]
[2025-07-21 21:30:42] DEBUG - PINN_Graph - Epoch 400 boundary top    loss: 2.743e-04 | szz=pressure: 2.197e-04, syz=0: 2.590e-05, szx=0: 2.870e-05
[2025-07-21 21:30:42] DEBUG - PINN_Graph - Epoch 400 boundary front  loss: 5.492e-05 | sxx=0: 3.761e-05, sxy=0: 3.805e-06, szx=0: 1.351e-05
[2025-07-21 21:30:42] DEBUG - PINN_Graph - Epoch 400 boundary back   loss: 8.568e-06 | u=0: 2.666e-07, sxy=0: 1.232e-06, szx=0: 7.069e-06
[2025-07-21 21:30:42] DEBUG - PINN_Graph - Epoch 400 boundary right  loss: 3.318e-05 | syy=0: 2.147e-05, sxy=0: 2.822e-06, syz=0: 8.893e-06
[2025-07-21 21:30:42] DEBUG - PINN_Graph - Epoch 400 boundary left   loss: 1.087e-05 | v=0: 3.064e-07, sxy=0: 1.821e-06, syz=0: 8.745e-06
[2025-07-21 21:30:42] DEBUG - PINN_Graph - Epoch 400 boundary bottom loss: 2.140e-07 | gn=0: 1.409e-07, t1=0: 3.012e-08, t2=0: 4.302e-08
[2025-07-21 21:30:42] DEBUG - PINN_Graph - Epoch 400 TOTALS -> PDE: 4.355e-04, Bcs: 3.820e-04, LOSS: 8.176e-04
[2025-07-21 21:30:48] DEBUG - PINN_Graph - Epoch 450 PDE terms: [1: 1.306e-05, 2: 9.833e-06, 3: 2.460e-04, 4: 2.826e-05, 5: 2.167e-05, 6: 1.000e-04, 7: 2.939e-06, 8: 1.081e-05, 9: 1.196e-05]
[2025-07-21 21:30:48] DEBUG - PINN_Graph - Epoch 450 boundary top    loss: 2.786e-04 | szz=pressure: 2.299e-04, syz=0: 2.459e-05, szx=0: 2.412e-05
[2025-07-21 21:30:48] DEBUG - PINN_Graph - Epoch 450 boundary front  loss: 6.332e-05 | sxx=0: 4.462e-05, sxy=0: 4.762e-06, szx=0: 1.393e-05
[2025-07-21 21:30:48] DEBUG - PINN_Graph - Epoch 450 boundary back   loss: 1.018e-05 | u=0: 1.902e-07, sxy=0: 1.270e-06, szx=0: 8.715e-06
[2025-07-21 21:30:48] DEBUG - PINN_Graph - Epoch 450 boundary right  loss: 4.429e-05 | syy=0: 2.994e-05, sxy=0: 3.562e-06, syz=0: 1.078e-05
[2025-07-21 21:30:48] DEBUG - PINN_Graph - Epoch 450 boundary left   loss: 1.147e-05 | v=0: 1.029e-07, sxy=0: 2.225e-06, syz=0: 9.146e-06
[2025-07-21 21:30:48] DEBUG - PINN_Graph - Epoch 450 boundary bottom loss: 9.490e-07 | gn=0: 6.310e-07, t1=0: 1.088e-07, t2=0: 2.092e-07
[2025-07-21 21:30:48] DEBUG - PINN_Graph - Epoch 450 TOTALS -> PDE: 4.445e-04, Bcs: 4.088e-04, LOSS: 8.534e-04
[2025-07-21 21:30:54] DEBUG - PINN_Graph - Epoch 500 PDE terms: [1: 1.280e-05, 2: 8.825e-06, 3: 2.469e-04, 4: 2.772e-05, 5: 2.138e-05, 6: 9.894e-05, 7: 2.820e-06, 8: 1.079e-05, 9: 1.185e-05]
[2025-07-21 21:30:54] DEBUG - PINN_Graph - Epoch 500 boundary top    loss: 2.936e-04 | szz=pressure: 2.413e-04, syz=0: 2.190e-05, szx=0: 3.039e-05
[2025-07-21 21:30:54] DEBUG - PINN_Graph - Epoch 500 boundary front  loss: 5.574e-05 | sxx=0: 3.942e-05, sxy=0: 5.908e-06, szx=0: 1.040e-05
[2025-07-21 21:30:54] DEBUG - PINN_Graph - Epoch 500 boundary back   loss: 1.103e-05 | u=0: 3.768e-07, sxy=0: 1.078e-06, szx=0: 9.579e-06
[2025-07-21 21:30:54] DEBUG - PINN_Graph - Epoch 500 boundary right  loss: 4.264e-05 | syy=0: 2.791e-05, sxy=0: 3.615e-06, syz=0: 1.111e-05
[2025-07-21 21:30:54] DEBUG - PINN_Graph - Epoch 500 boundary left   loss: 1.182e-05 | v=0: 5.153e-07, sxy=0: 2.020e-06, syz=0: 9.282e-06
[2025-07-21 21:30:54] DEBUG - PINN_Graph - Epoch 500 boundary bottom loss: 4.550e-07 | gn=0: 3.929e-07, t1=0: 3.870e-08, t2=0: 2.336e-08
[2025-07-21 21:30:54] DEBUG - PINN_Graph - Epoch 500 TOTALS -> PDE: 4.420e-04, Bcs: 4.152e-04, LOSS: 8.572e-04
[2025-07-21 21:31:00] DEBUG - PINN_Graph - Epoch 550 PDE terms: [1: 1.309e-05, 2: 9.608e-06, 3: 2.592e-04, 4: 2.601e-05, 5: 1.965e-05, 6: 1.021e-04, 7: 2.980e-06, 8: 1.071e-05, 9: 1.165e-05]
[2025-07-21 21:31:00] DEBUG - PINN_Graph - Epoch 550 boundary top    loss: 2.903e-04 | szz=pressure: 2.382e-04, syz=0: 2.531e-05, szx=0: 2.682e-05
[2025-07-21 21:31:00] DEBUG - PINN_Graph - Epoch 550 boundary front  loss: 6.208e-05 | sxx=0: 4.534e-05, sxy=0: 4.655e-06, szx=0: 1.208e-05
[2025-07-21 21:31:00] DEBUG - PINN_Graph - Epoch 550 boundary back   loss: 1.069e-05 | u=0: 2.306e-07, sxy=0: 1.156e-06, szx=0: 9.300e-06
[2025-07-21 21:31:00] DEBUG - PINN_Graph - Epoch 550 boundary right  loss: 4.565e-05 | syy=0: 2.866e-05, sxy=0: 4.224e-06, syz=0: 1.277e-05
[2025-07-21 21:31:00] DEBUG - PINN_Graph - Epoch 550 boundary left   loss: 1.282e-05 | v=0: 3.377e-07, sxy=0: 2.262e-06, syz=0: 1.022e-05
[2025-07-21 21:31:00] DEBUG - PINN_Graph - Epoch 550 boundary bottom loss: 1.198e-06 | gn=0: 8.285e-07, t1=0: 8.045e-08, t2=0: 2.894e-07
[2025-07-21 21:31:00] DEBUG - PINN_Graph - Epoch 550 TOTALS -> PDE: 4.551e-04, Bcs: 4.228e-04, LOSS: 8.778e-04
[2025-07-21 21:31:06] DEBUG - PINN_Graph - Epoch 600 PDE terms: [1: 1.375e-05, 2: 9.376e-06, 3: 2.551e-04, 4: 2.703e-05, 5: 2.178e-05, 6: 1.043e-04, 7: 2.890e-06, 8: 1.075e-05, 9: 1.205e-05]
[2025-07-21 21:31:06] DEBUG - PINN_Graph - Epoch 600 boundary top    loss: 2.953e-04 | szz=pressure: 2.435e-04, syz=0: 2.336e-05, szx=0: 2.838e-05
[2025-07-21 21:31:06] DEBUG - PINN_Graph - Epoch 600 boundary front  loss: 6.642e-05 | sxx=0: 4.898e-05, sxy=0: 4.282e-06, szx=0: 1.316e-05
[2025-07-21 21:31:06] DEBUG - PINN_Graph - Epoch 600 boundary back   loss: 9.464e-06 | u=0: 3.377e-07, sxy=0: 9.951e-07, szx=0: 8.131e-06
[2025-07-21 21:31:06] DEBUG - PINN_Graph - Epoch 600 boundary right  loss: 4.374e-05 | syy=0: 3.089e-05, sxy=0: 3.434e-06, syz=0: 9.414e-06
[2025-07-21 21:31:06] DEBUG - PINN_Graph - Epoch 600 boundary left   loss: 1.054e-05 | v=0: 2.656e-07, sxy=0: 2.347e-06, syz=0: 7.932e-06
[2025-07-21 21:31:06] DEBUG - PINN_Graph - Epoch 600 boundary bottom loss: 7.634e-07 | gn=0: 3.105e-07, t1=0: 1.494e-07, t2=0: 3.035e-07
[2025-07-21 21:31:06] DEBUG - PINN_Graph - Epoch 600 TOTALS -> PDE: 4.571e-04, Bcs: 4.262e-04, LOSS: 8.833e-04
[2025-07-21 21:31:11] DEBUG - PINN_Graph - Epoch 650 PDE terms: [1: 1.285e-05, 2: 9.852e-06, 3: 2.608e-04, 4: 2.610e-05, 5: 2.247e-05, 6: 1.030e-04, 7: 2.913e-06, 8: 1.040e-05, 9: 1.196e-05]
[2025-07-21 21:31:11] DEBUG - PINN_Graph - Epoch 650 boundary top    loss: 2.847e-04 | szz=pressure: 2.281e-04, syz=0: 2.546e-05, szx=0: 3.111e-05
[2025-07-21 21:31:11] DEBUG - PINN_Graph - Epoch 650 boundary front  loss: 6.381e-05 | sxx=0: 4.459e-05, sxy=0: 4.443e-06, szx=0: 1.478e-05
[2025-07-21 21:31:11] DEBUG - PINN_Graph - Epoch 650 boundary back   loss: 1.004e-05 | u=0: 2.336e-07, sxy=0: 1.131e-06, szx=0: 8.680e-06
[2025-07-21 21:31:11] DEBUG - PINN_Graph - Epoch 650 boundary right  loss: 4.461e-05 | syy=0: 3.060e-05, sxy=0: 3.857e-06, syz=0: 1.014e-05
[2025-07-21 21:31:11] DEBUG - PINN_Graph - Epoch 650 boundary left   loss: 1.031e-05 | v=0: 4.353e-07, sxy=0: 2.011e-06, syz=0: 7.868e-06
[2025-07-21 21:31:12] DEBUG - PINN_Graph - Epoch 650 boundary bottom loss: 2.034e-07 | gn=0: 1.333e-07, t1=0: 5.137e-08, t2=0: 1.874e-08
[2025-07-21 21:31:12] DEBUG - PINN_Graph - Epoch 650 TOTALS -> PDE: 4.603e-04, Bcs: 4.137e-04, LOSS: 8.740e-04
[2025-07-21 21:31:17] DEBUG - PINN_Graph - Epoch 700 PDE terms: [1: 1.337e-05, 2: 9.521e-06, 3: 2.474e-04, 4: 2.621e-05, 5: 2.065e-05, 6: 1.043e-04, 7: 2.715e-06, 8: 1.122e-05, 9: 1.139e-05]
[2025-07-21 21:31:17] DEBUG - PINN_Graph - Epoch 700 boundary top    loss: 2.896e-04 | szz=pressure: 2.451e-04, syz=0: 2.026e-05, szx=0: 2.427e-05
[2025-07-21 21:31:17] DEBUG - PINN_Graph - Epoch 700 boundary front  loss: 5.087e-05 | sxx=0: 3.588e-05, sxy=0: 3.903e-06, szx=0: 1.108e-05
[2025-07-21 21:31:17] DEBUG - PINN_Graph - Epoch 700 boundary back   loss: 1.044e-05 | u=0: 3.604e-07, sxy=0: 1.103e-06, szx=0: 8.974e-06
[2025-07-21 21:31:17] DEBUG - PINN_Graph - Epoch 700 boundary right  loss: 3.713e-05 | syy=0: 2.498e-05, sxy=0: 3.194e-06, syz=0: 8.960e-06
[2025-07-21 21:31:17] DEBUG - PINN_Graph - Epoch 700 boundary left   loss: 1.166e-05 | v=0: 8.302e-08, sxy=0: 2.209e-06, syz=0: 9.367e-06
[2025-07-21 21:31:17] DEBUG - PINN_Graph - Epoch 700 boundary bottom loss: 2.601e-06 | gn=0: 2.284e-06, t1=0: 2.945e-07, t2=0: 2.279e-08
[2025-07-21 21:31:17] DEBUG - PINN_Graph - Epoch 700 TOTALS -> PDE: 4.467e-04, Bcs: 4.023e-04, LOSS: 8.491e-04
[2025-07-21 21:31:23] DEBUG - PINN_Graph - Epoch 750 PDE terms: [1: 1.326e-05, 2: 8.880e-06, 3: 2.574e-04, 4: 3.204e-05, 5: 2.535e-05, 6: 1.248e-04, 7: 3.511e-06, 8: 9.936e-06, 9: 1.198e-05]
[2025-07-21 21:31:23] DEBUG - PINN_Graph - Epoch 750 boundary top    loss: 2.792e-04 | szz=pressure: 2.317e-04, syz=0: 1.984e-05, szx=0: 2.769e-05
[2025-07-21 21:31:23] DEBUG - PINN_Graph - Epoch 750 boundary front  loss: 6.610e-05 | sxx=0: 4.772e-05, sxy=0: 4.501e-06, szx=0: 1.387e-05
[2025-07-21 21:31:23] DEBUG - PINN_Graph - Epoch 750 boundary back   loss: 8.614e-06 | u=0: 2.273e-07, sxy=0: 1.093e-06, szx=0: 7.294e-06
[2025-07-21 21:31:23] DEBUG - PINN_Graph - Epoch 750 boundary right  loss: 4.238e-05 | syy=0: 2.935e-05, sxy=0: 3.564e-06, syz=0: 9.471e-06
[2025-07-21 21:31:23] DEBUG - PINN_Graph - Epoch 750 boundary left   loss: 9.859e-06 | v=0: 9.871e-08, sxy=0: 1.950e-06, syz=0: 7.810e-06
[2025-07-21 21:31:23] DEBUG - PINN_Graph - Epoch 750 boundary bottom loss: 3.995e-06 | gn=0: 3.755e-06, t1=0: 3.337e-08, t2=0: 2.076e-07
[2025-07-21 21:31:23] DEBUG - PINN_Graph - Epoch 750 TOTALS -> PDE: 4.871e-04, Bcs: 4.102e-04, LOSS: 8.973e-04
[2025-07-21 21:31:29] DEBUG - PINN_Graph - Epoch 800 PDE terms: [1: 1.205e-05, 2: 8.426e-06, 3: 2.565e-04, 4: 3.029e-05, 5: 2.340e-05, 6: 1.145e-04, 7: 2.813e-06, 8: 1.180e-05, 9: 1.252e-05]
[2025-07-21 21:31:29] DEBUG - PINN_Graph - Epoch 800 boundary top    loss: 2.682e-04 | szz=pressure: 2.160e-04, syz=0: 2.326e-05, szx=0: 2.898e-05
[2025-07-21 21:31:29] DEBUG - PINN_Graph - Epoch 800 boundary front  loss: 6.538e-05 | sxx=0: 4.980e-05, sxy=0: 4.824e-06, szx=0: 1.075e-05
[2025-07-21 21:31:29] DEBUG - PINN_Graph - Epoch 800 boundary back   loss: 9.670e-06 | u=0: 1.814e-07, sxy=0: 1.217e-06, szx=0: 8.271e-06
[2025-07-21 21:31:29] DEBUG - PINN_Graph - Epoch 800 boundary right  loss: 4.120e-05 | syy=0: 2.481e-05, sxy=0: 3.196e-06, syz=0: 1.320e-05
[2025-07-21 21:31:29] DEBUG - PINN_Graph - Epoch 800 boundary left   loss: 1.305e-05 | v=0: 2.448e-07, sxy=0: 1.909e-06, syz=0: 1.090e-05
[2025-07-21 21:31:29] DEBUG - PINN_Graph - Epoch 800 boundary bottom loss: 7.298e-07 | gn=0: 1.766e-07, t1=0: 2.278e-07, t2=0: 3.253e-07
[2025-07-21 21:31:29] DEBUG - PINN_Graph - Epoch 800 TOTALS -> PDE: 4.724e-04, Bcs: 3.983e-04, LOSS: 8.706e-04
[2025-07-21 21:31:34] DEBUG - PINN_Graph - Epoch 850 PDE terms: [1: 1.271e-05, 2: 8.644e-06, 3: 2.728e-04, 4: 3.255e-05, 5: 2.533e-05, 6: 1.038e-04, 7: 2.682e-06, 8: 1.003e-05, 9: 1.113e-05]
[2025-07-21 21:31:34] DEBUG - PINN_Graph - Epoch 850 boundary top    loss: 2.849e-04 | szz=pressure: 2.342e-04, syz=0: 2.351e-05, szx=0: 2.716e-05
[2025-07-21 21:31:34] DEBUG - PINN_Graph - Epoch 850 boundary front  loss: 6.742e-05 | sxx=0: 5.145e-05, sxy=0: 3.713e-06, szx=0: 1.226e-05
[2025-07-21 21:31:34] DEBUG - PINN_Graph - Epoch 850 boundary back   loss: 9.441e-06 | u=0: 2.199e-07, sxy=0: 8.746e-07, szx=0: 8.347e-06
[2025-07-21 21:31:34] DEBUG - PINN_Graph - Epoch 850 boundary right  loss: 3.691e-05 | syy=0: 2.209e-05, sxy=0: 3.157e-06, syz=0: 1.167e-05
[2025-07-21 21:31:34] DEBUG - PINN_Graph - Epoch 850 boundary left   loss: 1.098e-05 | v=0: 1.076e-07, sxy=0: 1.884e-06, syz=0: 8.989e-06
[2025-07-21 21:31:34] DEBUG - PINN_Graph - Epoch 850 boundary bottom loss: 1.195e-06 | gn=0: 1.124e-06, t1=0: 5.674e-08, t2=0: 1.481e-08
[2025-07-21 21:31:34] DEBUG - PINN_Graph - Epoch 850 TOTALS -> PDE: 4.797e-04, Bcs: 4.109e-04, LOSS: 8.906e-04
[2025-07-21 21:31:40] DEBUG - PINN_Graph - Epoch 900 PDE terms: [1: 1.200e-05, 2: 9.065e-06, 3: 2.612e-04, 4: 2.822e-05, 5: 2.144e-05, 6: 1.047e-04, 7: 2.683e-06, 8: 1.049e-05, 9: 1.222e-05]
[2025-07-21 21:31:40] DEBUG - PINN_Graph - Epoch 900 boundary top    loss: 3.456e-04 | szz=pressure: 2.844e-04, syz=0: 3.207e-05, szx=0: 2.912e-05
[2025-07-21 21:31:40] DEBUG - PINN_Graph - Epoch 900 boundary front  loss: 5.333e-05 | sxx=0: 3.734e-05, sxy=0: 4.707e-06, szx=0: 1.128e-05
[2025-07-21 21:31:40] DEBUG - PINN_Graph - Epoch 900 boundary back   loss: 1.012e-05 | u=0: 2.697e-07, sxy=0: 1.061e-06, szx=0: 8.789e-06
[2025-07-21 21:31:40] DEBUG - PINN_Graph - Epoch 900 boundary right  loss: 3.775e-05 | syy=0: 2.592e-05, sxy=0: 3.888e-06, syz=0: 7.937e-06
[2025-07-21 21:31:40] DEBUG - PINN_Graph - Epoch 900 boundary left   loss: 1.163e-05 | v=0: 2.117e-06, sxy=0: 1.792e-06, syz=0: 7.722e-06
[2025-07-21 21:31:40] DEBUG - PINN_Graph - Epoch 900 boundary bottom loss: 3.348e-06 | gn=0: 2.723e-06, t1=0: 2.747e-07, t2=0: 3.506e-07
[2025-07-21 21:31:40] DEBUG - PINN_Graph - Epoch 900 TOTALS -> PDE: 4.621e-04, Bcs: 4.618e-04, LOSS: 9.238e-04
[2025-07-21 21:31:46] DEBUG - PINN_Graph - Epoch 950 PDE terms: [1: 1.246e-05, 2: 7.807e-06, 3: 2.493e-04, 4: 3.019e-05, 5: 2.459e-05, 6: 1.088e-04, 7: 3.432e-06, 8: 1.054e-05, 9: 1.451e-05]
[2025-07-21 21:31:46] DEBUG - PINN_Graph - Epoch 950 boundary top    loss: 2.978e-04 | szz=pressure: 2.449e-04, syz=0: 2.441e-05, szx=0: 2.851e-05
[2025-07-21 21:31:46] DEBUG - PINN_Graph - Epoch 950 boundary front  loss: 6.037e-05 | sxx=0: 4.304e-05, sxy=0: 4.967e-06, szx=0: 1.237e-05
[2025-07-21 21:31:46] DEBUG - PINN_Graph - Epoch 950 boundary back   loss: 1.207e-05 | u=0: 4.789e-07, sxy=0: 1.172e-06, szx=0: 1.042e-05
[2025-07-21 21:31:46] DEBUG - PINN_Graph - Epoch 950 boundary right  loss: 4.221e-05 | syy=0: 2.758e-05, sxy=0: 3.566e-06, syz=0: 1.106e-05
[2025-07-21 21:31:46] DEBUG - PINN_Graph - Epoch 950 boundary left   loss: 1.060e-05 | v=0: 2.246e-07, sxy=0: 2.168e-06, syz=0: 8.210e-06
[2025-07-21 21:31:46] DEBUG - PINN_Graph - Epoch 950 boundary bottom loss: 4.018e-06 | gn=0: 3.144e-06, t1=0: 3.338e-07, t2=0: 5.403e-07
[2025-07-21 21:31:46] DEBUG - PINN_Graph - Epoch 950 TOTALS -> PDE: 4.617e-04, Bcs: 4.271e-04, LOSS: 8.888e-04
[2025-07-21 21:31:52] DEBUG - PINN_Graph - Epoch 1000 PDE terms: [1: 1.247e-05, 2: 8.276e-06, 3: 2.543e-04, 4: 2.983e-05, 5: 2.261e-05, 6: 1.177e-04, 7: 2.889e-06, 8: 1.062e-05, 9: 1.096e-05]
[2025-07-21 21:31:52] DEBUG - PINN_Graph - Epoch 1000 boundary top    loss: 2.924e-04 | szz=pressure: 2.425e-04, syz=0: 2.560e-05, szx=0: 2.432e-05
[2025-07-21 21:31:52] DEBUG - PINN_Graph - Epoch 1000 boundary front  loss: 7.627e-05 | sxx=0: 5.659e-05, sxy=0: 5.342e-06, szx=0: 1.434e-05
[2025-07-21 21:31:52] DEBUG - PINN_Graph - Epoch 1000 boundary back   loss: 8.467e-06 | u=0: 4.263e-07, sxy=0: 1.140e-06, szx=0: 6.901e-06
[2025-07-21 21:31:52] DEBUG - PINN_Graph - Epoch 1000 boundary right  loss: 4.195e-05 | syy=0: 2.757e-05, sxy=0: 3.410e-06, syz=0: 1.097e-05
[2025-07-21 21:31:52] DEBUG - PINN_Graph - Epoch 1000 boundary left   loss: 9.313e-06 | v=0: 6.208e-08, sxy=0: 1.908e-06, syz=0: 7.343e-06
[2025-07-21 21:31:52] DEBUG - PINN_Graph - Epoch 1000 boundary bottom loss: 8.632e-07 | gn=0: 7.491e-07, t1=0: 8.649e-08, t2=0: 2.756e-08
[2025-07-21 21:31:52] DEBUG - PINN_Graph - Epoch 1000 TOTALS -> PDE: 4.697e-04, Bcs: 4.293e-04, LOSS: 8.990e-04
[2025-07-21 21:31:52] DEBUG - PINN_Graph - Saved weights to log/graph/weights/Step0_layer3_weight.pth
[2025-07-21 21:31:52] DEBUG - PINN_Graph - Switching to L-BFGS optimization...
[2025-07-21 21:31:53] DEBUG - PINN_Graph - Saved weights to log/graph/weights/Step0_layer3_weight.pth
[2025-07-21 21:31:53] DEBUG - PINN_Graph - Layer 4 top-corner displacement: [0.2346883863210678, 0.23574182391166687, -1.0090162754058838]
[2025-07-21 21:31:53] INFO - PINN_Graph - Contact BC pressure: -1.009 from layer 3
[2025-07-21 21:31:53] DEBUG - PINN_Graph - Starting Adam training for layer 2 (1000 epochs, lr=1.0e-03)
[2025-07-21 21:31:53] DEBUG - PINN_Graph - Point counts: inside=512, top=256, bottom=256, front=256, back=256, right=256, left=256
[2025-07-21 21:31:53] DEBUG - PINN_Graph - Inside points shape: (512, 3)
[2025-07-21 21:31:53] DEBUG - PINN_Graph - Top points shape:    (256, 3)
[2025-07-21 21:31:53] DEBUG - PINN_Graph - Bottom points shape: (256, 3)
[2025-07-21 21:31:53] DEBUG - PINN_Graph - Front points shape:  (256, 3)
[2025-07-21 21:31:53] DEBUG - PINN_Graph - Back points shape:   (256, 3)
[2025-07-21 21:31:53] DEBUG - PINN_Graph - Right points shape:  (256, 3)
[2025-07-21 21:31:53] DEBUG - PINN_Graph - Left points shape:   (256, 3)
[2025-07-21 21:31:59] DEBUG - PINN_Graph - Epoch 50 PDE terms: [1: 1.263e-05, 2: 8.214e-06, 3: 2.475e-04, 4: 2.767e-05, 5: 2.359e-05, 6: 9.983e-05, 7: 7.432e-06, 8: 1.941e-05, 9: 1.354e-05]
[2025-07-21 21:31:59] DEBUG - PINN_Graph - Epoch  50 boundary top    loss: 2.828e-04 | szz=pressure: 2.387e-04, syz=0: 2.174e-05, szx=0: 2.235e-05
[2025-07-21 21:31:59] DEBUG - PINN_Graph - Epoch  50 boundary front  loss: 6.507e-05 | sxx=0: 4.177e-05, sxy=0: 4.473e-06, szx=0: 1.883e-05
[2025-07-21 21:31:59] DEBUG - PINN_Graph - Epoch  50 boundary back   loss: 1.224e-05 | u=0: 2.885e-06, sxy=0: 9.590e-07, szx=0: 8.398e-06
[2025-07-21 21:31:59] DEBUG - PINN_Graph - Epoch  50 boundary right  loss: 4.052e-05 | syy=0: 2.623e-05, sxy=0: 3.732e-06, syz=0: 1.056e-05
[2025-07-21 21:31:59] DEBUG - PINN_Graph - Epoch  50 boundary left   loss: 2.045e-05 | v=0: 8.686e-06, sxy=0: 1.929e-06, syz=0: 9.836e-06
[2025-07-21 21:31:59] DEBUG - PINN_Graph - Epoch  50 boundary bottom loss: 2.224e-05 | gn=0: 5.338e-06, t1=0: 6.695e-06, t2=0: 1.021e-05
[2025-07-21 21:31:59] DEBUG - PINN_Graph - Epoch 50 TOTALS -> PDE: 4.598e-04, Bcs: 4.433e-04, LOSS: 9.031e-04
[2025-07-21 21:32:05] DEBUG - PINN_Graph - Epoch 100 PDE terms: [1: 1.241e-05, 2: 8.338e-06, 3: 2.524e-04, 4: 2.680e-05, 5: 2.024e-05, 6: 1.011e-04, 7: 2.931e-06, 8: 1.068e-05, 9: 1.178e-05]
[2025-07-21 21:32:05] DEBUG - PINN_Graph - Epoch 100 boundary top    loss: 2.616e-04 | szz=pressure: 2.100e-04, syz=0: 2.483e-05, szx=0: 2.679e-05
[2025-07-21 21:32:05] DEBUG - PINN_Graph - Epoch 100 boundary front  loss: 5.692e-05 | sxx=0: 4.022e-05, sxy=0: 4.532e-06, szx=0: 1.217e-05
[2025-07-21 21:32:05] DEBUG - PINN_Graph - Epoch 100 boundary back   loss: 9.663e-06 | u=0: 2.828e-07, sxy=0: 9.645e-07, szx=0: 8.416e-06
[2025-07-21 21:32:05] DEBUG - PINN_Graph - Epoch 100 boundary right  loss: 4.912e-05 | syy=0: 3.471e-05, sxy=0: 3.714e-06, syz=0: 1.070e-05
[2025-07-21 21:32:05] DEBUG - PINN_Graph - Epoch 100 boundary left   loss: 1.069e-05 | v=0: 1.080e-07, sxy=0: 2.218e-06, syz=0: 8.363e-06
[2025-07-21 21:32:05] DEBUG - PINN_Graph - Epoch 100 boundary bottom loss: 3.887e-07 | gn=0: 2.476e-07, t1=0: 6.721e-08, t2=0: 7.389e-08
[2025-07-21 21:32:05] DEBUG - PINN_Graph - Epoch 100 TOTALS -> PDE: 4.466e-04, Bcs: 3.884e-04, LOSS: 8.351e-04
[2025-07-21 21:32:11] DEBUG - PINN_Graph - Epoch 150 PDE terms: [1: 1.259e-05, 2: 7.497e-06, 3: 2.592e-04, 4: 2.763e-05, 5: 2.057e-05, 6: 9.543e-05, 7: 2.759e-06, 8: 1.042e-05, 9: 1.144e-05]
[2025-07-21 21:32:11] DEBUG - PINN_Graph - Epoch 150 boundary top    loss: 2.611e-04 | szz=pressure: 2.192e-04, syz=0: 2.025e-05, szx=0: 2.162e-05
[2025-07-21 21:32:11] DEBUG - PINN_Graph - Epoch 150 boundary front  loss: 6.207e-05 | sxx=0: 4.496e-05, sxy=0: 4.757e-06, szx=0: 1.235e-05
[2025-07-21 21:32:11] DEBUG - PINN_Graph - Epoch 150 boundary back   loss: 8.629e-06 | u=0: 2.301e-07, sxy=0: 1.055e-06, szx=0: 7.344e-06
[2025-07-21 21:32:11] DEBUG - PINN_Graph - Epoch 150 boundary right  loss: 3.876e-05 | syy=0: 2.593e-05, sxy=0: 3.022e-06, syz=0: 9.807e-06
[2025-07-21 21:32:11] DEBUG - PINN_Graph - Epoch 150 boundary left   loss: 1.074e-05 | v=0: 1.655e-07, sxy=0: 2.145e-06, syz=0: 8.425e-06
[2025-07-21 21:32:11] DEBUG - PINN_Graph - Epoch 150 boundary bottom loss: 8.239e-07 | gn=0: 5.910e-07, t1=0: 3.606e-08, t2=0: 1.969e-07
[2025-07-21 21:32:11] DEBUG - PINN_Graph - Epoch 150 TOTALS -> PDE: 4.475e-04, Bcs: 3.821e-04, LOSS: 8.296e-04
[2025-07-21 21:32:17] DEBUG - PINN_Graph - Epoch 200 PDE terms: [1: 1.305e-05, 2: 7.999e-06, 3: 2.445e-04, 4: 2.614e-05, 5: 2.054e-05, 6: 1.038e-04, 7: 2.856e-06, 8: 1.075e-05, 9: 1.168e-05]
[2025-07-21 21:32:17] DEBUG - PINN_Graph - Epoch 200 boundary top    loss: 2.847e-04 | szz=pressure: 2.309e-04, syz=0: 2.494e-05, szx=0: 2.888e-05
[2025-07-21 21:32:17] DEBUG - PINN_Graph - Epoch 200 boundary front  loss: 6.127e-05 | sxx=0: 4.512e-05, sxy=0: 3.755e-06, szx=0: 1.240e-05
[2025-07-21 21:32:17] DEBUG - PINN_Graph - Epoch 200 boundary back   loss: 1.259e-05 | u=0: 3.795e-07, sxy=0: 1.110e-06, szx=0: 1.110e-05
[2025-07-21 21:32:17] DEBUG - PINN_Graph - Epoch 200 boundary right  loss: 4.565e-05 | syy=0: 3.158e-05, sxy=0: 3.241e-06, syz=0: 1.084e-05
[2025-07-21 21:32:17] DEBUG - PINN_Graph - Epoch 200 boundary left   loss: 1.140e-05 | v=0: 9.608e-08, sxy=0: 2.042e-06, syz=0: 9.259e-06
[2025-07-21 21:32:17] DEBUG - PINN_Graph - Epoch 200 boundary bottom loss: 2.834e-07 | gn=0: 2.044e-07, t1=0: 2.954e-08, t2=0: 4.953e-08
[2025-07-21 21:32:17] DEBUG - PINN_Graph - Epoch 200 TOTALS -> PDE: 4.413e-04, Bcs: 4.159e-04, LOSS: 8.572e-04
[2025-07-21 21:32:23] DEBUG - PINN_Graph - Epoch 250 PDE terms: [1: 1.172e-05, 2: 7.970e-06, 3: 2.506e-04, 4: 2.681e-05, 5: 2.065e-05, 6: 9.618e-05, 7: 2.670e-06, 8: 1.013e-05, 9: 1.146e-05]
[2025-07-21 21:32:23] DEBUG - PINN_Graph - Epoch 250 boundary top    loss: 3.130e-04 | szz=pressure: 2.633e-04, syz=0: 2.345e-05, szx=0: 2.621e-05
[2025-07-21 21:32:23] DEBUG - PINN_Graph - Epoch 250 boundary front  loss: 5.597e-05 | sxx=0: 3.844e-05, sxy=0: 4.726e-06, szx=0: 1.280e-05
[2025-07-21 21:32:23] DEBUG - PINN_Graph - Epoch 250 boundary back   loss: 9.434e-06 | u=0: 4.300e-07, sxy=0: 9.530e-07, szx=0: 8.051e-06
[2025-07-21 21:32:23] DEBUG - PINN_Graph - Epoch 250 boundary right  loss: 3.693e-05 | syy=0: 2.421e-05, sxy=0: 3.301e-06, syz=0: 9.422e-06
[2025-07-21 21:32:23] DEBUG - PINN_Graph - Epoch 250 boundary left   loss: 1.111e-05 | v=0: 8.972e-08, sxy=0: 2.084e-06, syz=0: 8.939e-06
[2025-07-21 21:32:23] DEBUG - PINN_Graph - Epoch 250 boundary bottom loss: 3.569e-07 | gn=0: 2.340e-07, t1=0: 5.846e-08, t2=0: 6.447e-08
[2025-07-21 21:32:23] DEBUG - PINN_Graph - Epoch 250 TOTALS -> PDE: 4.382e-04, Bcs: 4.268e-04, LOSS: 8.650e-04
[2025-07-21 21:32:28] DEBUG - PINN_Graph - Epoch 300 PDE terms: [1: 1.190e-05, 2: 8.054e-06, 3: 2.530e-04, 4: 2.580e-05, 5: 1.905e-05, 6: 9.255e-05, 7: 2.696e-06, 8: 1.053e-05, 9: 1.082e-05]
[2025-07-21 21:32:28] DEBUG - PINN_Graph - Epoch 300 boundary top    loss: 2.532e-04 | szz=pressure: 2.036e-04, syz=0: 2.615e-05, szx=0: 2.345e-05
[2025-07-21 21:32:28] DEBUG - PINN_Graph - Epoch 300 boundary front  loss: 5.301e-05 | sxx=0: 3.622e-05, sxy=0: 4.573e-06, szx=0: 1.222e-05
[2025-07-21 21:32:28] DEBUG - PINN_Graph - Epoch 300 boundary back   loss: 9.593e-06 | u=0: 4.231e-07, sxy=0: 1.014e-06, szx=0: 8.156e-06
[2025-07-21 21:32:28] DEBUG - PINN_Graph - Epoch 300 boundary right  loss: 4.769e-05 | syy=0: 3.195e-05, sxy=0: 3.920e-06, syz=0: 1.182e-05
[2025-07-21 21:32:28] DEBUG - PINN_Graph - Epoch 300 boundary left   loss: 9.818e-06 | v=0: 3.283e-07, sxy=0: 1.748e-06, syz=0: 7.741e-06
[2025-07-21 21:32:29] DEBUG - PINN_Graph - Epoch 300 boundary bottom loss: 2.962e-07 | gn=0: 2.407e-07, t1=0: 3.367e-08, t2=0: 2.180e-08
[2025-07-21 21:32:29] DEBUG - PINN_Graph - Epoch 300 TOTALS -> PDE: 4.344e-04, Bcs: 3.736e-04, LOSS: 8.080e-04
[2025-07-21 21:32:35] DEBUG - PINN_Graph - Epoch 350 PDE terms: [1: 1.295e-05, 2: 8.485e-06, 3: 2.474e-04, 4: 2.760e-05, 5: 2.127e-05, 6: 1.232e-04, 7: 2.834e-06, 8: 1.087e-05, 9: 1.148e-05]
[2025-07-21 21:32:35] DEBUG - PINN_Graph - Epoch 350 boundary top    loss: 2.873e-04 | szz=pressure: 2.401e-04, syz=0: 2.414e-05, szx=0: 2.304e-05
[2025-07-21 21:32:35] DEBUG - PINN_Graph - Epoch 350 boundary front  loss: 5.414e-05 | sxx=0: 3.782e-05, sxy=0: 5.437e-06, szx=0: 1.089e-05
[2025-07-21 21:32:35] DEBUG - PINN_Graph - Epoch 350 boundary back   loss: 8.712e-06 | u=0: 2.098e-07, sxy=0: 9.873e-07, szx=0: 7.514e-06
[2025-07-21 21:32:35] DEBUG - PINN_Graph - Epoch 350 boundary right  loss: 4.107e-05 | syy=0: 2.762e-05, sxy=0: 3.225e-06, syz=0: 1.023e-05
[2025-07-21 21:32:35] DEBUG - PINN_Graph - Epoch 350 boundary left   loss: 1.230e-05 | v=0: 5.828e-07, sxy=0: 1.914e-06, syz=0: 9.802e-06
[2025-07-21 21:32:35] DEBUG - PINN_Graph - Epoch 350 boundary bottom loss: 1.701e-06 | gn=0: 1.650e-06, t1=0: 2.453e-08, t2=0: 2.665e-08
[2025-07-21 21:32:35] DEBUG - PINN_Graph - Epoch 350 TOTALS -> PDE: 4.661e-04, Bcs: 4.052e-04, LOSS: 8.712e-04
[2025-07-21 21:32:40] DEBUG - PINN_Graph - Epoch 400 PDE terms: [1: 1.151e-05, 2: 7.894e-06, 3: 2.613e-04, 4: 3.021e-05, 5: 2.533e-05, 6: 1.143e-04, 7: 2.557e-06, 8: 1.062e-05, 9: 1.197e-05]
[2025-07-21 21:32:40] DEBUG - PINN_Graph - Epoch 400 boundary top    loss: 2.877e-04 | szz=pressure: 2.392e-04, syz=0: 2.444e-05, szx=0: 2.405e-05
[2025-07-21 21:32:41] DEBUG - PINN_Graph - Epoch 400 boundary front  loss: 5.644e-05 | sxx=0: 4.155e-05, sxy=0: 3.899e-06, szx=0: 1.099e-05
[2025-07-21 21:32:41] DEBUG - PINN_Graph - Epoch 400 boundary back   loss: 9.503e-06 | u=0: 4.182e-07, sxy=0: 1.143e-06, szx=0: 7.942e-06
[2025-07-21 21:32:41] DEBUG - PINN_Graph - Epoch 400 boundary right  loss: 3.681e-05 | syy=0: 2.325e-05, sxy=0: 3.208e-06, syz=0: 1.035e-05
[2025-07-21 21:32:41] DEBUG - PINN_Graph - Epoch 400 boundary left   loss: 1.068e-05 | v=0: 6.664e-08, sxy=0: 2.228e-06, syz=0: 8.389e-06
[2025-07-21 21:32:41] DEBUG - PINN_Graph - Epoch 400 boundary bottom loss: 1.481e-06 | gn=0: 1.303e-06, t1=0: 9.398e-08, t2=0: 8.399e-08
[2025-07-21 21:32:41] DEBUG - PINN_Graph - Epoch 400 TOTALS -> PDE: 4.757e-04, Bcs: 4.027e-04, LOSS: 8.783e-04
[2025-07-21 21:32:46] DEBUG - PINN_Graph - Epoch 450 PDE terms: [1: 1.155e-05, 2: 7.874e-06, 3: 2.660e-04, 4: 2.659e-05, 5: 2.202e-05, 6: 1.037e-04, 7: 2.859e-06, 8: 9.749e-06, 9: 1.168e-05]
[2025-07-21 21:32:46] DEBUG - PINN_Graph - Epoch 450 boundary top    loss: 2.574e-04 | szz=pressure: 2.104e-04, syz=0: 2.183e-05, szx=0: 2.518e-05
[2025-07-21 21:32:46] DEBUG - PINN_Graph - Epoch 450 boundary front  loss: 5.437e-05 | sxx=0: 3.889e-05, sxy=0: 4.067e-06, szx=0: 1.141e-05
[2025-07-21 21:32:46] DEBUG - PINN_Graph - Epoch 450 boundary back   loss: 1.158e-05 | u=0: 4.082e-07, sxy=0: 8.847e-07, szx=0: 1.029e-05
[2025-07-21 21:32:46] DEBUG - PINN_Graph - Epoch 450 boundary right  loss: 3.969e-05 | syy=0: 2.634e-05, sxy=0: 3.761e-06, syz=0: 9.587e-06
[2025-07-21 21:32:46] DEBUG - PINN_Graph - Epoch 450 boundary left   loss: 9.078e-06 | v=0: 9.640e-08, sxy=0: 1.759e-06, syz=0: 7.222e-06
[2025-07-21 21:32:46] DEBUG - PINN_Graph - Epoch 450 boundary bottom loss: 3.043e-07 | gn=0: 1.628e-07, t1=0: 2.221e-08, t2=0: 1.193e-07
[2025-07-21 21:32:46] DEBUG - PINN_Graph - Epoch 450 TOTALS -> PDE: 4.620e-04, Bcs: 3.724e-04, LOSS: 8.344e-04
[2025-07-21 21:32:52] DEBUG - PINN_Graph - Epoch 500 PDE terms: [1: 1.098e-05, 2: 7.946e-06, 3: 2.455e-04, 4: 2.800e-05, 5: 2.004e-05, 6: 1.026e-04, 7: 2.931e-06, 8: 1.049e-05, 9: 1.148e-05]
[2025-07-21 21:32:52] DEBUG - PINN_Graph - Epoch 500 boundary top    loss: 2.775e-04 | szz=pressure: 2.275e-04, syz=0: 2.334e-05, szx=0: 2.663e-05
[2025-07-21 21:32:52] DEBUG - PINN_Graph - Epoch 500 boundary front  loss: 5.573e-05 | sxx=0: 3.897e-05, sxy=0: 4.358e-06, szx=0: 1.240e-05
[2025-07-21 21:32:52] DEBUG - PINN_Graph - Epoch 500 boundary back   loss: 9.859e-06 | u=0: 4.197e-07, sxy=0: 1.202e-06, szx=0: 8.238e-06
[2025-07-21 21:32:52] DEBUG - PINN_Graph - Epoch 500 boundary right  loss: 4.063e-05 | syy=0: 2.655e-05, sxy=0: 3.798e-06, syz=0: 1.028e-05
[2025-07-21 21:32:52] DEBUG - PINN_Graph - Epoch 500 boundary left   loss: 1.057e-05 | v=0: 1.553e-07, sxy=0: 1.622e-06, syz=0: 8.796e-06
[2025-07-21 21:32:52] DEBUG - PINN_Graph - Epoch 500 boundary bottom loss: 2.124e-06 | gn=0: 2.051e-06, t1=0: 4.835e-08, t2=0: 2.486e-08
[2025-07-21 21:32:52] DEBUG - PINN_Graph - Epoch 500 TOTALS -> PDE: 4.399e-04, Bcs: 3.964e-04, LOSS: 8.363e-04
[2025-07-21 21:32:58] DEBUG - PINN_Graph - Epoch 550 PDE terms: [1: 1.211e-05, 2: 8.208e-06, 3: 2.623e-04, 4: 2.687e-05, 5: 2.239e-05, 6: 1.045e-04, 7: 2.726e-06, 8: 1.025e-05, 9: 1.224e-05]
[2025-07-21 21:32:58] DEBUG - PINN_Graph - Epoch 550 boundary top    loss: 3.363e-04 | szz=pressure: 2.809e-04, syz=0: 2.757e-05, szx=0: 2.781e-05
[2025-07-21 21:32:58] DEBUG - PINN_Graph - Epoch 550 boundary front  loss: 5.304e-05 | sxx=0: 3.590e-05, sxy=0: 4.768e-06, szx=0: 1.237e-05
[2025-07-21 21:32:58] DEBUG - PINN_Graph - Epoch 550 boundary back   loss: 1.063e-05 | u=0: 1.877e-07, sxy=0: 9.952e-07, szx=0: 9.449e-06
[2025-07-21 21:32:58] DEBUG - PINN_Graph - Epoch 550 boundary right  loss: 3.769e-05 | syy=0: 2.437e-05, sxy=0: 3.549e-06, syz=0: 9.770e-06
[2025-07-21 21:32:58] DEBUG - PINN_Graph - Epoch 550 boundary left   loss: 9.491e-06 | v=0: 1.655e-07, sxy=0: 2.247e-06, syz=0: 7.078e-06
[2025-07-21 21:32:58] DEBUG - PINN_Graph - Epoch 550 boundary bottom loss: 3.570e-07 | gn=0: 1.063e-07, t1=0: 8.463e-08, t2=0: 1.661e-07
[2025-07-21 21:32:58] DEBUG - PINN_Graph - Epoch 550 TOTALS -> PDE: 4.616e-04, Bcs: 4.475e-04, LOSS: 9.091e-04
[2025-07-21 21:33:04] DEBUG - PINN_Graph - Epoch 600 PDE terms: [1: 1.183e-05, 2: 7.620e-06, 3: 2.696e-04, 4: 3.378e-05, 5: 2.441e-05, 6: 1.590e-04, 7: 2.865e-06, 8: 1.012e-05, 9: 1.194e-05]
[2025-07-21 21:33:04] DEBUG - PINN_Graph - Epoch 600 boundary top    loss: 3.907e-04 | szz=pressure: 3.424e-04, syz=0: 2.300e-05, szx=0: 2.529e-05
[2025-07-21 21:33:04] DEBUG - PINN_Graph - Epoch 600 boundary front  loss: 5.948e-05 | sxx=0: 4.074e-05, sxy=0: 4.442e-06, szx=0: 1.430e-05
[2025-07-21 21:33:04] DEBUG - PINN_Graph - Epoch 600 boundary back   loss: 9.154e-06 | u=0: 3.004e-07, sxy=0: 1.010e-06, szx=0: 7.844e-06
[2025-07-21 21:33:04] DEBUG - PINN_Graph - Epoch 600 boundary right  loss: 4.704e-05 | syy=0: 3.465e-05, sxy=0: 3.871e-06, syz=0: 8.523e-06
[2025-07-21 21:33:04] DEBUG - PINN_Graph - Epoch 600 boundary left   loss: 9.759e-06 | v=0: 3.454e-07, sxy=0: 1.967e-06, syz=0: 7.447e-06
[2025-07-21 21:33:04] DEBUG - PINN_Graph - Epoch 600 boundary bottom loss: 4.428e-06 | gn=0: 4.321e-06, t1=0: 2.362e-08, t2=0: 8.265e-08
[2025-07-21 21:33:04] DEBUG - PINN_Graph - Epoch 600 TOTALS -> PDE: 5.311e-04, Bcs: 5.206e-04, LOSS: 1.052e-03
[2025-07-21 21:33:09] DEBUG - PINN_Graph - Epoch 650 PDE terms: [1: 1.229e-05, 2: 8.167e-06, 3: 2.573e-04, 4: 2.529e-05, 5: 1.940e-05, 6: 9.238e-05, 7: 2.637e-06, 8: 1.095e-05, 9: 1.144e-05]
[2025-07-21 21:33:09] DEBUG - PINN_Graph - Epoch 650 boundary top    loss: 3.066e-04 | szz=pressure: 2.578e-04, syz=0: 2.578e-05, szx=0: 2.301e-05
[2025-07-21 21:33:09] DEBUG - PINN_Graph - Epoch 650 boundary front  loss: 5.684e-05 | sxx=0: 4.069e-05, sxy=0: 4.214e-06, szx=0: 1.193e-05
[2025-07-21 21:33:09] DEBUG - PINN_Graph - Epoch 650 boundary back   loss: 9.755e-06 | u=0: 5.441e-07, sxy=0: 1.021e-06, szx=0: 8.190e-06
[2025-07-21 21:33:09] DEBUG - PINN_Graph - Epoch 650 boundary right  loss: 3.203e-05 | syy=0: 2.026e-05, sxy=0: 2.582e-06, syz=0: 9.187e-06
[2025-07-21 21:33:09] DEBUG - PINN_Graph - Epoch 650 boundary left   loss: 1.058e-05 | v=0: 2.034e-07, sxy=0: 2.157e-06, syz=0: 8.222e-06
[2025-07-21 21:33:09] DEBUG - PINN_Graph - Epoch 650 boundary bottom loss: 6.886e-07 | gn=0: 1.335e-07, t1=0: 1.740e-07, t2=0: 3.811e-07
[2025-07-21 21:33:09] DEBUG - PINN_Graph - Epoch 650 TOTALS -> PDE: 4.398e-04, Bcs: 4.165e-04, LOSS: 8.563e-04
[2025-07-21 21:33:15] DEBUG - PINN_Graph - Epoch 700 PDE terms: [1: 1.202e-05, 2: 7.853e-06, 3: 2.528e-04, 4: 3.184e-05, 5: 2.389e-05, 6: 1.170e-04, 7: 2.752e-06, 8: 1.077e-05, 9: 1.185e-05]
[2025-07-21 21:33:15] DEBUG - PINN_Graph - Epoch 700 boundary top    loss: 3.528e-04 | szz=pressure: 3.071e-04, syz=0: 2.343e-05, szx=0: 2.231e-05
[2025-07-21 21:33:15] DEBUG - PINN_Graph - Epoch 700 boundary front  loss: 7.456e-05 | sxx=0: 5.542e-05, sxy=0: 4.816e-06, szx=0: 1.432e-05
[2025-07-21 21:33:15] DEBUG - PINN_Graph - Epoch 700 boundary back   loss: 1.045e-05 | u=0: 5.931e-07, sxy=0: 8.364e-07, szx=0: 9.018e-06
[2025-07-21 21:33:15] DEBUG - PINN_Graph - Epoch 700 boundary right  loss: 4.848e-05 | syy=0: 3.483e-05, sxy=0: 3.739e-06, syz=0: 9.906e-06
[2025-07-21 21:33:15] DEBUG - PINN_Graph - Epoch 700 boundary left   loss: 1.032e-05 | v=0: 9.509e-07, sxy=0: 1.811e-06, syz=0: 7.558e-06
[2025-07-21 21:33:15] DEBUG - PINN_Graph - Epoch 700 boundary bottom loss: 5.017e-06 | gn=0: 4.614e-06, t1=0: 3.531e-07, t2=0: 5.009e-08
[2025-07-21 21:33:15] DEBUG - PINN_Graph - Epoch 700 TOTALS -> PDE: 4.708e-04, Bcs: 5.016e-04, LOSS: 9.725e-04
[2025-07-21 21:33:21] DEBUG - PINN_Graph - Epoch 750 PDE terms: [1: 1.232e-05, 2: 8.967e-06, 3: 2.738e-04, 4: 2.867e-05, 5: 2.214e-05, 6: 1.311e-04, 7: 2.770e-06, 8: 9.947e-06, 9: 1.224e-05]
[2025-07-21 21:33:21] DEBUG - PINN_Graph - Epoch 750 boundary top    loss: 3.311e-04 | szz=pressure: 2.749e-04, syz=0: 2.786e-05, szx=0: 2.843e-05
[2025-07-21 21:33:21] DEBUG - PINN_Graph - Epoch 750 boundary front  loss: 5.534e-05 | sxx=0: 3.697e-05, sxy=0: 4.858e-06, szx=0: 1.352e-05
[2025-07-21 21:33:21] DEBUG - PINN_Graph - Epoch 750 boundary back   loss: 8.899e-06 | u=0: 3.077e-07, sxy=0: 1.041e-06, szx=0: 7.550e-06
[2025-07-21 21:33:21] DEBUG - PINN_Graph - Epoch 750 boundary right  loss: 4.235e-05 | syy=0: 2.744e-05, sxy=0: 3.132e-06, syz=0: 1.177e-05
[2025-07-21 21:33:21] DEBUG - PINN_Graph - Epoch 750 boundary left   loss: 1.164e-05 | v=0: 1.432e-07, sxy=0: 1.742e-06, syz=0: 9.754e-06
[2025-07-21 21:33:21] DEBUG - PINN_Graph - Epoch 750 boundary bottom loss: 7.839e-06 | gn=0: 7.718e-06, t1=0: 6.323e-08, t2=0: 5.717e-08
[2025-07-21 21:33:21] DEBUG - PINN_Graph - Epoch 750 TOTALS -> PDE: 5.019e-04, Bcs: 4.572e-04, LOSS: 9.592e-04
[2025-07-21 21:33:26] DEBUG - PINN_Graph - Epoch 800 PDE terms: [1: 1.242e-05, 2: 7.925e-06, 3: 2.865e-04, 4: 2.597e-05, 5: 1.949e-05, 6: 1.025e-04, 7: 2.697e-06, 8: 1.030e-05, 9: 1.093e-05]
[2025-07-21 21:33:26] DEBUG - PINN_Graph - Epoch 800 boundary top    loss: 3.384e-04 | szz=pressure: 2.865e-04, syz=0: 2.400e-05, szx=0: 2.797e-05
[2025-07-21 21:33:26] DEBUG - PINN_Graph - Epoch 800 boundary front  loss: 5.563e-05 | sxx=0: 3.894e-05, sxy=0: 4.368e-06, szx=0: 1.232e-05
[2025-07-21 21:33:26] DEBUG - PINN_Graph - Epoch 800 boundary back   loss: 9.111e-06 | u=0: 2.761e-07, sxy=0: 1.173e-06, szx=0: 7.662e-06
[2025-07-21 21:33:26] DEBUG - PINN_Graph - Epoch 800 boundary right  loss: 3.414e-05 | syy=0: 2.056e-05, sxy=0: 3.198e-06, syz=0: 1.038e-05
[2025-07-21 21:33:26] DEBUG - PINN_Graph - Epoch 800 boundary left   loss: 1.107e-05 | v=0: 2.523e-07, sxy=0: 1.994e-06, syz=0: 8.828e-06
[2025-07-21 21:33:26] DEBUG - PINN_Graph - Epoch 800 boundary bottom loss: 4.515e-06 | gn=0: 3.139e-06, t1=0: 3.379e-07, t2=0: 1.038e-06
[2025-07-21 21:33:26] DEBUG - PINN_Graph - Epoch 800 TOTALS -> PDE: 4.788e-04, Bcs: 4.529e-04, LOSS: 9.317e-04
[2025-07-21 21:33:32] DEBUG - PINN_Graph - Epoch 850 PDE terms: [1: 1.222e-05, 2: 7.483e-06, 3: 2.508e-04, 4: 2.654e-05, 5: 2.165e-05, 6: 1.340e-04, 7: 2.640e-06, 8: 1.135e-05, 9: 1.160e-05]
[2025-07-21 21:33:32] DEBUG - PINN_Graph - Epoch 850 boundary top    loss: 3.329e-04 | szz=pressure: 2.814e-04, syz=0: 2.451e-05, szx=0: 2.703e-05
[2025-07-21 21:33:32] DEBUG - PINN_Graph - Epoch 850 boundary front  loss: 5.943e-05 | sxx=0: 4.303e-05, sxy=0: 3.789e-06, szx=0: 1.261e-05
[2025-07-21 21:33:32] DEBUG - PINN_Graph - Epoch 850 boundary back   loss: 8.023e-06 | u=0: 6.478e-07, sxy=0: 1.012e-06, szx=0: 6.363e-06
[2025-07-21 21:33:32] DEBUG - PINN_Graph - Epoch 850 boundary right  loss: 3.702e-05 | syy=0: 2.502e-05, sxy=0: 3.016e-06, syz=0: 8.987e-06
[2025-07-21 21:33:32] DEBUG - PINN_Graph - Epoch 850 boundary left   loss: 9.993e-06 | v=0: 2.421e-07, sxy=0: 2.051e-06, syz=0: 7.700e-06
[2025-07-21 21:33:32] DEBUG - PINN_Graph - Epoch 850 boundary bottom loss: 3.070e-06 | gn=0: 2.566e-06, t1=0: 2.825e-07, t2=0: 2.223e-07
[2025-07-21 21:33:32] DEBUG - PINN_Graph - Epoch 850 TOTALS -> PDE: 4.783e-04, Bcs: 4.505e-04, LOSS: 9.287e-04
[2025-07-21 21:33:37] DEBUG - PINN_Graph - Epoch 900 PDE terms: [1: 1.122e-05, 2: 7.885e-06, 3: 2.471e-04, 4: 3.895e-05, 5: 3.662e-05, 6: 1.635e-04, 7: 3.082e-06, 8: 9.404e-06, 9: 1.210e-05]
[2025-07-21 21:33:37] DEBUG - PINN_Graph - Epoch 900 boundary top    loss: 3.243e-04 | szz=pressure: 2.747e-04, syz=0: 2.187e-05, szx=0: 2.773e-05
[2025-07-21 21:33:37] DEBUG - PINN_Graph - Epoch 900 boundary front  loss: 7.804e-05 | sxx=0: 6.027e-05, sxy=0: 5.158e-06, szx=0: 1.261e-05
[2025-07-21 21:33:37] DEBUG - PINN_Graph - Epoch 900 boundary back   loss: 9.170e-06 | u=0: 4.190e-07, sxy=0: 9.496e-07, szx=0: 7.801e-06
[2025-07-21 21:33:37] DEBUG - PINN_Graph - Epoch 900 boundary right  loss: 5.075e-05 | syy=0: 3.752e-05, sxy=0: 4.046e-06, syz=0: 9.189e-06
[2025-07-21 21:33:37] DEBUG - PINN_Graph - Epoch 900 boundary left   loss: 1.349e-05 | v=0: 7.003e-08, sxy=0: 2.136e-06, syz=0: 1.128e-05
[2025-07-21 21:33:37] DEBUG - PINN_Graph - Epoch 900 boundary bottom loss: 5.022e-06 | gn=0: 4.951e-06, t1=0: 3.233e-08, t2=0: 3.880e-08
[2025-07-21 21:33:37] DEBUG - PINN_Graph - Epoch 900 TOTALS -> PDE: 5.299e-04, Bcs: 4.807e-04, LOSS: 1.011e-03
[2025-07-21 21:33:43] DEBUG - PINN_Graph - Epoch 950 PDE terms: [1: 1.190e-05, 2: 8.131e-06, 3: 2.605e-04, 4: 2.510e-05, 5: 1.948e-05, 6: 9.896e-05, 7: 2.862e-06, 8: 9.966e-06, 9: 1.104e-05]
[2025-07-21 21:33:43] DEBUG - PINN_Graph - Epoch 950 boundary top    loss: 3.122e-04 | szz=pressure: 2.624e-04, syz=0: 2.517e-05, szx=0: 2.465e-05
[2025-07-21 21:33:43] DEBUG - PINN_Graph - Epoch 950 boundary front  loss: 5.757e-05 | sxx=0: 4.009e-05, sxy=0: 4.539e-06, szx=0: 1.294e-05
[2025-07-21 21:33:43] DEBUG - PINN_Graph - Epoch 950 boundary back   loss: 9.545e-06 | u=0: 2.986e-07, sxy=0: 1.089e-06, szx=0: 8.157e-06
[2025-07-21 21:33:43] DEBUG - PINN_Graph - Epoch 950 boundary right  loss: 4.008e-05 | syy=0: 2.617e-05, sxy=0: 3.146e-06, syz=0: 1.077e-05
[2025-07-21 21:33:43] DEBUG - PINN_Graph - Epoch 950 boundary left   loss: 1.236e-05 | v=0: 1.742e-06, sxy=0: 2.069e-06, syz=0: 8.553e-06
[2025-07-21 21:33:43] DEBUG - PINN_Graph - Epoch 950 boundary bottom loss: 6.522e-07 | gn=0: 5.171e-07, t1=0: 6.176e-08, t2=0: 7.339e-08
[2025-07-21 21:33:43] DEBUG - PINN_Graph - Epoch 950 TOTALS -> PDE: 4.480e-04, Bcs: 4.324e-04, LOSS: 8.804e-04
[2025-07-21 21:33:49] DEBUG - PINN_Graph - Epoch 1000 PDE terms: [1: 1.151e-05, 2: 7.765e-06, 3: 2.473e-04, 4: 3.046e-05, 5: 2.303e-05, 6: 1.283e-04, 7: 2.621e-06, 8: 9.658e-06, 9: 1.215e-05]
[2025-07-21 21:33:49] DEBUG - PINN_Graph - Epoch 1000 boundary top    loss: 3.405e-04 | szz=pressure: 2.899e-04, syz=0: 2.281e-05, szx=0: 2.777e-05
[2025-07-21 21:33:49] DEBUG - PINN_Graph - Epoch 1000 boundary front  loss: 4.889e-05 | sxx=0: 3.336e-05, sxy=0: 4.265e-06, szx=0: 1.126e-05
[2025-07-21 21:33:49] DEBUG - PINN_Graph - Epoch 1000 boundary back   loss: 9.643e-06 | u=0: 1.617e-07, sxy=0: 9.422e-07, szx=0: 8.539e-06
[2025-07-21 21:33:49] DEBUG - PINN_Graph - Epoch 1000 boundary right  loss: 3.858e-05 | syy=0: 2.677e-05, sxy=0: 3.478e-06, syz=0: 8.325e-06
[2025-07-21 21:33:49] DEBUG - PINN_Graph - Epoch 1000 boundary left   loss: 1.107e-05 | v=0: 3.609e-07, sxy=0: 2.149e-06, syz=0: 8.562e-06
[2025-07-21 21:33:49] DEBUG - PINN_Graph - Epoch 1000 boundary bottom loss: 4.219e-06 | gn=0: 4.013e-06, t1=0: 1.472e-08, t2=0: 1.914e-07
[2025-07-21 21:33:49] DEBUG - PINN_Graph - Epoch 1000 TOTALS -> PDE: 4.727e-04, Bcs: 4.529e-04, LOSS: 9.257e-04
[2025-07-21 21:33:49] DEBUG - PINN_Graph - Saved weights to log/graph/weights/Step0_layer2_weight.pth
[2025-07-21 21:33:49] DEBUG - PINN_Graph - Switching to L-BFGS optimization...
[2025-07-21 21:33:50] DEBUG - PINN_Graph - Saved weights to log/graph/weights/Step0_layer2_weight.pth
[2025-07-21 21:33:50] DEBUG - PINN_Graph - Layer 3 top-corner displacement: [0.2347530871629715, 0.2348310649394989, -1.0111812353134155]
[2025-07-21 21:33:50] INFO - PINN_Graph - Contact BC pressure: -1.009 from layer 2
[2025-07-21 21:33:50] DEBUG - PINN_Graph - Starting Adam training for layer 1 (1000 epochs, lr=1.0e-03)
[2025-07-21 21:33:50] DEBUG - PINN_Graph - Point counts: inside=512, top=256, bottom=256, front=256, back=256, right=256, left=256
[2025-07-21 21:33:50] DEBUG - PINN_Graph - Inside points shape: (512, 3)
[2025-07-21 21:33:50] DEBUG - PINN_Graph - Top points shape:    (256, 3)
[2025-07-21 21:33:50] DEBUG - PINN_Graph - Bottom points shape: (256, 3)
[2025-07-21 21:33:50] DEBUG - PINN_Graph - Front points shape:  (256, 3)
[2025-07-21 21:33:50] DEBUG - PINN_Graph - Back points shape:   (256, 3)
[2025-07-21 21:33:50] DEBUG - PINN_Graph - Right points shape:  (256, 3)
[2025-07-21 21:33:50] DEBUG - PINN_Graph - Left points shape:   (256, 3)
[2025-07-21 21:33:56] DEBUG - PINN_Graph - Epoch 50 PDE terms: [1: 1.201e-05, 2: 7.876e-06, 3: 2.448e-04, 4: 3.738e-05, 5: 2.837e-05, 6: 1.017e-04, 7: 3.292e-06, 8: 1.257e-05, 9: 1.428e-05]
[2025-07-21 21:33:56] DEBUG - PINN_Graph - Epoch  50 boundary top    loss: 2.690e-04 | szz=pressure: 2.196e-04, syz=0: 2.360e-05, szx=0: 2.581e-05
[2025-07-21 21:33:56] DEBUG - PINN_Graph - Epoch  50 boundary front  loss: 5.773e-05 | sxx=0: 4.071e-05, sxy=0: 4.101e-06, szx=0: 1.291e-05
[2025-07-21 21:33:56] DEBUG - PINN_Graph - Epoch  50 boundary back   loss: 3.327e-05 | u=0: 1.933e-05, sxy=0: 1.427e-06, szx=0: 1.251e-05
[2025-07-21 21:33:56] DEBUG - PINN_Graph - Epoch  50 boundary right  loss: 4.877e-05 | syy=0: 3.420e-05, sxy=0: 3.335e-06, syz=0: 1.123e-05
[2025-07-21 21:33:56] DEBUG - PINN_Graph - Epoch  50 boundary left   loss: 1.298e-05 | v=0: 3.042e-06, sxy=0: 2.527e-06, syz=0: 7.416e-06
[2025-07-21 21:33:56] DEBUG - PINN_Graph - Epoch  50 boundary bottom loss: 5.202e-06 | gn=0: 4.277e-07, t1=0: 2.858e-06, t2=0: 1.916e-06
[2025-07-21 21:33:56] DEBUG - PINN_Graph - Epoch 50 TOTALS -> PDE: 4.622e-04, Bcs: 4.270e-04, LOSS: 8.892e-04
[2025-07-21 21:34:02] DEBUG - PINN_Graph - Epoch 100 PDE terms: [1: 1.113e-05, 2: 7.879e-06, 3: 2.525e-04, 4: 2.489e-05, 5: 1.820e-05, 6: 9.113e-05, 7: 2.675e-06, 8: 9.859e-06, 9: 1.171e-05]
[2025-07-21 21:34:02] DEBUG - PINN_Graph - Epoch 100 boundary top    loss: 2.783e-04 | szz=pressure: 2.261e-04, syz=0: 2.608e-05, szx=0: 2.610e-05
[2025-07-21 21:34:02] DEBUG - PINN_Graph - Epoch 100 boundary front  loss: 5.835e-05 | sxx=0: 4.103e-05, sxy=0: 3.768e-06, szx=0: 1.355e-05
[2025-07-21 21:34:02] DEBUG - PINN_Graph - Epoch 100 boundary back   loss: 1.027e-05 | u=0: 1.864e-07, sxy=0: 9.845e-07, szx=0: 9.103e-06
[2025-07-21 21:34:02] DEBUG - PINN_Graph - Epoch 100 boundary right  loss: 3.700e-05 | syy=0: 2.347e-05, sxy=0: 3.064e-06, syz=0: 1.047e-05
[2025-07-21 21:34:02] DEBUG - PINN_Graph - Epoch 100 boundary left   loss: 1.026e-05 | v=0: 1.318e-07, sxy=0: 1.941e-06, syz=0: 8.189e-06
[2025-07-21 21:34:02] DEBUG - PINN_Graph - Epoch 100 boundary bottom loss: 3.814e-07 | gn=0: 1.257e-07, t1=0: 7.576e-08, t2=0: 1.799e-07
[2025-07-21 21:34:02] DEBUG - PINN_Graph - Epoch 100 TOTALS -> PDE: 4.299e-04, Bcs: 3.946e-04, LOSS: 8.245e-04
[2025-07-21 21:34:07] DEBUG - PINN_Graph - Epoch 150 PDE terms: [1: 1.080e-05, 2: 7.495e-06, 3: 2.394e-04, 4: 2.555e-05, 5: 1.865e-05, 6: 9.072e-05, 7: 2.480e-06, 8: 9.517e-06, 9: 1.112e-05]
[2025-07-21 21:34:07] DEBUG - PINN_Graph - Epoch 150 boundary top    loss: 2.713e-04 | szz=pressure: 2.243e-04, syz=0: 2.284e-05, szx=0: 2.409e-05
[2025-07-21 21:34:07] DEBUG - PINN_Graph - Epoch 150 boundary front  loss: 5.656e-05 | sxx=0: 3.936e-05, sxy=0: 4.089e-06, szx=0: 1.311e-05
[2025-07-21 21:34:07] DEBUG - PINN_Graph - Epoch 150 boundary back   loss: 9.233e-06 | u=0: 2.343e-07, sxy=0: 9.724e-07, szx=0: 8.026e-06
[2025-07-21 21:34:07] DEBUG - PINN_Graph - Epoch 150 boundary right  loss: 3.298e-05 | syy=0: 2.068e-05, sxy=0: 2.919e-06, syz=0: 9.374e-06
[2025-07-21 21:34:07] DEBUG - PINN_Graph - Epoch 150 boundary left   loss: 9.852e-06 | v=0: 8.288e-08, sxy=0: 2.038e-06, syz=0: 7.731e-06
[2025-07-21 21:34:07] DEBUG - PINN_Graph - Epoch 150 boundary bottom loss: 3.677e-07 | gn=0: 2.017e-07, t1=0: 3.792e-08, t2=0: 1.281e-07
[2025-07-21 21:34:07] DEBUG - PINN_Graph - Epoch 150 TOTALS -> PDE: 4.157e-04, Bcs: 3.803e-04, LOSS: 7.960e-04
[2025-07-21 21:34:13] DEBUG - PINN_Graph - Epoch 200 PDE terms: [1: 1.121e-05, 2: 8.064e-06, 3: 2.585e-04, 4: 2.690e-05, 5: 2.118e-05, 6: 1.032e-04, 7: 2.537e-06, 8: 9.848e-06, 9: 1.212e-05]
[2025-07-21 21:34:13] DEBUG - PINN_Graph - Epoch 200 boundary top    loss: 3.086e-04 | szz=pressure: 2.617e-04, syz=0: 2.177e-05, szx=0: 2.517e-05
[2025-07-21 21:34:13] DEBUG - PINN_Graph - Epoch 200 boundary front  loss: 5.495e-05 | sxx=0: 4.122e-05, sxy=0: 4.228e-06, szx=0: 9.502e-06
[2025-07-21 21:34:13] DEBUG - PINN_Graph - Epoch 200 boundary back   loss: 9.553e-06 | u=0: 1.998e-07, sxy=0: 1.059e-06, szx=0: 8.294e-06
[2025-07-21 21:34:13] DEBUG - PINN_Graph - Epoch 200 boundary right  loss: 4.041e-05 | syy=0: 2.735e-05, sxy=0: 3.282e-06, syz=0: 9.786e-06
[2025-07-21 21:34:13] DEBUG - PINN_Graph - Epoch 200 boundary left   loss: 1.037e-05 | v=0: 3.029e-07, sxy=0: 1.584e-06, syz=0: 8.481e-06
[2025-07-21 21:34:13] DEBUG - PINN_Graph - Epoch 200 boundary bottom loss: 1.307e-06 | gn=0: 1.167e-06, t1=0: 5.957e-08, t2=0: 8.003e-08
[2025-07-21 21:34:13] DEBUG - PINN_Graph - Epoch 200 TOTALS -> PDE: 4.535e-04, Bcs: 4.252e-04, LOSS: 8.787e-04
[2025-07-21 21:34:19] DEBUG - PINN_Graph - Epoch 250 PDE terms: [1: 1.070e-05, 2: 7.498e-06, 3: 2.491e-04, 4: 2.692e-05, 5: 2.128e-05, 6: 1.006e-04, 7: 2.636e-06, 8: 1.047e-05, 9: 1.239e-05]
[2025-07-21 21:34:19] DEBUG - PINN_Graph - Epoch 250 boundary top    loss: 3.869e-04 | szz=pressure: 3.346e-04, syz=0: 2.214e-05, szx=0: 3.015e-05
[2025-07-21 21:34:19] DEBUG - PINN_Graph - Epoch 250 boundary front  loss: 5.035e-05 | sxx=0: 3.503e-05, sxy=0: 4.940e-06, szx=0: 1.039e-05
[2025-07-21 21:34:19] DEBUG - PINN_Graph - Epoch 250 boundary back   loss: 8.388e-06 | u=0: 1.225e-07, sxy=0: 1.259e-06, szx=0: 7.007e-06
[2025-07-21 21:34:19] DEBUG - PINN_Graph - Epoch 250 boundary right  loss: 3.259e-05 | syy=0: 2.122e-05, sxy=0: 3.588e-06, syz=0: 7.779e-06
[2025-07-21 21:34:19] DEBUG - PINN_Graph - Epoch 250 boundary left   loss: 1.005e-05 | v=0: 1.038e-07, sxy=0: 2.065e-06, syz=0: 7.876e-06
[2025-07-21 21:34:19] DEBUG - PINN_Graph - Epoch 250 boundary bottom loss: 4.001e-07 | gn=0: 1.664e-07, t1=0: 2.132e-07, t2=0: 2.045e-08
[2025-07-21 21:34:19] DEBUG - PINN_Graph - Epoch 250 TOTALS -> PDE: 4.416e-04, Bcs: 4.887e-04, LOSS: 9.303e-04
[2025-07-21 21:34:25] DEBUG - PINN_Graph - Epoch 300 PDE terms: [1: 1.096e-05, 2: 7.602e-06, 3: 2.512e-04, 4: 2.385e-05, 5: 1.914e-05, 6: 9.667e-05, 7: 2.592e-06, 8: 1.107e-05, 9: 1.259e-05]
[2025-07-21 21:34:25] DEBUG - PINN_Graph - Epoch 300 boundary top    loss: 3.103e-04 | szz=pressure: 2.517e-04, syz=0: 2.763e-05, szx=0: 3.095e-05
[2025-07-21 21:34:25] DEBUG - PINN_Graph - Epoch 300 boundary front  loss: 5.991e-05 | sxx=0: 4.200e-05, sxy=0: 4.693e-06, szx=0: 1.321e-05
[2025-07-21 21:34:25] DEBUG - PINN_Graph - Epoch 300 boundary back   loss: 8.520e-06 | u=0: 1.415e-07, sxy=0: 8.822e-07, szx=0: 7.497e-06
[2025-07-21 21:34:25] DEBUG - PINN_Graph - Epoch 300 boundary right  loss: 3.523e-05 | syy=0: 2.248e-05, sxy=0: 3.474e-06, syz=0: 9.276e-06
[2025-07-21 21:34:25] DEBUG - PINN_Graph - Epoch 300 boundary left   loss: 1.184e-05 | v=0: 8.000e-08, sxy=0: 2.177e-06, syz=0: 9.583e-06
[2025-07-21 21:34:25] DEBUG - PINN_Graph - Epoch 300 boundary bottom loss: 8.441e-07 | gn=0: 3.813e-07, t1=0: 4.397e-07, t2=0: 2.317e-08
[2025-07-21 21:34:25] DEBUG - PINN_Graph - Epoch 300 TOTALS -> PDE: 4.356e-04, Bcs: 4.266e-04, LOSS: 8.623e-04
[2025-07-21 21:34:30] DEBUG - PINN_Graph - Epoch 350 PDE terms: [1: 1.176e-05, 2: 8.352e-06, 3: 2.491e-04, 4: 2.678e-05, 5: 2.121e-05, 6: 9.807e-05, 7: 2.746e-06, 8: 1.065e-05, 9: 1.206e-05]
[2025-07-21 21:34:30] DEBUG - PINN_Graph - Epoch 350 boundary top    loss: 3.597e-04 | szz=pressure: 3.079e-04, syz=0: 2.616e-05, szx=0: 2.560e-05
[2025-07-21 21:34:30] DEBUG - PINN_Graph - Epoch 350 boundary front  loss: 5.805e-05 | sxx=0: 4.259e-05, sxy=0: 3.937e-06, szx=0: 1.152e-05
[2025-07-21 21:34:30] DEBUG - PINN_Graph - Epoch 350 boundary back   loss: 9.057e-06 | u=0: 2.131e-07, sxy=0: 9.086e-07, szx=0: 7.935e-06
[2025-07-21 21:34:30] DEBUG - PINN_Graph - Epoch 350 boundary right  loss: 3.449e-05 | syy=0: 2.335e-05, sxy=0: 3.265e-06, syz=0: 7.877e-06
[2025-07-21 21:34:30] DEBUG - PINN_Graph - Epoch 350 boundary left   loss: 1.136e-05 | v=0: 1.757e-07, sxy=0: 2.051e-06, syz=0: 9.130e-06
[2025-07-21 21:34:30] DEBUG - PINN_Graph - Epoch 350 boundary bottom loss: 7.485e-07 | gn=0: 3.503e-07, t1=0: 7.802e-08, t2=0: 3.202e-07
[2025-07-21 21:34:30] DEBUG - PINN_Graph - Epoch 350 TOTALS -> PDE: 4.407e-04, Bcs: 4.734e-04, LOSS: 9.141e-04
[2025-07-21 21:34:36] DEBUG - PINN_Graph - Epoch 400 PDE terms: [1: 1.051e-05, 2: 7.534e-06, 3: 2.685e-04, 4: 2.680e-05, 5: 1.967e-05, 6: 9.791e-05, 7: 2.517e-06, 8: 1.010e-05, 9: 1.140e-05]
[2025-07-21 21:34:36] DEBUG - PINN_Graph - Epoch 400 boundary top    loss: 3.294e-04 | szz=pressure: 2.825e-04, syz=0: 2.179e-05, szx=0: 2.512e-05
[2025-07-21 21:34:36] DEBUG - PINN_Graph - Epoch 400 boundary front  loss: 5.623e-05 | sxx=0: 4.036e-05, sxy=0: 4.122e-06, szx=0: 1.175e-05
[2025-07-21 21:34:36] DEBUG - PINN_Graph - Epoch 400 boundary back   loss: 1.034e-05 | u=0: 3.855e-07, sxy=0: 9.134e-07, szx=0: 9.039e-06
[2025-07-21 21:34:36] DEBUG - PINN_Graph - Epoch 400 boundary right  loss: 4.049e-05 | syy=0: 2.697e-05, sxy=0: 3.104e-06, syz=0: 1.042e-05
[2025-07-21 21:34:36] DEBUG - PINN_Graph - Epoch 400 boundary left   loss: 9.587e-06 | v=0: 1.634e-07, sxy=0: 1.665e-06, syz=0: 7.759e-06
[2025-07-21 21:34:36] DEBUG - PINN_Graph - Epoch 400 boundary bottom loss: 2.652e-07 | gn=0: 1.899e-07, t1=0: 4.968e-08, t2=0: 2.558e-08
[2025-07-21 21:34:36] DEBUG - PINN_Graph - Epoch 400 TOTALS -> PDE: 4.549e-04, Bcs: 4.463e-04, LOSS: 9.012e-04
[2025-07-21 21:34:41] DEBUG - PINN_Graph - Epoch 450 PDE terms: [1: 1.128e-05, 2: 7.382e-06, 3: 2.740e-04, 4: 2.929e-05, 5: 2.152e-05, 6: 1.059e-04, 7: 2.584e-06, 8: 1.016e-05, 9: 1.033e-05]
[2025-07-21 21:34:41] DEBUG - PINN_Graph - Epoch 450 boundary top    loss: 3.276e-04 | szz=pressure: 2.793e-04, syz=0: 2.196e-05, szx=0: 2.630e-05
[2025-07-21 21:34:41] DEBUG - PINN_Graph - Epoch 450 boundary front  loss: 5.801e-05 | sxx=0: 4.442e-05, sxy=0: 4.113e-06, szx=0: 9.482e-06
[2025-07-21 21:34:41] DEBUG - PINN_Graph - Epoch 450 boundary back   loss: 7.948e-06 | u=0: 3.003e-07, sxy=0: 9.560e-07, szx=0: 6.692e-06
[2025-07-21 21:34:41] DEBUG - PINN_Graph - Epoch 450 boundary right  loss: 3.999e-05 | syy=0: 2.675e-05, sxy=0: 3.143e-06, syz=0: 1.010e-05
[2025-07-21 21:34:41] DEBUG - PINN_Graph - Epoch 450 boundary left   loss: 9.399e-06 | v=0: 3.608e-07, sxy=0: 1.854e-06, syz=0: 7.185e-06
[2025-07-21 21:34:42] DEBUG - PINN_Graph - Epoch 450 boundary bottom loss: 1.290e-06 | gn=0: 9.231e-07, t1=0: 2.292e-07, t2=0: 1.376e-07
[2025-07-21 21:34:42] DEBUG - PINN_Graph - Epoch 450 TOTALS -> PDE: 4.724e-04, Bcs: 4.442e-04, LOSS: 9.167e-04
[2025-07-21 21:34:47] DEBUG - PINN_Graph - Epoch 500 PDE terms: [1: 1.079e-05, 2: 7.592e-06, 3: 2.544e-04, 4: 2.660e-05, 5: 2.034e-05, 6: 1.092e-04, 7: 2.656e-06, 8: 1.029e-05, 9: 1.113e-05]
[2025-07-21 21:34:47] DEBUG - PINN_Graph - Epoch 500 boundary top    loss: 3.426e-04 | szz=pressure: 2.936e-04, syz=0: 2.552e-05, szx=0: 2.351e-05
[2025-07-21 21:34:47] DEBUG - PINN_Graph - Epoch 500 boundary front  loss: 6.310e-05 | sxx=0: 4.689e-05, sxy=0: 4.126e-06, szx=0: 1.209e-05
[2025-07-21 21:34:47] DEBUG - PINN_Graph - Epoch 500 boundary back   loss: 9.458e-06 | u=0: 3.416e-07, sxy=0: 9.578e-07, szx=0: 8.158e-06
[2025-07-21 21:34:47] DEBUG - PINN_Graph - Epoch 500 boundary right  loss: 4.205e-05 | syy=0: 2.960e-05, sxy=0: 3.249e-06, syz=0: 9.209e-06
[2025-07-21 21:34:47] DEBUG - PINN_Graph - Epoch 500 boundary left   loss: 1.109e-05 | v=0: 1.202e-07, sxy=0: 1.942e-06, syz=0: 9.029e-06
[2025-07-21 21:34:47] DEBUG - PINN_Graph - Epoch 500 boundary bottom loss: 2.729e-06 | gn=0: 2.295e-06, t1=0: 1.136e-07, t2=0: 3.207e-07
[2025-07-21 21:34:47] DEBUG - PINN_Graph - Epoch 500 TOTALS -> PDE: 4.530e-04, Bcs: 4.710e-04, LOSS: 9.240e-04
[2025-07-21 21:34:53] DEBUG - PINN_Graph - Epoch 550 PDE terms: [1: 1.068e-05, 2: 7.535e-06, 3: 2.527e-04, 4: 2.723e-05, 5: 2.070e-05, 6: 1.027e-04, 7: 2.602e-06, 8: 9.611e-06, 9: 1.126e-05]
[2025-07-21 21:34:53] DEBUG - PINN_Graph - Epoch 550 boundary top    loss: 2.744e-04 | szz=pressure: 2.263e-04, syz=0: 2.259e-05, szx=0: 2.551e-05
[2025-07-21 21:34:53] DEBUG - PINN_Graph - Epoch 550 boundary front  loss: 5.904e-05 | sxx=0: 4.286e-05, sxy=0: 3.860e-06, szx=0: 1.232e-05
[2025-07-21 21:34:53] DEBUG - PINN_Graph - Epoch 550 boundary back   loss: 8.675e-06 | u=0: 1.860e-07, sxy=0: 1.103e-06, szx=0: 7.386e-06
[2025-07-21 21:34:53] DEBUG - PINN_Graph - Epoch 550 boundary right  loss: 3.772e-05 | syy=0: 2.430e-05, sxy=0: 3.429e-06, syz=0: 9.991e-06
[2025-07-21 21:34:53] DEBUG - PINN_Graph - Epoch 550 boundary left   loss: 1.016e-05 | v=0: 1.110e-07, sxy=0: 2.070e-06, syz=0: 7.983e-06
[2025-07-21 21:34:53] DEBUG - PINN_Graph - Epoch 550 boundary bottom loss: 5.757e-07 | gn=0: 1.741e-07, t1=0: 2.577e-08, t2=0: 3.759e-07
[2025-07-21 21:34:53] DEBUG - PINN_Graph - Epoch 550 TOTALS -> PDE: 4.450e-04, Bcs: 3.906e-04, LOSS: 8.356e-04
[2025-07-21 21:34:58] DEBUG - PINN_Graph - Epoch 600 PDE terms: [1: 1.077e-05, 2: 8.006e-06, 3: 2.617e-04, 4: 2.911e-05, 5: 2.449e-05, 6: 1.147e-04, 7: 2.599e-06, 8: 1.018e-05, 9: 1.137e-05]
[2025-07-21 21:34:58] DEBUG - PINN_Graph - Epoch 600 boundary top    loss: 2.882e-04 | szz=pressure: 2.466e-04, syz=0: 1.932e-05, szx=0: 2.225e-05
[2025-07-21 21:34:58] DEBUG - PINN_Graph - Epoch 600 boundary front  loss: 5.715e-05 | sxx=0: 4.112e-05, sxy=0: 3.943e-06, szx=0: 1.208e-05
[2025-07-21 21:34:58] DEBUG - PINN_Graph - Epoch 600 boundary back   loss: 8.709e-06 | u=0: 1.886e-07, sxy=0: 9.583e-07, szx=0: 7.562e-06
[2025-07-21 21:34:58] DEBUG - PINN_Graph - Epoch 600 boundary right  loss: 4.340e-05 | syy=0: 3.012e-05, sxy=0: 3.165e-06, syz=0: 1.012e-05
[2025-07-21 21:34:58] DEBUG - PINN_Graph - Epoch 600 boundary left   loss: 9.748e-06 | v=0: 1.082e-07, sxy=0: 1.894e-06, syz=0: 7.746e-06
[2025-07-21 21:34:58] DEBUG - PINN_Graph - Epoch 600 boundary bottom loss: 8.986e-07 | gn=0: 7.218e-07, t1=0: 3.673e-08, t2=0: 1.401e-07
[2025-07-21 21:34:58] DEBUG - PINN_Graph - Epoch 600 TOTALS -> PDE: 4.730e-04, Bcs: 4.081e-04, LOSS: 8.811e-04
[2025-07-21 21:35:04] DEBUG - PINN_Graph - Epoch 650 PDE terms: [1: 1.101e-05, 2: 7.214e-06, 3: 2.585e-04, 4: 3.805e-05, 5: 3.323e-05, 6: 1.477e-04, 7: 2.645e-06, 8: 1.096e-05, 9: 1.312e-05]
[2025-07-21 21:35:04] DEBUG - PINN_Graph - Epoch 650 boundary top    loss: 3.735e-04 | szz=pressure: 3.164e-04, syz=0: 2.914e-05, szx=0: 2.797e-05
[2025-07-21 21:35:04] DEBUG - PINN_Graph - Epoch 650 boundary front  loss: 6.186e-05 | sxx=0: 4.663e-05, sxy=0: 4.191e-06, szx=0: 1.104e-05
[2025-07-21 21:35:04] DEBUG - PINN_Graph - Epoch 650 boundary back   loss: 1.026e-05 | u=0: 2.175e-07, sxy=0: 9.374e-07, szx=0: 9.108e-06
[2025-07-21 21:35:04] DEBUG - PINN_Graph - Epoch 650 boundary right  loss: 3.969e-05 | syy=0: 2.825e-05, sxy=0: 2.996e-06, syz=0: 8.441e-06
[2025-07-21 21:35:04] DEBUG - PINN_Graph - Epoch 650 boundary left   loss: 1.005e-05 | v=0: 1.483e-07, sxy=0: 1.959e-06, syz=0: 7.938e-06
[2025-07-21 21:35:04] DEBUG - PINN_Graph - Epoch 650 boundary bottom loss: 7.226e-07 | gn=0: 4.018e-07, t1=0: 1.490e-07, t2=0: 1.717e-07
[2025-07-21 21:35:04] DEBUG - PINN_Graph - Epoch 650 TOTALS -> PDE: 5.225e-04, Bcs: 4.961e-04, LOSS: 1.019e-03
[2025-07-21 21:35:10] DEBUG - PINN_Graph - Epoch 700 PDE terms: [1: 1.124e-05, 2: 7.263e-06, 3: 2.523e-04, 4: 2.994e-05, 5: 2.269e-05, 6: 1.103e-04, 7: 2.598e-06, 8: 1.144e-05, 9: 1.257e-05]
[2025-07-21 21:35:10] DEBUG - PINN_Graph - Epoch 700 boundary top    loss: 2.886e-04 | szz=pressure: 2.438e-04, syz=0: 2.280e-05, szx=0: 2.204e-05
[2025-07-21 21:35:10] DEBUG - PINN_Graph - Epoch 700 boundary front  loss: 6.245e-05 | sxx=0: 4.382e-05, sxy=0: 4.573e-06, szx=0: 1.406e-05
[2025-07-21 21:35:10] DEBUG - PINN_Graph - Epoch 700 boundary back   loss: 9.944e-06 | u=0: 1.278e-07, sxy=0: 1.069e-06, szx=0: 8.747e-06
[2025-07-21 21:35:10] DEBUG - PINN_Graph - Epoch 700 boundary right  loss: 4.324e-05 | syy=0: 2.844e-05, sxy=0: 3.753e-06, syz=0: 1.105e-05
[2025-07-21 21:35:10] DEBUG - PINN_Graph - Epoch 700 boundary left   loss: 1.138e-05 | v=0: 2.228e-07, sxy=0: 2.108e-06, syz=0: 9.046e-06
[2025-07-21 21:35:10] DEBUG - PINN_Graph - Epoch 700 boundary bottom loss: 8.322e-07 | gn=0: 6.293e-07, t1=0: 1.331e-07, t2=0: 6.979e-08
[2025-07-21 21:35:10] DEBUG - PINN_Graph - Epoch 700 TOTALS -> PDE: 4.604e-04, Bcs: 4.165e-04, LOSS: 8.768e-04
[2025-07-21 21:35:15] DEBUG - PINN_Graph - Epoch 750 PDE terms: [1: 1.086e-05, 2: 7.274e-06, 3: 2.601e-04, 4: 2.691e-05, 5: 2.059e-05, 6: 1.021e-04, 7: 2.958e-06, 8: 1.016e-05, 9: 1.089e-05]
[2025-07-21 21:35:15] DEBUG - PINN_Graph - Epoch 750 boundary top    loss: 2.997e-04 | szz=pressure: 2.447e-04, syz=0: 2.491e-05, szx=0: 3.007e-05
[2025-07-21 21:35:15] DEBUG - PINN_Graph - Epoch 750 boundary front  loss: 6.750e-05 | sxx=0: 5.054e-05, sxy=0: 4.977e-06, szx=0: 1.198e-05
[2025-07-21 21:35:15] DEBUG - PINN_Graph - Epoch 750 boundary back   loss: 8.767e-06 | u=0: 2.849e-07, sxy=0: 1.023e-06, szx=0: 7.460e-06
[2025-07-21 21:35:15] DEBUG - PINN_Graph - Epoch 750 boundary right  loss: 3.601e-05 | syy=0: 2.332e-05, sxy=0: 3.196e-06, syz=0: 9.502e-06
[2025-07-21 21:35:15] DEBUG - PINN_Graph - Epoch 750 boundary left   loss: 1.226e-05 | v=0: 7.735e-08, sxy=0: 1.830e-06, syz=0: 1.035e-05
[2025-07-21 21:35:15] DEBUG - PINN_Graph - Epoch 750 boundary bottom loss: 7.369e-07 | gn=0: 1.137e-07, t1=0: 3.930e-08, t2=0: 5.839e-07
[2025-07-21 21:35:15] DEBUG - PINN_Graph - Epoch 750 TOTALS -> PDE: 4.518e-04, Bcs: 4.249e-04, LOSS: 8.767e-04
[2025-07-21 21:35:20] DEBUG - PINN_Graph - Epoch 800 PDE terms: [1: 1.152e-05, 2: 6.932e-06, 3: 2.506e-04, 4: 2.604e-05, 5: 2.012e-05, 6: 1.009e-04, 7: 2.746e-06, 8: 9.820e-06, 9: 1.113e-05]
[2025-07-21 21:35:20] DEBUG - PINN_Graph - Epoch 800 boundary top    loss: 3.086e-04 | szz=pressure: 2.570e-04, syz=0: 2.539e-05, szx=0: 2.628e-05
[2025-07-21 21:35:20] DEBUG - PINN_Graph - Epoch 800 boundary front  loss: 5.734e-05 | sxx=0: 3.953e-05, sxy=0: 4.251e-06, szx=0: 1.356e-05
[2025-07-21 21:35:20] DEBUG - PINN_Graph - Epoch 800 boundary back   loss: 8.360e-06 | u=0: 2.125e-07, sxy=0: 9.818e-07, szx=0: 7.166e-06
[2025-07-21 21:35:21] DEBUG - PINN_Graph - Epoch 800 boundary right  loss: 3.550e-05 | syy=0: 2.404e-05, sxy=0: 3.093e-06, syz=0: 8.368e-06
[2025-07-21 21:35:21] DEBUG - PINN_Graph - Epoch 800 boundary left   loss: 9.667e-06 | v=0: 1.810e-07, sxy=0: 1.859e-06, syz=0: 7.626e-06
[2025-07-21 21:35:21] DEBUG - PINN_Graph - Epoch 800 boundary bottom loss: 2.321e-07 | gn=0: 1.151e-07, t1=0: 2.651e-08, t2=0: 9.051e-08
[2025-07-21 21:35:21] DEBUG - PINN_Graph - Epoch 800 TOTALS -> PDE: 4.399e-04, Bcs: 4.197e-04, LOSS: 8.596e-04
[2025-07-21 21:35:26] DEBUG - PINN_Graph - Epoch 850 PDE terms: [1: 1.066e-05, 2: 7.279e-06, 3: 2.680e-04, 4: 2.453e-05, 5: 1.790e-05, 6: 9.194e-05, 7: 2.292e-06, 8: 9.975e-06, 9: 1.147e-05]
[2025-07-21 21:35:26] DEBUG - PINN_Graph - Epoch 850 boundary top    loss: 3.197e-04 | szz=pressure: 2.693e-04, syz=0: 2.422e-05, szx=0: 2.615e-05
[2025-07-21 21:35:26] DEBUG - PINN_Graph - Epoch 850 boundary front  loss: 5.260e-05 | sxx=0: 3.696e-05, sxy=0: 3.789e-06, szx=0: 1.185e-05
[2025-07-21 21:35:26] DEBUG - PINN_Graph - Epoch 850 boundary back   loss: 1.053e-05 | u=0: 3.682e-07, sxy=0: 8.715e-07, szx=0: 9.295e-06
[2025-07-21 21:35:26] DEBUG - PINN_Graph - Epoch 850 boundary right  loss: 3.607e-05 | syy=0: 2.144e-05, sxy=0: 3.093e-06, syz=0: 1.154e-05
[2025-07-21 21:35:26] DEBUG - PINN_Graph - Epoch 850 boundary left   loss: 9.940e-06 | v=0: 7.818e-08, sxy=0: 1.942e-06, syz=0: 7.920e-06
[2025-07-21 21:35:26] DEBUG - PINN_Graph - Epoch 850 boundary bottom loss: 2.724e-07 | gn=0: 1.146e-07, t1=0: 4.303e-08, t2=0: 1.148e-07
[2025-07-21 21:35:26] DEBUG - PINN_Graph - Epoch 850 TOTALS -> PDE: 4.440e-04, Bcs: 4.291e-04, LOSS: 8.732e-04
[2025-07-21 21:35:32] DEBUG - PINN_Graph - Epoch 900 PDE terms: [1: 1.078e-05, 2: 7.063e-06, 3: 2.861e-04, 4: 2.527e-05, 5: 1.964e-05, 6: 1.169e-04, 7: 2.516e-06, 8: 1.138e-05, 9: 1.263e-05]
[2025-07-21 21:35:32] DEBUG - PINN_Graph - Epoch 900 boundary top    loss: 3.062e-04 | szz=pressure: 2.595e-04, syz=0: 2.321e-05, szx=0: 2.348e-05
[2025-07-21 21:35:32] DEBUG - PINN_Graph - Epoch 900 boundary front  loss: 7.198e-05 | sxx=0: 5.345e-05, sxy=0: 3.954e-06, szx=0: 1.457e-05
[2025-07-21 21:35:32] DEBUG - PINN_Graph - Epoch 900 boundary back   loss: 1.152e-05 | u=0: 1.873e-07, sxy=0: 1.028e-06, szx=0: 1.031e-05
[2025-07-21 21:35:32] DEBUG - PINN_Graph - Epoch 900 boundary right  loss: 4.273e-05 | syy=0: 2.841e-05, sxy=0: 2.980e-06, syz=0: 1.135e-05
[2025-07-21 21:35:32] DEBUG - PINN_Graph - Epoch 900 boundary left   loss: 1.140e-05 | v=0: 9.643e-07, sxy=0: 1.643e-06, syz=0: 8.788e-06
[2025-07-21 21:35:32] DEBUG - PINN_Graph - Epoch 900 boundary bottom loss: 4.044e-06 | gn=0: 3.870e-06, t1=0: 4.776e-08, t2=0: 1.266e-07
[2025-07-21 21:35:32] DEBUG - PINN_Graph - Epoch 900 TOTALS -> PDE: 4.923e-04, Bcs: 4.479e-04, LOSS: 9.402e-04
[2025-07-21 21:35:38] DEBUG - PINN_Graph - Epoch 950 PDE terms: [1: 1.051e-05, 2: 6.643e-06, 3: 2.660e-04, 4: 2.725e-05, 5: 2.491e-05, 6: 9.201e-05, 7: 2.519e-06, 8: 9.900e-06, 9: 1.047e-05]
[2025-07-21 21:35:38] DEBUG - PINN_Graph - Epoch 950 boundary top    loss: 2.926e-04 | szz=pressure: 2.408e-04, syz=0: 2.550e-05, szx=0: 2.629e-05
[2025-07-21 21:35:38] DEBUG - PINN_Graph - Epoch 950 boundary front  loss: 5.612e-05 | sxx=0: 4.108e-05, sxy=0: 4.265e-06, szx=0: 1.078e-05
[2025-07-21 21:35:38] DEBUG - PINN_Graph - Epoch 950 boundary back   loss: 9.897e-06 | u=0: 8.804e-07, sxy=0: 1.024e-06, szx=0: 7.993e-06
[2025-07-21 21:35:38] DEBUG - PINN_Graph - Epoch 950 boundary right  loss: 4.211e-05 | syy=0: 2.957e-05, sxy=0: 3.289e-06, syz=0: 9.254e-06
[2025-07-21 21:35:38] DEBUG - PINN_Graph - Epoch 950 boundary left   loss: 1.312e-05 | v=0: 6.314e-07, sxy=0: 2.299e-06, syz=0: 1.019e-05
[2025-07-21 21:35:38] DEBUG - PINN_Graph - Epoch 950 boundary bottom loss: 5.719e-07 | gn=0: 4.659e-07, t1=0: 9.445e-08, t2=0: 1.158e-08
[2025-07-21 21:35:38] DEBUG - PINN_Graph - Epoch 950 TOTALS -> PDE: 4.502e-04, Bcs: 4.144e-04, LOSS: 8.646e-04
[2025-07-21 21:35:44] DEBUG - PINN_Graph - Epoch 1000 PDE terms: [1: 1.136e-05, 2: 7.113e-06, 3: 2.641e-04, 4: 3.503e-05, 5: 2.813e-05, 6: 1.228e-04, 7: 2.677e-06, 8: 1.028e-05, 9: 1.292e-05]
[2025-07-21 21:35:44] DEBUG - PINN_Graph - Epoch 1000 boundary top    loss: 2.950e-04 | szz=pressure: 2.404e-04, syz=0: 2.575e-05, szx=0: 2.884e-05
[2025-07-21 21:35:44] DEBUG - PINN_Graph - Epoch 1000 boundary front  loss: 6.202e-05 | sxx=0: 4.566e-05, sxy=0: 4.213e-06, szx=0: 1.214e-05
[2025-07-21 21:35:44] DEBUG - PINN_Graph - Epoch 1000 boundary back   loss: 1.159e-05 | u=0: 9.656e-07, sxy=0: 8.787e-07, szx=0: 9.742e-06
[2025-07-21 21:35:44] DEBUG - PINN_Graph - Epoch 1000 boundary right  loss: 4.455e-05 | syy=0: 3.292e-05, sxy=0: 3.843e-06, syz=0: 7.787e-06
[2025-07-21 21:35:44] DEBUG - PINN_Graph - Epoch 1000 boundary left   loss: 9.774e-06 | v=0: 1.025e-07, sxy=0: 1.771e-06, syz=0: 7.900e-06
[2025-07-21 21:35:44] DEBUG - PINN_Graph - Epoch 1000 boundary bottom loss: 6.081e-07 | gn=0: 1.766e-07, t1=0: 3.739e-07, t2=0: 5.760e-08
[2025-07-21 21:35:44] DEBUG - PINN_Graph - Epoch 1000 TOTALS -> PDE: 4.944e-04, Bcs: 4.236e-04, LOSS: 9.180e-04
[2025-07-21 21:35:44] DEBUG - PINN_Graph - Saved weights to log/graph/weights/Step0_layer1_weight.pth
[2025-07-21 21:35:44] DEBUG - PINN_Graph - Switching to L-BFGS optimization...
[2025-07-21 21:35:45] DEBUG - PINN_Graph - Saved weights to log/graph/weights/Step0_layer1_weight.pth
[2025-07-21 21:35:45] DEBUG - PINN_Graph - Layer 2 top-corner displacement: [0.23427113890647888, 0.23456406593322754, -1.0090919733047485]
[2025-07-21 21:35:45] INFO - PINN_Graph - Contact BC pressure: -1.009 from layer 1
[2025-07-21 21:35:45] DEBUG - PINN_Graph - Starting Adam training for layer 0 (1000 epochs, lr=1.0e-03)
[2025-07-21 21:35:45] DEBUG - PINN_Graph - Point counts: inside=512, top=256, bottom=256, front=256, back=256, right=256, left=256
[2025-07-21 21:35:45] DEBUG - PINN_Graph - Inside points shape: (512, 3)
[2025-07-21 21:35:45] DEBUG - PINN_Graph - Top points shape:    (256, 3)
[2025-07-21 21:35:45] DEBUG - PINN_Graph - Bottom points shape: (256, 3)
[2025-07-21 21:35:45] DEBUG - PINN_Graph - Front points shape:  (256, 3)
[2025-07-21 21:35:45] DEBUG - PINN_Graph - Back points shape:   (256, 3)
[2025-07-21 21:35:45] DEBUG - PINN_Graph - Right points shape:  (256, 3)
[2025-07-21 21:35:45] DEBUG - PINN_Graph - Left points shape:   (256, 3)
[2025-07-21 21:35:50] DEBUG - PINN_Graph - Epoch 50 PDE terms: [1: 1.078e-05, 2: 7.485e-06, 3: 2.388e-04, 4: 3.837e-05, 5: 3.352e-05, 6: 1.332e-04, 7: 3.652e-06, 8: 2.012e-05, 9: 1.907e-05]
[2025-07-21 21:35:50] DEBUG - PINN_Graph - Epoch  50 boundary top    loss: 4.044e-04 | szz=pressure: 3.491e-04, syz=0: 2.695e-05, szx=0: 2.839e-05
[2025-07-21 21:35:51] DEBUG - PINN_Graph - Epoch  50 boundary front  loss: 6.843e-05 | sxx=0: 5.153e-05, sxy=0: 5.188e-06, szx=0: 1.172e-05
[2025-07-21 21:35:51] DEBUG - PINN_Graph - Epoch  50 boundary back   loss: 1.271e-05 | u=0: 9.676e-07, sxy=0: 1.017e-06, szx=0: 1.073e-05
[2025-07-21 21:35:51] DEBUG - PINN_Graph - Epoch  50 boundary right  loss: 4.741e-05 | syy=0: 3.201e-05, sxy=0: 2.908e-06, syz=0: 1.249e-05
[2025-07-21 21:35:51] DEBUG - PINN_Graph - Epoch  50 boundary left   loss: 1.093e-05 | v=0: 2.726e-07, sxy=0: 2.098e-06, syz=0: 8.558e-06
[2025-07-21 21:35:51] DEBUG - PINN_Graph - Epoch  50 boundary bottom loss: 9.387e-06 | gn=0: 1.758e-06, t1=0: 3.501e-06, t2=0: 4.128e-06
[2025-07-21 21:35:51] DEBUG - PINN_Graph - Epoch 50 TOTALS -> PDE: 5.050e-04, Bcs: 5.533e-04, LOSS: 1.058e-03
[2025-07-21 21:35:56] DEBUG - PINN_Graph - Epoch 100 PDE terms: [1: 1.029e-05, 2: 6.657e-06, 3: 2.371e-04, 4: 2.390e-05, 5: 1.866e-05, 6: 8.958e-05, 7: 3.108e-06, 8: 1.057e-05, 9: 1.110e-05]
[2025-07-21 21:35:56] DEBUG - PINN_Graph - Epoch 100 boundary top    loss: 2.532e-04 | szz=pressure: 2.087e-04, syz=0: 2.467e-05, szx=0: 1.979e-05
[2025-07-21 21:35:56] DEBUG - PINN_Graph - Epoch 100 boundary front  loss: 6.135e-05 | sxx=0: 4.388e-05, sxy=0: 4.662e-06, szx=0: 1.281e-05
[2025-07-21 21:35:56] DEBUG - PINN_Graph - Epoch 100 boundary back   loss: 8.633e-06 | u=0: 1.501e-07, sxy=0: 9.834e-07, szx=0: 7.500e-06
[2025-07-21 21:35:56] DEBUG - PINN_Graph - Epoch 100 boundary right  loss: 3.816e-05 | syy=0: 2.540e-05, sxy=0: 3.461e-06, syz=0: 9.302e-06
[2025-07-21 21:35:56] DEBUG - PINN_Graph - Epoch 100 boundary left   loss: 1.009e-05 | v=0: 2.526e-07, sxy=0: 1.990e-06, syz=0: 7.845e-06
[2025-07-21 21:35:56] DEBUG - PINN_Graph - Epoch 100 boundary bottom loss: 2.785e-07 | gn=0: 1.417e-07, t1=0: 4.453e-08, t2=0: 9.223e-08
[2025-07-21 21:35:56] DEBUG - PINN_Graph - Epoch 100 TOTALS -> PDE: 4.110e-04, Bcs: 3.717e-04, LOSS: 7.827e-04
[2025-07-21 21:36:02] DEBUG - PINN_Graph - Epoch 150 PDE terms: [1: 1.070e-05, 2: 7.020e-06, 3: 2.396e-04, 4: 2.551e-05, 5: 1.974e-05, 6: 9.755e-05, 7: 2.596e-06, 8: 1.020e-05, 9: 1.111e-05]
[2025-07-21 21:36:02] DEBUG - PINN_Graph - Epoch 150 boundary top    loss: 2.755e-04 | szz=pressure: 2.256e-04, syz=0: 2.400e-05, szx=0: 2.591e-05
[2025-07-21 21:36:02] DEBUG - PINN_Graph - Epoch 150 boundary front  loss: 5.842e-05 | sxx=0: 4.269e-05, sxy=0: 4.489e-06, szx=0: 1.124e-05
[2025-07-21 21:36:02] DEBUG - PINN_Graph - Epoch 150 boundary back   loss: 1.078e-05 | u=0: 1.933e-07, sxy=0: 9.955e-07, szx=0: 9.589e-06
[2025-07-21 21:36:02] DEBUG - PINN_Graph - Epoch 150 boundary right  loss: 3.994e-05 | syy=0: 2.774e-05, sxy=0: 3.171e-06, syz=0: 9.022e-06
[2025-07-21 21:36:02] DEBUG - PINN_Graph - Epoch 150 boundary left   loss: 8.017e-06 | v=0: 1.180e-07, sxy=0: 1.757e-06, syz=0: 6.142e-06
[2025-07-21 21:36:02] DEBUG - PINN_Graph - Epoch 150 boundary bottom loss: 8.283e-07 | gn=0: 5.342e-07, t1=0: 7.801e-08, t2=0: 2.161e-07
[2025-07-21 21:36:02] DEBUG - PINN_Graph - Epoch 150 TOTALS -> PDE: 4.240e-04, Bcs: 3.935e-04, LOSS: 8.175e-04
[2025-07-21 21:36:08] DEBUG - PINN_Graph - Epoch 200 PDE terms: [1: 9.715e-06, 2: 7.079e-06, 3: 2.463e-04, 4: 2.684e-05, 5: 2.107e-05, 6: 1.013e-04, 7: 2.579e-06, 8: 1.032e-05, 9: 1.149e-05]
[2025-07-21 21:36:08] DEBUG - PINN_Graph - Epoch 200 boundary top    loss: 3.073e-04 | szz=pressure: 2.595e-04, syz=0: 2.297e-05, szx=0: 2.479e-05
[2025-07-21 21:36:08] DEBUG - PINN_Graph - Epoch 200 boundary front  loss: 5.945e-05 | sxx=0: 3.998e-05, sxy=0: 4.617e-06, szx=0: 1.486e-05
[2025-07-21 21:36:08] DEBUG - PINN_Graph - Epoch 200 boundary back   loss: 9.407e-06 | u=0: 1.794e-07, sxy=0: 9.023e-07, szx=0: 8.325e-06
[2025-07-21 21:36:08] DEBUG - PINN_Graph - Epoch 200 boundary right  loss: 3.624e-05 | syy=0: 2.444e-05, sxy=0: 3.064e-06, syz=0: 8.742e-06
[2025-07-21 21:36:08] DEBUG - PINN_Graph - Epoch 200 boundary left   loss: 8.872e-06 | v=0: 5.321e-08, sxy=0: 1.917e-06, syz=0: 6.902e-06
[2025-07-21 21:36:08] DEBUG - PINN_Graph - Epoch 200 boundary bottom loss: 2.420e-07 | gn=0: 8.776e-08, t1=0: 4.740e-08, t2=0: 1.069e-07
[2025-07-21 21:36:08] DEBUG - PINN_Graph - Epoch 200 TOTALS -> PDE: 4.367e-04, Bcs: 4.215e-04, LOSS: 8.582e-04
[2025-07-21 21:36:14] DEBUG - PINN_Graph - Epoch 250 PDE terms: [1: 9.833e-06, 2: 7.030e-06, 3: 2.504e-04, 4: 2.522e-05, 5: 1.961e-05, 6: 9.597e-05, 7: 2.528e-06, 8: 9.901e-06, 9: 1.145e-05]
[2025-07-21 21:36:14] DEBUG - PINN_Graph - Epoch 250 boundary top    loss: 3.124e-04 | szz=pressure: 2.583e-04, syz=0: 2.538e-05, szx=0: 2.868e-05
[2025-07-21 21:36:14] DEBUG - PINN_Graph - Epoch 250 boundary front  loss: 5.396e-05 | sxx=0: 3.869e-05, sxy=0: 3.875e-06, szx=0: 1.139e-05
[2025-07-21 21:36:14] DEBUG - PINN_Graph - Epoch 250 boundary back   loss: 8.860e-06 | u=0: 1.403e-07, sxy=0: 7.643e-07, szx=0: 7.956e-06
[2025-07-21 21:36:14] DEBUG - PINN_Graph - Epoch 250 boundary right  loss: 3.754e-05 | syy=0: 2.703e-05, sxy=0: 2.633e-06, syz=0: 7.872e-06
[2025-07-21 21:36:14] DEBUG - PINN_Graph - Epoch 250 boundary left   loss: 1.155e-05 | v=0: 6.507e-08, sxy=0: 1.812e-06, syz=0: 9.669e-06
[2025-07-21 21:36:14] DEBUG - PINN_Graph - Epoch 250 boundary bottom loss: 2.177e-07 | gn=0: 1.341e-07, t1=0: 4.750e-08, t2=0: 3.609e-08
[2025-07-21 21:36:14] DEBUG - PINN_Graph - Epoch 250 TOTALS -> PDE: 4.319e-04, Bcs: 4.245e-04, LOSS: 8.564e-04
[2025-07-21 21:36:19] DEBUG - PINN_Graph - Epoch 300 PDE terms: [1: 9.792e-06, 2: 6.980e-06, 3: 2.424e-04, 4: 2.685e-05, 5: 2.034e-05, 6: 9.833e-05, 7: 2.706e-06, 8: 9.106e-06, 9: 1.117e-05]
[2025-07-21 21:36:19] DEBUG - PINN_Graph - Epoch 300 boundary top    loss: 2.880e-04 | szz=pressure: 2.356e-04, syz=0: 2.396e-05, szx=0: 2.844e-05
[2025-07-21 21:36:19] DEBUG - PINN_Graph - Epoch 300 boundary front  loss: 6.587e-05 | sxx=0: 5.052e-05, sxy=0: 4.330e-06, szx=0: 1.101e-05
[2025-07-21 21:36:19] DEBUG - PINN_Graph - Epoch 300 boundary back   loss: 9.221e-06 | u=0: 1.787e-07, sxy=0: 9.729e-07, szx=0: 8.070e-06
[2025-07-21 21:36:19] DEBUG - PINN_Graph - Epoch 300 boundary right  loss: 3.328e-05 | syy=0: 2.098e-05, sxy=0: 3.236e-06, syz=0: 9.067e-06
[2025-07-21 21:36:19] DEBUG - PINN_Graph - Epoch 300 boundary left   loss: 9.055e-06 | v=0: 6.253e-08, sxy=0: 1.571e-06, syz=0: 7.421e-06
[2025-07-21 21:36:19] DEBUG - PINN_Graph - Epoch 300 boundary bottom loss: 2.646e-07 | gn=0: 1.267e-07, t1=0: 9.034e-08, t2=0: 4.754e-08
[2025-07-21 21:36:19] DEBUG - PINN_Graph - Epoch 300 TOTALS -> PDE: 4.277e-04, Bcs: 4.057e-04, LOSS: 8.334e-04
[2025-07-21 21:36:25] DEBUG - PINN_Graph - Epoch 350 PDE terms: [1: 1.057e-05, 2: 7.288e-06, 3: 2.536e-04, 4: 2.516e-05, 5: 1.989e-05, 6: 9.807e-05, 7: 2.605e-06, 8: 1.107e-05, 9: 1.054e-05]
[2025-07-21 21:36:25] DEBUG - PINN_Graph - Epoch 350 boundary top    loss: 2.842e-04 | szz=pressure: 2.411e-04, syz=0: 1.955e-05, szx=0: 2.351e-05
[2025-07-21 21:36:25] DEBUG - PINN_Graph - Epoch 350 boundary front  loss: 5.364e-05 | sxx=0: 3.700e-05, sxy=0: 4.300e-06, szx=0: 1.234e-05
[2025-07-21 21:36:25] DEBUG - PINN_Graph - Epoch 350 boundary back   loss: 8.760e-06 | u=0: 2.407e-07, sxy=0: 1.031e-06, szx=0: 7.488e-06
[2025-07-21 21:36:25] DEBUG - PINN_Graph - Epoch 350 boundary right  loss: 3.803e-05 | syy=0: 2.546e-05, sxy=0: 3.209e-06, syz=0: 9.365e-06
[2025-07-21 21:36:25] DEBUG - PINN_Graph - Epoch 350 boundary left   loss: 9.287e-06 | v=0: 7.305e-08, sxy=0: 1.829e-06, syz=0: 7.385e-06
[2025-07-21 21:36:25] DEBUG - PINN_Graph - Epoch 350 boundary bottom loss: 4.361e-07 | gn=0: 2.328e-07, t1=0: 1.228e-07, t2=0: 8.051e-08
[2025-07-21 21:36:25] DEBUG - PINN_Graph - Epoch 350 TOTALS -> PDE: 4.388e-04, Bcs: 3.943e-04, LOSS: 8.331e-04
[2025-07-21 21:36:30] DEBUG - PINN_Graph - Epoch 400 PDE terms: [1: 1.004e-05, 2: 6.664e-06, 3: 2.440e-04, 4: 2.591e-05, 5: 1.961e-05, 6: 9.685e-05, 7: 2.543e-06, 8: 9.053e-06, 9: 1.046e-05]
[2025-07-21 21:36:30] DEBUG - PINN_Graph - Epoch 400 boundary top    loss: 2.944e-04 | szz=pressure: 2.515e-04, syz=0: 1.964e-05, szx=0: 2.327e-05
[2025-07-21 21:36:30] DEBUG - PINN_Graph - Epoch 400 boundary front  loss: 6.082e-05 | sxx=0: 4.239e-05, sxy=0: 5.030e-06, szx=0: 1.340e-05
[2025-07-21 21:36:30] DEBUG - PINN_Graph - Epoch 400 boundary back   loss: 8.826e-06 | u=0: 1.947e-07, sxy=0: 9.625e-07, szx=0: 7.668e-06
[2025-07-21 21:36:30] DEBUG - PINN_Graph - Epoch 400 boundary right  loss: 3.869e-05 | syy=0: 2.622e-05, sxy=0: 3.067e-06, syz=0: 9.394e-06
[2025-07-21 21:36:30] DEBUG - PINN_Graph - Epoch 400 boundary left   loss: 9.381e-06 | v=0: 6.948e-08, sxy=0: 1.908e-06, syz=0: 7.403e-06
[2025-07-21 21:36:30] DEBUG - PINN_Graph - Epoch 400 boundary bottom loss: 3.446e-07 | gn=0: 1.676e-07, t1=0: 4.483e-08, t2=0: 1.322e-07
[2025-07-21 21:36:30] DEBUG - PINN_Graph - Epoch 400 TOTALS -> PDE: 4.252e-04, Bcs: 4.125e-04, LOSS: 8.376e-04
[2025-07-21 21:36:36] DEBUG - PINN_Graph - Epoch 450 PDE terms: [1: 1.007e-05, 2: 6.725e-06, 3: 2.476e-04, 4: 2.751e-05, 5: 2.008e-05, 6: 1.048e-04, 7: 2.779e-06, 8: 9.429e-06, 9: 1.129e-05]
[2025-07-21 21:36:36] DEBUG - PINN_Graph - Epoch 450 boundary top    loss: 3.179e-04 | szz=pressure: 2.705e-04, syz=0: 2.232e-05, szx=0: 2.512e-05
[2025-07-21 21:36:36] DEBUG - PINN_Graph - Epoch 450 boundary front  loss: 4.978e-05 | sxx=0: 3.560e-05, sxy=0: 4.279e-06, szx=0: 9.902e-06
[2025-07-21 21:36:36] DEBUG - PINN_Graph - Epoch 450 boundary back   loss: 7.711e-06 | u=0: 1.552e-07, sxy=0: 9.986e-07, szx=0: 6.557e-06
[2025-07-21 21:36:36] DEBUG - PINN_Graph - Epoch 450 boundary right  loss: 4.089e-05 | syy=0: 2.601e-05, sxy=0: 4.108e-06, syz=0: 1.077e-05
[2025-07-21 21:36:36] DEBUG - PINN_Graph - Epoch 450 boundary left   loss: 9.422e-06 | v=0: 6.971e-08, sxy=0: 2.000e-06, syz=0: 7.352e-06
[2025-07-21 21:36:36] DEBUG - PINN_Graph - Epoch 450 boundary bottom loss: 7.309e-07 | gn=0: 6.114e-07, t1=0: 1.729e-08, t2=0: 1.021e-07
[2025-07-21 21:36:36] DEBUG - PINN_Graph - Epoch 450 TOTALS -> PDE: 4.402e-04, Bcs: 4.265e-04, LOSS: 8.667e-04
[2025-07-21 21:36:42] DEBUG - PINN_Graph - Epoch 500 PDE terms: [1: 1.000e-05, 2: 6.947e-06, 3: 2.871e-04, 4: 2.885e-05, 5: 2.423e-05, 6: 1.047e-04, 7: 2.705e-06, 8: 9.448e-06, 9: 1.132e-05]
[2025-07-21 21:36:42] DEBUG - PINN_Graph - Epoch 500 boundary top    loss: 2.856e-04 | szz=pressure: 2.298e-04, syz=0: 2.530e-05, szx=0: 3.057e-05
[2025-07-21 21:36:42] DEBUG - PINN_Graph - Epoch 500 boundary front  loss: 6.176e-05 | sxx=0: 4.476e-05, sxy=0: 4.677e-06, szx=0: 1.233e-05
[2025-07-21 21:36:42] DEBUG - PINN_Graph - Epoch 500 boundary back   loss: 9.252e-06 | u=0: 2.260e-07, sxy=0: 9.831e-07, szx=0: 8.043e-06
[2025-07-21 21:36:42] DEBUG - PINN_Graph - Epoch 500 boundary right  loss: 4.013e-05 | syy=0: 2.658e-05, sxy=0: 3.780e-06, syz=0: 9.770e-06
[2025-07-21 21:36:42] DEBUG - PINN_Graph - Epoch 500 boundary left   loss: 8.947e-06 | v=0: 9.327e-08, sxy=0: 1.722e-06, syz=0: 7.131e-06
[2025-07-21 21:36:42] DEBUG - PINN_Graph - Epoch 500 boundary bottom loss: 4.856e-07 | gn=0: 3.761e-07, t1=0: 8.527e-08, t2=0: 2.426e-08
[2025-07-21 21:36:42] DEBUG - PINN_Graph - Epoch 500 TOTALS -> PDE: 4.853e-04, Bcs: 4.062e-04, LOSS: 8.915e-04
[2025-07-21 21:36:47] DEBUG - PINN_Graph - Epoch 550 PDE terms: [1: 9.906e-06, 2: 7.531e-06, 3: 2.731e-04, 4: 2.573e-05, 5: 1.958e-05, 6: 9.902e-05, 7: 2.484e-06, 8: 1.040e-05, 9: 1.159e-05]
[2025-07-21 21:36:47] DEBUG - PINN_Graph - Epoch 550 boundary top    loss: 2.865e-04 | szz=pressure: 2.425e-04, syz=0: 2.122e-05, szx=0: 2.279e-05
[2025-07-21 21:36:47] DEBUG - PINN_Graph - Epoch 550 boundary front  loss: 6.216e-05 | sxx=0: 4.244e-05, sxy=0: 3.913e-06, szx=0: 1.580e-05
[2025-07-21 21:36:47] DEBUG - PINN_Graph - Epoch 550 boundary back   loss: 1.061e-05 | u=0: 1.385e-07, sxy=0: 9.802e-07, szx=0: 9.494e-06
[2025-07-21 21:36:47] DEBUG - PINN_Graph - Epoch 550 boundary right  loss: 4.021e-05 | syy=0: 2.689e-05, sxy=0: 3.247e-06, syz=0: 1.008e-05
[2025-07-21 21:36:47] DEBUG - PINN_Graph - Epoch 550 boundary left   loss: 1.192e-05 | v=0: 3.141e-07, sxy=0: 1.721e-06, syz=0: 9.882e-06
[2025-07-21 21:36:47] DEBUG - PINN_Graph - Epoch 550 boundary bottom loss: 8.496e-07 | gn=0: 7.384e-07, t1=0: 8.656e-08, t2=0: 2.459e-08
[2025-07-21 21:36:47] DEBUG - PINN_Graph - Epoch 550 TOTALS -> PDE: 4.593e-04, Bcs: 4.123e-04, LOSS: 8.716e-04
[2025-07-21 21:36:53] DEBUG - PINN_Graph - Epoch 600 PDE terms: [1: 9.959e-06, 2: 6.496e-06, 3: 2.510e-04, 4: 3.050e-05, 5: 2.346e-05, 6: 1.080e-04, 7: 2.511e-06, 8: 9.114e-06, 9: 1.096e-05]
[2025-07-21 21:36:53] DEBUG - PINN_Graph - Epoch 600 boundary top    loss: 3.104e-04 | szz=pressure: 2.642e-04, syz=0: 2.525e-05, szx=0: 2.087e-05
[2025-07-21 21:36:53] DEBUG - PINN_Graph - Epoch 600 boundary front  loss: 5.985e-05 | sxx=0: 4.306e-05, sxy=0: 3.866e-06, szx=0: 1.293e-05
[2025-07-21 21:36:53] DEBUG - PINN_Graph - Epoch 600 boundary back   loss: 8.581e-06 | u=0: 2.010e-07, sxy=0: 8.676e-07, szx=0: 7.512e-06
[2025-07-21 21:36:53] DEBUG - PINN_Graph - Epoch 600 boundary right  loss: 3.978e-05 | syy=0: 2.774e-05, sxy=0: 3.288e-06, syz=0: 8.752e-06
[2025-07-21 21:36:53] DEBUG - PINN_Graph - Epoch 600 boundary left   loss: 1.028e-05 | v=0: 9.066e-08, sxy=0: 1.976e-06, syz=0: 8.213e-06
[2025-07-21 21:36:53] DEBUG - PINN_Graph - Epoch 600 boundary bottom loss: 3.212e-07 | gn=0: 2.702e-07, t1=0: 2.933e-08, t2=0: 2.171e-08
[2025-07-21 21:36:53] DEBUG - PINN_Graph - Epoch 600 TOTALS -> PDE: 4.520e-04, Bcs: 4.292e-04, LOSS: 8.812e-04
[2025-07-21 21:36:59] DEBUG - PINN_Graph - Epoch 650 PDE terms: [1: 9.870e-06, 2: 6.606e-06, 3: 2.453e-04, 4: 2.939e-05, 5: 2.242e-05, 6: 1.094e-04, 7: 2.595e-06, 8: 1.010e-05, 9: 9.925e-06]
[2025-07-21 21:36:59] DEBUG - PINN_Graph - Epoch 650 boundary top    loss: 3.047e-04 | szz=pressure: 2.571e-04, syz=0: 2.318e-05, szx=0: 2.437e-05
[2025-07-21 21:36:59] DEBUG - PINN_Graph - Epoch 650 boundary front  loss: 7.045e-05 | sxx=0: 5.340e-05, sxy=0: 5.451e-06, szx=0: 1.160e-05
[2025-07-21 21:36:59] DEBUG - PINN_Graph - Epoch 650 boundary back   loss: 9.125e-06 | u=0: 2.343e-07, sxy=0: 9.066e-07, szx=0: 7.984e-06
[2025-07-21 21:36:59] DEBUG - PINN_Graph - Epoch 650 boundary right  loss: 4.081e-05 | syy=0: 2.857e-05, sxy=0: 2.506e-06, syz=0: 9.736e-06
[2025-07-21 21:36:59] DEBUG - PINN_Graph - Epoch 650 boundary left   loss: 9.029e-06 | v=0: 1.467e-07, sxy=0: 1.748e-06, syz=0: 7.135e-06
[2025-07-21 21:36:59] DEBUG - PINN_Graph - Epoch 650 boundary bottom loss: 3.718e-07 | gn=0: 2.840e-07, t1=0: 3.407e-08, t2=0: 5.366e-08
[2025-07-21 21:36:59] DEBUG - PINN_Graph - Epoch 650 TOTALS -> PDE: 4.456e-04, Bcs: 4.345e-04, LOSS: 8.801e-04
[2025-07-21 21:37:04] DEBUG - PINN_Graph - Epoch 700 PDE terms: [1: 1.030e-05, 2: 6.970e-06, 3: 2.603e-04, 4: 2.655e-05, 5: 2.128e-05, 6: 1.132e-04, 7: 2.344e-06, 8: 1.052e-05, 9: 1.244e-05]
[2025-07-21 21:37:04] DEBUG - PINN_Graph - Epoch 700 boundary top    loss: 3.169e-04 | szz=pressure: 2.679e-04, syz=0: 2.460e-05, szx=0: 2.441e-05
[2025-07-21 21:37:04] DEBUG - PINN_Graph - Epoch 700 boundary front  loss: 5.737e-05 | sxx=0: 4.096e-05, sxy=0: 3.950e-06, szx=0: 1.246e-05
[2025-07-21 21:37:04] DEBUG - PINN_Graph - Epoch 700 boundary back   loss: 1.115e-05 | u=0: 5.113e-07, sxy=0: 9.989e-07, szx=0: 9.635e-06
[2025-07-21 21:37:04] DEBUG - PINN_Graph - Epoch 700 boundary right  loss: 3.833e-05 | syy=0: 2.555e-05, sxy=0: 3.666e-06, syz=0: 9.115e-06
[2025-07-21 21:37:04] DEBUG - PINN_Graph - Epoch 700 boundary left   loss: 1.167e-05 | v=0: 1.056e-07, sxy=0: 1.936e-06, syz=0: 9.628e-06
[2025-07-21 21:37:04] DEBUG - PINN_Graph - Epoch 700 boundary bottom loss: 1.338e-06 | gn=0: 1.216e-06, t1=0: 9.426e-08, t2=0: 2.728e-08
[2025-07-21 21:37:04] DEBUG - PINN_Graph - Epoch 700 TOTALS -> PDE: 4.639e-04, Bcs: 4.367e-04, LOSS: 9.007e-04
[2025-07-21 21:37:10] DEBUG - PINN_Graph - Epoch 750 PDE terms: [1: 1.062e-05, 2: 6.385e-06, 3: 2.412e-04, 4: 3.047e-05, 5: 2.421e-05, 6: 1.126e-04, 7: 2.570e-06, 8: 1.005e-05, 9: 1.119e-05]
[2025-07-21 21:37:10] DEBUG - PINN_Graph - Epoch 750 boundary top    loss: 3.071e-04 | szz=pressure: 2.573e-04, syz=0: 2.160e-05, szx=0: 2.827e-05
[2025-07-21 21:37:10] DEBUG - PINN_Graph - Epoch 750 boundary front  loss: 6.476e-05 | sxx=0: 4.866e-05, sxy=0: 3.880e-06, szx=0: 1.222e-05
[2025-07-21 21:37:10] DEBUG - PINN_Graph - Epoch 750 boundary back   loss: 9.086e-06 | u=0: 1.855e-07, sxy=0: 1.000e-06, szx=0: 7.900e-06
[2025-07-21 21:37:10] DEBUG - PINN_Graph - Epoch 750 boundary right  loss: 4.192e-05 | syy=0: 2.993e-05, sxy=0: 2.872e-06, syz=0: 9.118e-06
[2025-07-21 21:37:10] DEBUG - PINN_Graph - Epoch 750 boundary left   loss: 8.673e-06 | v=0: 8.208e-08, sxy=0: 1.506e-06, syz=0: 7.085e-06
[2025-07-21 21:37:10] DEBUG - PINN_Graph - Epoch 750 boundary bottom loss: 2.756e-06 | gn=0: 2.112e-06, t1=0: 5.634e-07, t2=0: 8.047e-08
[2025-07-21 21:37:10] DEBUG - PINN_Graph - Epoch 750 TOTALS -> PDE: 4.493e-04, Bcs: 4.343e-04, LOSS: 8.836e-04
[2025-07-21 21:37:15] DEBUG - PINN_Graph - Epoch 800 PDE terms: [1: 1.051e-05, 2: 6.590e-06, 3: 2.718e-04, 4: 2.613e-05, 5: 2.097e-05, 6: 1.059e-04, 7: 2.581e-06, 8: 1.032e-05, 9: 1.207e-05]
[2025-07-21 21:37:15] DEBUG - PINN_Graph - Epoch 800 boundary top    loss: 2.886e-04 | szz=pressure: 2.424e-04, syz=0: 2.067e-05, szx=0: 2.554e-05
[2025-07-21 21:37:15] DEBUG - PINN_Graph - Epoch 800 boundary front  loss: 5.614e-05 | sxx=0: 3.774e-05, sxy=0: 4.028e-06, szx=0: 1.437e-05
[2025-07-21 21:37:15] DEBUG - PINN_Graph - Epoch 800 boundary back   loss: 1.004e-05 | u=0: 1.455e-07, sxy=0: 9.725e-07, szx=0: 8.918e-06
[2025-07-21 21:37:15] DEBUG - PINN_Graph - Epoch 800 boundary right  loss: 4.238e-05 | syy=0: 2.752e-05, sxy=0: 3.812e-06, syz=0: 1.104e-05
[2025-07-21 21:37:15] DEBUG - PINN_Graph - Epoch 800 boundary left   loss: 1.102e-05 | v=0: 2.638e-07, sxy=0: 1.700e-06, syz=0: 9.052e-06
[2025-07-21 21:37:15] DEBUG - PINN_Graph - Epoch 800 boundary bottom loss: 7.237e-07 | gn=0: 4.334e-07, t1=0: 1.747e-08, t2=0: 2.728e-07
[2025-07-21 21:37:15] DEBUG - PINN_Graph - Epoch 800 TOTALS -> PDE: 4.669e-04, Bcs: 4.089e-04, LOSS: 8.758e-04
[2025-07-21 21:37:21] DEBUG - PINN_Graph - Epoch 850 PDE terms: [1: 9.895e-06, 2: 6.353e-06, 3: 2.587e-04, 4: 2.487e-05, 5: 1.951e-05, 6: 9.831e-05, 7: 2.405e-06, 8: 8.962e-06, 9: 1.066e-05]
[2025-07-21 21:37:21] DEBUG - PINN_Graph - Epoch 850 boundary top    loss: 3.158e-04 | szz=pressure: 2.707e-04, syz=0: 2.294e-05, szx=0: 2.214e-05
[2025-07-21 21:37:21] DEBUG - PINN_Graph - Epoch 850 boundary front  loss: 5.479e-05 | sxx=0: 4.062e-05, sxy=0: 3.672e-06, szx=0: 1.050e-05
[2025-07-21 21:37:21] DEBUG - PINN_Graph - Epoch 850 boundary back   loss: 9.369e-06 | u=0: 5.154e-07, sxy=0: 1.082e-06, szx=0: 7.771e-06
[2025-07-21 21:37:21] DEBUG - PINN_Graph - Epoch 850 boundary right  loss: 4.269e-05 | syy=0: 2.942e-05, sxy=0: 3.269e-06, syz=0: 1.000e-05
[2025-07-21 21:37:21] DEBUG - PINN_Graph - Epoch 850 boundary left   loss: 9.196e-06 | v=0: 1.182e-07, sxy=0: 1.626e-06, syz=0: 7.451e-06
[2025-07-21 21:37:21] DEBUG - PINN_Graph - Epoch 850 boundary bottom loss: 5.571e-07 | gn=0: 1.433e-07, t1=0: 3.750e-08, t2=0: 3.764e-07
[2025-07-21 21:37:21] DEBUG - PINN_Graph - Epoch 850 TOTALS -> PDE: 4.397e-04, Bcs: 4.324e-04, LOSS: 8.720e-04
[2025-07-21 21:37:26] DEBUG - PINN_Graph - Epoch 900 PDE terms: [1: 9.757e-06, 2: 6.658e-06, 3: 2.492e-04, 4: 2.758e-05, 5: 2.102e-05, 6: 1.055e-04, 7: 2.651e-06, 8: 1.069e-05, 9: 1.152e-05]
[2025-07-21 21:37:26] DEBUG - PINN_Graph - Epoch 900 boundary top    loss: 2.835e-04 | szz=pressure: 2.373e-04, syz=0: 2.345e-05, szx=0: 2.277e-05
[2025-07-21 21:37:26] DEBUG - PINN_Graph - Epoch 900 boundary front  loss: 6.124e-05 | sxx=0: 4.422e-05, sxy=0: 4.476e-06, szx=0: 1.255e-05
[2025-07-21 21:37:26] DEBUG - PINN_Graph - Epoch 900 boundary back   loss: 1.101e-05 | u=0: 2.095e-07, sxy=0: 7.613e-07, szx=0: 1.004e-05
[2025-07-21 21:37:26] DEBUG - PINN_Graph - Epoch 900 boundary right  loss: 3.880e-05 | syy=0: 2.370e-05, sxy=0: 3.393e-06, syz=0: 1.171e-05
[2025-07-21 21:37:26] DEBUG - PINN_Graph - Epoch 900 boundary left   loss: 1.022e-05 | v=0: 6.498e-08, sxy=0: 1.630e-06, syz=0: 8.528e-06
[2025-07-21 21:37:26] DEBUG - PINN_Graph - Epoch 900 boundary bottom loss: 3.965e-07 | gn=0: 1.800e-07, t1=0: 5.157e-08, t2=0: 1.649e-07
[2025-07-21 21:37:26] DEBUG - PINN_Graph - Epoch 900 TOTALS -> PDE: 4.445e-04, Bcs: 4.052e-04, LOSS: 8.497e-04
[2025-07-21 21:37:32] DEBUG - PINN_Graph - Epoch 950 PDE terms: [1: 9.930e-06, 2: 6.938e-06, 3: 2.247e-04, 4: 2.487e-05, 5: 1.966e-05, 6: 1.117e-04, 7: 2.418e-06, 8: 1.014e-05, 9: 1.058e-05]
[2025-07-21 21:37:32] DEBUG - PINN_Graph - Epoch 950 boundary top    loss: 2.905e-04 | szz=pressure: 2.441e-04, syz=0: 2.199e-05, szx=0: 2.442e-05
[2025-07-21 21:37:32] DEBUG - PINN_Graph - Epoch 950 boundary front  loss: 6.129e-05 | sxx=0: 4.522e-05, sxy=0: 4.029e-06, szx=0: 1.204e-05
[2025-07-21 21:37:32] DEBUG - PINN_Graph - Epoch 950 boundary back   loss: 8.282e-06 | u=0: 1.365e-07, sxy=0: 9.696e-07, szx=0: 7.176e-06
[2025-07-21 21:37:32] DEBUG - PINN_Graph - Epoch 950 boundary right  loss: 3.157e-05 | syy=0: 2.119e-05, sxy=0: 3.071e-06, syz=0: 7.312e-06
[2025-07-21 21:37:32] DEBUG - PINN_Graph - Epoch 950 boundary left   loss: 9.827e-06 | v=0: 1.369e-07, sxy=0: 2.015e-06, syz=0: 7.674e-06
[2025-07-21 21:37:32] DEBUG - PINN_Graph - Epoch 950 boundary bottom loss: 5.951e-06 | gn=0: 5.308e-06, t1=0: 4.577e-07, t2=0: 1.850e-07
[2025-07-21 21:37:32] DEBUG - PINN_Graph - Epoch 950 TOTALS -> PDE: 4.209e-04, Bcs: 4.074e-04, LOSS: 8.283e-04
[2025-07-21 21:37:37] DEBUG - PINN_Graph - Epoch 1000 PDE terms: [1: 9.240e-06, 2: 7.220e-06, 3: 2.490e-04, 4: 2.554e-05, 5: 1.940e-05, 6: 9.412e-05, 7: 2.368e-06, 8: 9.853e-06, 9: 1.049e-05]
[2025-07-21 21:37:37] DEBUG - PINN_Graph - Epoch 1000 boundary top    loss: 2.728e-04 | szz=pressure: 2.263e-04, syz=0: 2.413e-05, szx=0: 2.241e-05
[2025-07-21 21:37:37] DEBUG - PINN_Graph - Epoch 1000 boundary front  loss: 5.799e-05 | sxx=0: 4.270e-05, sxy=0: 4.249e-06, szx=0: 1.104e-05
[2025-07-21 21:37:37] DEBUG - PINN_Graph - Epoch 1000 boundary back   loss: 9.369e-06 | u=0: 2.078e-07, sxy=0: 9.582e-07, szx=0: 8.203e-06
[2025-07-21 21:37:37] DEBUG - PINN_Graph - Epoch 1000 boundary right  loss: 3.885e-05 | syy=0: 2.625e-05, sxy=0: 2.810e-06, syz=0: 9.790e-06
[2025-07-21 21:37:37] DEBUG - PINN_Graph - Epoch 1000 boundary left   loss: 8.898e-06 | v=0: 6.476e-08, sxy=0: 2.128e-06, syz=0: 6.705e-06
[2025-07-21 21:37:37] DEBUG - PINN_Graph - Epoch 1000 boundary bottom loss: 3.324e-06 | gn=0: 3.200e-06, t1=0: 2.898e-08, t2=0: 9.508e-08
[2025-07-21 21:37:37] DEBUG - PINN_Graph - Epoch 1000 TOTALS -> PDE: 4.272e-04, Bcs: 3.913e-04, LOSS: 8.185e-04
[2025-07-21 21:37:37] DEBUG - PINN_Graph - Saved weights to log/graph/weights/Step0_layer0_weight.pth
[2025-07-21 21:37:37] DEBUG - PINN_Graph - Switching to L-BFGS optimization...
[2025-07-21 21:37:38] DEBUG - PINN_Graph - Saved weights to log/graph/weights/Step0_layer0_weight.pth
[2025-07-21 21:37:38] DEBUG - PINN_Graph - Layer 1 top-corner displacement: [0.2340133786201477, 0.2346787452697754, -1.0096784830093384]
[2025-07-21 21:37:54] DEBUG - PINN_Graph - Done. Elapsed time: 21.69 minutes.
